/****************************************************************************
** Resource object code
**
** Created by: The Resource Compiler for Qt version 6.11.0
**
** WARNING! All changes made in this file will be lost!
*****************************************************************************/

#ifdef _MSC_VER
// disable informational message "function ... selected for automatic inline expansion"
#pragma warning (disable: 4711)
#endif

static const unsigned char qt_resource_data[] = {
  // moon.svg
  0x0,0x0,0x1,0xa1,
  0x3c,
  0x21,0x2d,0x2d,0x20,0x40,0x6c,0x69,0x63,0x65,0x6e,0x73,0x65,0x20,0x6c,0x75,0x63,
  0x69,0x64,0x65,0x2d,0x73,0x74,0x61,0x74,0x69,0x63,0x20,0x76,0x31,0x2e,0x33,0x31,
  0x2e,0x30,0x20,0x2d,0x20,0x49,0x53,0x43,0x20,0x2d,0x2d,0x3e,0xd,0xa,0x3c,0x73,
  0x76,0x67,0xd,0xa,0x20,0x20,0x63,0x6c,0x61,0x73,0x73,0x3d,0x22,0x6c,0x75,0x63,
  0x69,0x64,0x65,0x20,0x6c,0x75,0x63,0x69,0x64,0x65,0x2d,0x6d,0x6f,0x6f,0x6e,0x22,
  0xd,0xa,0x20,0x20,0x78,0x6d,0x6c,0x6e,0x73,0x3d,0x22,0x68,0x74,0x74,0x70,0x3a,
  0x2f,0x2f,0x77,0x77,0x77,0x2e,0x77,0x33,0x2e,0x6f,0x72,0x67,0x2f,0x32,0x30,0x30,
  0x30,0x2f,0x73,0x76,0x67,0x22,0xd,0xa,0x20,0x20,0x77,0x69,0x64,0x74,0x68,0x3d,
  0x22,0x32,0x34,0x22,0xd,0xa,0x20,0x20,0x68,0x65,0x69,0x67,0x68,0x74,0x3d,0x22,
  0x32,0x34,0x22,0xd,0xa,0x20,0x20,0x76,0x69,0x65,0x77,0x42,0x6f,0x78,0x3d,0x22,
  0x30,0x20,0x30,0x20,0x32,0x34,0x20,0x32,0x34,0x22,0xd,0xa,0x20,0x20,0x66,0x69,
  0x6c,0x6c,0x3d,0x22,0x6e,0x6f,0x6e,0x65,0x22,0xd,0xa,0x20,0x20,0x73,0x74,0x72,
  0x6f,0x6b,0x65,0x3d,0x22,0x77,0x68,0x69,0x74,0x65,0x22,0xd,0xa,0x20,0x20,0x73,
  0x74,0x72,0x6f,0x6b,0x65,0x2d,0x77,0x69,0x64,0x74,0x68,0x3d,0x22,0x32,0x22,0xd,
  0xa,0x20,0x20,0x73,0x74,0x72,0x6f,0x6b,0x65,0x2d,0x6c,0x69,0x6e,0x65,0x63,0x61,
  0x70,0x3d,0x22,0x72,0x6f,0x75,0x6e,0x64,0x22,0xd,0xa,0x20,0x20,0x73,0x74,0x72,
  0x6f,0x6b,0x65,0x2d,0x6c,0x69,0x6e,0x65,0x6a,0x6f,0x69,0x6e,0x3d,0x22,0x72,0x6f,
  0x75,0x6e,0x64,0x22,0xd,0xa,0x3e,0xd,0xa,0x20,0x20,0x3c,0x70,0x61,0x74,0x68,
  0x20,0x64,0x3d,0x22,0x4d,0x32,0x30,0x2e,0x39,0x38,0x35,0x20,0x31,0x32,0x2e,0x34,
  0x38,0x36,0x61,0x39,0x20,0x39,0x20,0x30,0x20,0x31,0x20,0x31,0x2d,0x39,0x2e,0x34,
  0x37,0x33,0x2d,0x39,0x2e,0x34,0x37,0x32,0x63,0x2e,0x34,0x30,0x35,0x2d,0x2e,0x30,
  0x32,0x32,0x2e,0x36,0x31,0x37,0x2e,0x34,0x36,0x2e,0x34,0x30,0x32,0x2e,0x38,0x30,
  0x33,0x61,0x36,0x20,0x36,0x20,0x30,0x20,0x30,0x20,0x30,0x20,0x38,0x2e,0x32,0x36,
  0x38,0x20,0x38,0x2e,0x32,0x36,0x38,0x63,0x2e,0x33,0x34,0x34,0x2d,0x2e,0x32,0x31,
  0x35,0x2e,0x38,0x32,0x35,0x2d,0x2e,0x30,0x30,0x34,0x2e,0x38,0x30,0x33,0x2e,0x34,
  0x30,0x31,0x22,0x20,0x2f,0x3e,0xd,0xa,0x3c,0x2f,0x73,0x76,0x67,0x3e,0xd,0xa,
  
    // filter.svg
  0x0,0x0,0x1,0xc7,
  0x3c,
  0x21,0x2d,0x2d,0x20,0x40,0x6c,0x69,0x63,0x65,0x6e,0x73,0x65,0x20,0x6c,0x75,0x63,
  0x69,0x64,0x65,0x2d,0x73,0x74,0x61,0x74,0x69,0x63,0x20,0x76,0x31,0x2e,0x33,0x31,
  0x2e,0x30,0x20,0x2d,0x20,0x49,0x53,0x43,0x20,0x2d,0x2d,0x3e,0xd,0xa,0x3c,0x73,
  0x76,0x67,0xd,0xa,0x20,0x20,0x63,0x6c,0x61,0x73,0x73,0x3d,0x22,0x6c,0x75,0x63,
  0x69,0x64,0x65,0x20,0x6c,0x75,0x63,0x69,0x64,0x65,0x2d,0x66,0x69,0x6c,0x74,0x65,
  0x72,0x22,0xd,0xa,0x20,0x20,0x78,0x6d,0x6c,0x6e,0x73,0x3d,0x22,0x68,0x74,0x74,
  0x70,0x3a,0x2f,0x2f,0x77,0x77,0x77,0x2e,0x77,0x33,0x2e,0x6f,0x72,0x67,0x2f,0x32,
  0x30,0x30,0x30,0x2f,0x73,0x76,0x67,0x22,0xd,0xa,0x20,0x20,0x77,0x69,0x64,0x74,
  0x68,0x3d,0x22,0x32,0x34,0x22,0xd,0xa,0x20,0x20,0x68,0x65,0x69,0x67,0x68,0x74,
  0x3d,0x22,0x32,0x34,0x22,0xd,0xa,0x20,0x20,0x76,0x69,0x65,0x77,0x42,0x6f,0x78,
  0x3d,0x22,0x30,0x20,0x30,0x20,0x32,0x34,0x20,0x32,0x34,0x22,0xd,0xa,0x20,0x20,
  0x66,0x69,0x6c,0x6c,0x3d,0x22,0x6e,0x6f,0x6e,0x65,0x22,0xd,0xa,0x20,0x20,0x73,
  0x74,0x72,0x6f,0x6b,0x65,0x3d,0x22,0x77,0x68,0x69,0x74,0x65,0x22,0xd,0xa,0x20,
  0x20,0x73,0x74,0x72,0x6f,0x6b,0x65,0x2d,0x77,0x69,0x64,0x74,0x68,0x3d,0x22,0x32,
  0x22,0xd,0xa,0x20,0x20,0x73,0x74,0x72,0x6f,0x6b,0x65,0x2d,0x6c,0x69,0x6e,0x65,
  0x63,0x61,0x70,0x3d,0x22,0x72,0x6f,0x75,0x6e,0x64,0x22,0xd,0xa,0x20,0x20,0x73,
  0x74,0x72,0x6f,0x6b,0x65,0x2d,0x6c,0x69,0x6e,0x65,0x6a,0x6f,0x69,0x6e,0x3d,0x22,
  0x72,0x6f,0x75,0x6e,0x64,0x22,0xd,0xa,0x3e,0xd,0xa,0x20,0x20,0x3c,0x70,0x61,
  0x74,0x68,0x20,0x64,0x3d,0x22,0x4d,0x31,0x30,0x20,0x32,0x30,0x61,0x31,0x20,0x31,
  0x20,0x30,0x20,0x30,0x20,0x30,0x20,0x2e,0x35,0x35,0x33,0x2e,0x38,0x39,0x35,0x6c,
  0x32,0x20,0x31,0x41,0x31,0x20,0x31,0x20,0x30,0x20,0x30,0x20,0x30,0x20,0x31,0x34,
  0x20,0x32,0x31,0x76,0x2d,0x37,0x61,0x32,0x20,0x32,0x20,0x30,0x20,0x30,0x20,0x31,
  0x20,0x2e,0x35,0x31,0x37,0x2d,0x31,0x2e,0x33,0x34,0x31,0x4c,0x32,0x31,0x2e,0x37,
  0x34,0x20,0x34,0x2e,0x36,0x37,0x41,0x31,0x20,0x31,0x20,0x30,0x20,0x30,0x20,0x30,
  0x20,0x32,0x31,0x20,0x33,0x48,0x33,0x61,0x31,0x20,0x31,0x20,0x30,0x20,0x30,0x20,
  0x30,0x2d,0x2e,0x37,0x34,0x32,0x20,0x31,0x2e,0x36,0x37,0x6c,0x37,0x2e,0x32,0x32,
  0x35,0x20,0x37,0x2e,0x39,0x38,0x39,0x41,0x32,0x20,0x32,0x20,0x30,0x20,0x30,0x20,
  0x31,0x20,0x31,0x30,0x20,0x31,0x34,0x7a,0x22,0x20,0x2f,0x3e,0xd,0xa,0x3c,0x2f,
  0x73,0x76,0x67,0x3e,0xd,0xa,
    // skip-forward.svg
  0x0,0x0,0x1,0xa9,
  0x3c,
  0x21,0x2d,0x2d,0x20,0x40,0x6c,0x69,0x63,0x65,0x6e,0x73,0x65,0x20,0x6c,0x75,0x63,
  0x69,0x64,0x65,0x2d,0x73,0x74,0x61,0x74,0x69,0x63,0x20,0x76,0x31,0x2e,0x33,0x31,
  0x2e,0x30,0x20,0x2d,0x20,0x49,0x53,0x43,0x20,0x2d,0x2d,0x3e,0xd,0xa,0x3c,0x73,
  0x76,0x67,0xd,0xa,0x20,0x20,0x63,0x6c,0x61,0x73,0x73,0x3d,0x22,0x6c,0x75,0x63,
  0x69,0x64,0x65,0x20,0x6c,0x75,0x63,0x69,0x64,0x65,0x2d,0x73,0x6b,0x69,0x70,0x2d,
  0x66,0x6f,0x72,0x77,0x61,0x72,0x64,0x22,0xd,0xa,0x20,0x20,0x78,0x6d,0x6c,0x6e,
  0x73,0x3d,0x22,0x68,0x74,0x74,0x70,0x3a,0x2f,0x2f,0x77,0x77,0x77,0x2e,0x77,0x33,
  0x2e,0x6f,0x72,0x67,0x2f,0x32,0x30,0x30,0x30,0x2f,0x73,0x76,0x67,0x22,0xd,0xa,
  0x20,0x20,0x77,0x69,0x64,0x74,0x68,0x3d,0x22,0x32,0x34,0x22,0xd,0xa,0x20,0x20,
  0x68,0x65,0x69,0x67,0x68,0x74,0x3d,0x22,0x32,0x34,0x22,0xd,0xa,0x20,0x20,0x76,
  0x69,0x65,0x77,0x42,0x6f,0x78,0x3d,0x22,0x30,0x20,0x30,0x20,0x32,0x34,0x20,0x32,
  0x34,0x22,0xd,0xa,0x20,0x20,0x66,0x69,0x6c,0x6c,0x3d,0x22,0x6e,0x6f,0x6e,0x65,
  0x22,0xd,0xa,0x20,0x20,0x73,0x74,0x72,0x6f,0x6b,0x65,0x3d,0x22,0x77,0x68,0x69,
  0x74,0x65,0x22,0xd,0xa,0x20,0x20,0x73,0x74,0x72,0x6f,0x6b,0x65,0x2d,0x77,0x69,
  0x64,0x74,0x68,0x3d,0x22,0x32,0x22,0xd,0xa,0x20,0x20,0x73,0x74,0x72,0x6f,0x6b,
  0x65,0x2d,0x6c,0x69,0x6e,0x65,0x63,0x61,0x70,0x3d,0x22,0x72,0x6f,0x75,0x6e,0x64,
  0x22,0xd,0xa,0x20,0x20,0x73,0x74,0x72,0x6f,0x6b,0x65,0x2d,0x6c,0x69,0x6e,0x65,
  0x6a,0x6f,0x69,0x6e,0x3d,0x22,0x72,0x6f,0x75,0x6e,0x64,0x22,0xd,0xa,0x3e,0xd,
  0xa,0x20,0x20,0x3c,0x70,0x61,0x74,0x68,0x20,0x64,0x3d,0x22,0x4d,0x32,0x31,0x20,
  0x34,0x76,0x31,0x36,0x22,0x20,0x2f,0x3e,0xd,0xa,0x20,0x20,0x3c,0x70,0x61,0x74,
  0x68,0x20,0x64,0x3d,0x22,0x4d,0x36,0x2e,0x30,0x32,0x39,0x20,0x34,0x2e,0x32,0x38,
  0x35,0x41,0x32,0x20,0x32,0x20,0x30,0x20,0x30,0x20,0x30,0x20,0x33,0x20,0x36,0x76,
  0x31,0x32,0x61,0x32,0x20,0x32,0x20,0x30,0x20,0x30,0x20,0x30,0x20,0x33,0x2e,0x30,
  0x32,0x39,0x20,0x31,0x2e,0x37,0x31,0x35,0x6c,0x39,0x2e,0x39,0x39,0x37,0x2d,0x35,
  0x2e,0x39,0x39,0x38,0x61,0x32,0x20,0x32,0x20,0x30,0x20,0x30,0x20,0x30,0x20,0x2e,
  0x30,0x30,0x33,0x2d,0x33,0x2e,0x34,0x33,0x32,0x7a,0x22,0x20,0x2f,0x3e,0xd,0xa,
  0x3c,0x2f,0x73,0x76,0x67,0x3e,0xd,0xa,
    // skip-back.svg
  0x0,0x0,0x1,0xa8,
  0x3c,
  0x21,0x2d,0x2d,0x20,0x40,0x6c,0x69,0x63,0x65,0x6e,0x73,0x65,0x20,0x6c,0x75,0x63,
  0x69,0x64,0x65,0x2d,0x73,0x74,0x61,0x74,0x69,0x63,0x20,0x76,0x31,0x2e,0x33,0x31,
  0x2e,0x30,0x20,0x2d,0x20,0x49,0x53,0x43,0x20,0x2d,0x2d,0x3e,0xd,0xa,0x3c,0x73,
  0x76,0x67,0xd,0xa,0x20,0x20,0x63,0x6c,0x61,0x73,0x73,0x3d,0x22,0x6c,0x75,0x63,
  0x69,0x64,0x65,0x20,0x6c,0x75,0x63,0x69,0x64,0x65,0x2d,0x73,0x6b,0x69,0x70,0x2d,
  0x62,0x61,0x63,0x6b,0x22,0xd,0xa,0x20,0x20,0x78,0x6d,0x6c,0x6e,0x73,0x3d,0x22,
  0x68,0x74,0x74,0x70,0x3a,0x2f,0x2f,0x77,0x77,0x77,0x2e,0x77,0x33,0x2e,0x6f,0x72,
  0x67,0x2f,0x32,0x30,0x30,0x30,0x2f,0x73,0x76,0x67,0x22,0xd,0xa,0x20,0x20,0x77,
  0x69,0x64,0x74,0x68,0x3d,0x22,0x32,0x34,0x22,0xd,0xa,0x20,0x20,0x68,0x65,0x69,
  0x67,0x68,0x74,0x3d,0x22,0x32,0x34,0x22,0xd,0xa,0x20,0x20,0x76,0x69,0x65,0x77,
  0x42,0x6f,0x78,0x3d,0x22,0x30,0x20,0x30,0x20,0x32,0x34,0x20,0x32,0x34,0x22,0xd,
  0xa,0x20,0x20,0x66,0x69,0x6c,0x6c,0x3d,0x22,0x6e,0x6f,0x6e,0x65,0x22,0xd,0xa,
  0x20,0x20,0x73,0x74,0x72,0x6f,0x6b,0x65,0x3d,0x22,0x77,0x68,0x69,0x74,0x65,0x22,
  0xd,0xa,0x20,0x20,0x73,0x74,0x72,0x6f,0x6b,0x65,0x2d,0x77,0x69,0x64,0x74,0x68,
  0x3d,0x22,0x32,0x22,0xd,0xa,0x20,0x20,0x73,0x74,0x72,0x6f,0x6b,0x65,0x2d,0x6c,
  0x69,0x6e,0x65,0x63,0x61,0x70,0x3d,0x22,0x72,0x6f,0x75,0x6e,0x64,0x22,0xd,0xa,
  0x20,0x20,0x73,0x74,0x72,0x6f,0x6b,0x65,0x2d,0x6c,0x69,0x6e,0x65,0x6a,0x6f,0x69,
  0x6e,0x3d,0x22,0x72,0x6f,0x75,0x6e,0x64,0x22,0xd,0xa,0x3e,0xd,0xa,0x20,0x20,
  0x3c,0x70,0x61,0x74,0x68,0x20,0x64,0x3d,0x22,0x4d,0x31,0x37,0x2e,0x39,0x37,0x31,
  0x20,0x34,0x2e,0x32,0x38,0x35,0x41,0x32,0x20,0x32,0x20,0x30,0x20,0x30,0x20,0x31,
  0x20,0x32,0x31,0x20,0x36,0x76,0x31,0x32,0x61,0x32,0x20,0x32,0x20,0x30,0x20,0x30,
  0x20,0x31,0x2d,0x33,0x2e,0x30,0x32,0x39,0x20,0x31,0x2e,0x37,0x31,0x35,0x6c,0x2d,
  0x39,0x2e,0x39,0x39,0x37,0x2d,0x35,0x2e,0x39,0x39,0x38,0x61,0x32,0x20,0x32,0x20,
  0x30,0x20,0x30,0x20,0x31,0x2d,0x2e,0x30,0x30,0x33,0x2d,0x33,0x2e,0x34,0x33,0x32,
  0x7a,0x22,0x20,0x2f,0x3e,0xd,0xa,0x20,0x20,0x3c,0x70,0x61,0x74,0x68,0x20,0x64,
  0x3d,0x22,0x4d,0x33,0x20,0x32,0x30,0x56,0x34,0x22,0x20,0x2f,0x3e,0xd,0xa,0x3c,
  0x2f,0x73,0x76,0x67,0x3e,0xd,0xa,
    // chevron-left.svg
  0x0,0x0,0x1,0x49,
  0x3c,
  0x21,0x2d,0x2d,0x20,0x40,0x6c,0x69,0x63,0x65,0x6e,0x73,0x65,0x20,0x6c,0x75,0x63,
  0x69,0x64,0x65,0x2d,0x73,0x74,0x61,0x74,0x69,0x63,0x20,0x76,0x31,0x2e,0x33,0x31,
  0x2e,0x30,0x20,0x2d,0x20,0x49,0x53,0x43,0x20,0x2d,0x2d,0x3e,0xd,0xa,0x3c,0x73,
  0x76,0x67,0xd,0xa,0x20,0x20,0x63,0x6c,0x61,0x73,0x73,0x3d,0x22,0x6c,0x75,0x63,
  0x69,0x64,0x65,0x20,0x6c,0x75,0x63,0x69,0x64,0x65,0x2d,0x63,0x68,0x65,0x76,0x72,
  0x6f,0x6e,0x2d,0x6c,0x65,0x66,0x74,0x22,0xd,0xa,0x20,0x20,0x78,0x6d,0x6c,0x6e,
  0x73,0x3d,0x22,0x68,0x74,0x74,0x70,0x3a,0x2f,0x2f,0x77,0x77,0x77,0x2e,0x77,0x33,
  0x2e,0x6f,0x72,0x67,0x2f,0x32,0x30,0x30,0x30,0x2f,0x73,0x76,0x67,0x22,0xd,0xa,
  0x20,0x20,0x77,0x69,0x64,0x74,0x68,0x3d,0x22,0x32,0x34,0x22,0xd,0xa,0x20,0x20,
  0x68,0x65,0x69,0x67,0x68,0x74,0x3d,0x22,0x32,0x34,0x22,0xd,0xa,0x20,0x20,0x76,
  0x69,0x65,0x77,0x42,0x6f,0x78,0x3d,0x22,0x30,0x20,0x30,0x20,0x32,0x34,0x20,0x32,
  0x34,0x22,0xd,0xa,0x20,0x20,0x66,0x69,0x6c,0x6c,0x3d,0x22,0x6e,0x6f,0x6e,0x65,
  0x22,0xd,0xa,0x20,0x20,0x73,0x74,0x72,0x6f,0x6b,0x65,0x3d,0x22,0x77,0x68,0x69,
  0x74,0x65,0x22,0xd,0xa,0x20,0x20,0x73,0x74,0x72,0x6f,0x6b,0x65,0x2d,0x77,0x69,
  0x64,0x74,0x68,0x3d,0x22,0x32,0x22,0xd,0xa,0x20,0x20,0x73,0x74,0x72,0x6f,0x6b,
  0x65,0x2d,0x6c,0x69,0x6e,0x65,0x63,0x61,0x70,0x3d,0x22,0x72,0x6f,0x75,0x6e,0x64,
  0x22,0xd,0xa,0x20,0x20,0x73,0x74,0x72,0x6f,0x6b,0x65,0x2d,0x6c,0x69,0x6e,0x65,
  0x6a,0x6f,0x69,0x6e,0x3d,0x22,0x72,0x6f,0x75,0x6e,0x64,0x22,0xd,0xa,0x3e,0xd,
  0xa,0x20,0x20,0x3c,0x70,0x61,0x74,0x68,0x20,0x64,0x3d,0x22,0x6d,0x31,0x35,0x20,
  0x31,0x38,0x2d,0x36,0x2d,0x36,0x20,0x36,0x2d,0x36,0x22,0x20,0x2f,0x3e,0xd,0xa,
  0x3c,0x2f,0x73,0x76,0x67,0x3e,0xd,0xa,
    // play.svg
  0x0,0x0,0x1,0x85,
  0x3c,
  0x21,0x2d,0x2d,0x20,0x40,0x6c,0x69,0x63,0x65,0x6e,0x73,0x65,0x20,0x6c,0x75,0x63,
  0x69,0x64,0x65,0x2d,0x73,0x74,0x61,0x74,0x69,0x63,0x20,0x76,0x31,0x2e,0x33,0x31,
  0x2e,0x30,0x20,0x2d,0x20,0x49,0x53,0x43,0x20,0x2d,0x2d,0x3e,0xd,0xa,0x3c,0x73,
  0x76,0x67,0xd,0xa,0x20,0x20,0x63,0x6c,0x61,0x73,0x73,0x3d,0x22,0x6c,0x75,0x63,
  0x69,0x64,0x65,0x20,0x6c,0x75,0x63,0x69,0x64,0x65,0x2d,0x70,0x6c,0x61,0x79,0x22,
  0xd,0xa,0x20,0x20,0x78,0x6d,0x6c,0x6e,0x73,0x3d,0x22,0x68,0x74,0x74,0x70,0x3a,
  0x2f,0x2f,0x77,0x77,0x77,0x2e,0x77,0x33,0x2e,0x6f,0x72,0x67,0x2f,0x32,0x30,0x30,
  0x30,0x2f,0x73,0x76,0x67,0x22,0xd,0xa,0x20,0x20,0x77,0x69,0x64,0x74,0x68,0x3d,
  0x22,0x32,0x34,0x22,0xd,0xa,0x20,0x20,0x68,0x65,0x69,0x67,0x68,0x74,0x3d,0x22,
  0x32,0x34,0x22,0xd,0xa,0x20,0x20,0x76,0x69,0x65,0x77,0x42,0x6f,0x78,0x3d,0x22,
  0x30,0x20,0x30,0x20,0x32,0x34,0x20,0x32,0x34,0x22,0xd,0xa,0x20,0x20,0x66,0x69,
  0x6c,0x6c,0x3d,0x22,0x6e,0x6f,0x6e,0x65,0x22,0xd,0xa,0x20,0x20,0x73,0x74,0x72,
  0x6f,0x6b,0x65,0x3d,0x22,0x77,0x68,0x69,0x74,0x65,0x22,0xd,0xa,0x20,0x20,0x73,
  0x74,0x72,0x6f,0x6b,0x65,0x2d,0x77,0x69,0x64,0x74,0x68,0x3d,0x22,0x32,0x22,0xd,
  0xa,0x20,0x20,0x73,0x74,0x72,0x6f,0x6b,0x65,0x2d,0x6c,0x69,0x6e,0x65,0x63,0x61,
  0x70,0x3d,0x22,0x72,0x6f,0x75,0x6e,0x64,0x22,0xd,0xa,0x20,0x20,0x73,0x74,0x72,
  0x6f,0x6b,0x65,0x2d,0x6c,0x69,0x6e,0x65,0x6a,0x6f,0x69,0x6e,0x3d,0x22,0x72,0x6f,
  0x75,0x6e,0x64,0x22,0xd,0xa,0x3e,0xd,0xa,0x20,0x20,0x3c,0x70,0x61,0x74,0x68,
  0x20,0x64,0x3d,0x22,0x4d,0x35,0x20,0x35,0x61,0x32,0x20,0x32,0x20,0x30,0x20,0x30,
  0x20,0x31,0x20,0x33,0x2e,0x30,0x30,0x38,0x2d,0x31,0x2e,0x37,0x32,0x38,0x6c,0x31,
  0x31,0x2e,0x39,0x39,0x37,0x20,0x36,0x2e,0x39,0x39,0x38,0x61,0x32,0x20,0x32,0x20,
  0x30,0x20,0x30,0x20,0x31,0x20,0x2e,0x30,0x30,0x33,0x20,0x33,0x2e,0x34,0x35,0x38,
  0x6c,0x2d,0x31,0x32,0x20,0x37,0x41,0x32,0x20,0x32,0x20,0x30,0x20,0x30,0x20,0x31,
  0x20,0x35,0x20,0x31,0x39,0x7a,0x22,0x20,0x2f,0x3e,0xd,0xa,0x3c,0x2f,0x73,0x76,
  0x67,0x3e,0xd,0xa,
    // lock.svg
  0x0,0x0,0x1,0x89,
  0x3c,
  0x21,0x2d,0x2d,0x20,0x40,0x6c,0x69,0x63,0x65,0x6e,0x73,0x65,0x20,0x6c,0x75,0x63,
  0x69,0x64,0x65,0x2d,0x73,0x74,0x61,0x74,0x69,0x63,0x20,0x76,0x31,0x2e,0x33,0x31,
  0x2e,0x30,0x20,0x2d,0x20,0x49,0x53,0x43,0x20,0x2d,0x2d,0x3e,0xd,0xa,0x3c,0x73,
  0x76,0x67,0xd,0xa,0x20,0x20,0x63,0x6c,0x61,0x73,0x73,0x3d,0x22,0x6c,0x75,0x63,
  0x69,0x64,0x65,0x20,0x6c,0x75,0x63,0x69,0x64,0x65,0x2d,0x6c,0x6f,0x63,0x6b,0x22,
  0xd,0xa,0x20,0x20,0x78,0x6d,0x6c,0x6e,0x73,0x3d,0x22,0x68,0x74,0x74,0x70,0x3a,
  0x2f,0x2f,0x77,0x77,0x77,0x2e,0x77,0x33,0x2e,0x6f,0x72,0x67,0x2f,0x32,0x30,0x30,
  0x30,0x2f,0x73,0x76,0x67,0x22,0xd,0xa,0x20,0x20,0x77,0x69,0x64,0x74,0x68,0x3d,
  0x22,0x32,0x34,0x22,0xd,0xa,0x20,0x20,0x68,0x65,0x69,0x67,0x68,0x74,0x3d,0x22,
  0x32,0x34,0x22,0xd,0xa,0x20,0x20,0x76,0x69,0x65,0x77,0x42,0x6f,0x78,0x3d,0x22,
  0x30,0x20,0x30,0x20,0x32,0x34,0x20,0x32,0x34,0x22,0xd,0xa,0x20,0x20,0x66,0x69,
  0x6c,0x6c,0x3d,0x22,0x6e,0x6f,0x6e,0x65,0x22,0xd,0xa,0x20,0x20,0x73,0x74,0x72,
  0x6f,0x6b,0x65,0x3d,0x22,0x77,0x68,0x69,0x74,0x65,0x22,0xd,0xa,0x20,0x20,0x73,
  0x74,0x72,0x6f,0x6b,0x65,0x2d,0x77,0x69,0x64,0x74,0x68,0x3d,0x22,0x32,0x22,0xd,
  0xa,0x20,0x20,0x73,0x74,0x72,0x6f,0x6b,0x65,0x2d,0x6c,0x69,0x6e,0x65,0x63,0x61,
  0x70,0x3d,0x22,0x72,0x6f,0x75,0x6e,0x64,0x22,0xd,0xa,0x20,0x20,0x73,0x74,0x72,
  0x6f,0x6b,0x65,0x2d,0x6c,0x69,0x6e,0x65,0x6a,0x6f,0x69,0x6e,0x3d,0x22,0x72,0x6f,
  0x75,0x6e,0x64,0x22,0xd,0xa,0x3e,0xd,0xa,0x20,0x20,0x3c,0x72,0x65,0x63,0x74,
  0x20,0x77,0x69,0x64,0x74,0x68,0x3d,0x22,0x31,0x38,0x22,0x20,0x68,0x65,0x69,0x67,
  0x68,0x74,0x3d,0x22,0x31,0x31,0x22,0x20,0x78,0x3d,0x22,0x33,0x22,0x20,0x79,0x3d,
  0x22,0x31,0x31,0x22,0x20,0x72,0x78,0x3d,0x22,0x32,0x22,0x20,0x72,0x79,0x3d,0x22,
  0x32,0x22,0x20,0x2f,0x3e,0xd,0xa,0x20,0x20,0x3c,0x70,0x61,0x74,0x68,0x20,0x64,
  0x3d,0x22,0x4d,0x37,0x20,0x31,0x31,0x56,0x37,0x61,0x35,0x20,0x35,0x20,0x30,0x20,
  0x30,0x20,0x31,0x20,0x31,0x30,0x20,0x30,0x76,0x34,0x22,0x20,0x2f,0x3e,0xd,0xa,
  0x3c,0x2f,0x73,0x76,0x67,0x3e,0xd,0xa,
    // subtitles.svg
  0x0,0x0,0x1,0x93,
  0x3c,
  0x21,0x2d,0x2d,0x20,0x40,0x6c,0x69,0x63,0x65,0x6e,0x73,0x65,0x20,0x6c,0x75,0x63,
  0x69,0x64,0x65,0x2d,0x73,0x74,0x61,0x74,0x69,0x63,0x20,0x76,0x31,0x2e,0x33,0x31,
  0x2e,0x30,0x20,0x2d,0x20,0x49,0x53,0x43,0x20,0x2d,0x2d,0x3e,0xd,0xa,0x3c,0x73,
  0x76,0x67,0xd,0xa,0x20,0x20,0x63,0x6c,0x61,0x73,0x73,0x3d,0x22,0x6c,0x75,0x63,
  0x69,0x64,0x65,0x20,0x6c,0x75,0x63,0x69,0x64,0x65,0x2d,0x73,0x75,0x62,0x74,0x69,
  0x74,0x6c,0x65,0x73,0x22,0xd,0xa,0x20,0x20,0x78,0x6d,0x6c,0x6e,0x73,0x3d,0x22,
  0x68,0x74,0x74,0x70,0x3a,0x2f,0x2f,0x77,0x77,0x77,0x2e,0x77,0x33,0x2e,0x6f,0x72,
  0x67,0x2f,0x32,0x30,0x30,0x30,0x2f,0x73,0x76,0x67,0x22,0xd,0xa,0x20,0x20,0x77,
  0x69,0x64,0x74,0x68,0x3d,0x22,0x32,0x34,0x22,0xd,0xa,0x20,0x20,0x68,0x65,0x69,
  0x67,0x68,0x74,0x3d,0x22,0x32,0x34,0x22,0xd,0xa,0x20,0x20,0x76,0x69,0x65,0x77,
  0x42,0x6f,0x78,0x3d,0x22,0x30,0x20,0x30,0x20,0x32,0x34,0x20,0x32,0x34,0x22,0xd,
  0xa,0x20,0x20,0x66,0x69,0x6c,0x6c,0x3d,0x22,0x6e,0x6f,0x6e,0x65,0x22,0xd,0xa,
  0x20,0x20,0x73,0x74,0x72,0x6f,0x6b,0x65,0x3d,0x22,0x77,0x68,0x69,0x74,0x65,0x22,
  0xd,0xa,0x20,0x20,0x73,0x74,0x72,0x6f,0x6b,0x65,0x2d,0x77,0x69,0x64,0x74,0x68,
  0x3d,0x22,0x32,0x22,0xd,0xa,0x20,0x20,0x73,0x74,0x72,0x6f,0x6b,0x65,0x2d,0x6c,
  0x69,0x6e,0x65,0x63,0x61,0x70,0x3d,0x22,0x72,0x6f,0x75,0x6e,0x64,0x22,0xd,0xa,
  0x20,0x20,0x73,0x74,0x72,0x6f,0x6b,0x65,0x2d,0x6c,0x69,0x6e,0x65,0x6a,0x6f,0x69,
  0x6e,0x3d,0x22,0x72,0x6f,0x75,0x6e,0x64,0x22,0xd,0xa,0x3e,0xd,0xa,0x20,0x20,
  0x3c,0x72,0x65,0x63,0x74,0x20,0x77,0x69,0x64,0x74,0x68,0x3d,0x22,0x31,0x38,0x22,
  0x20,0x68,0x65,0x69,0x67,0x68,0x74,0x3d,0x22,0x31,0x34,0x22,0x20,0x78,0x3d,0x22,
  0x33,0x22,0x20,0x79,0x3d,0x22,0x35,0x22,0x20,0x72,0x78,0x3d,0x22,0x32,0x22,0x20,
  0x72,0x79,0x3d,0x22,0x32,0x22,0x20,0x2f,0x3e,0xd,0xa,0x20,0x20,0x3c,0x70,0x61,
  0x74,0x68,0x20,0x64,0x3d,0x22,0x4d,0x37,0x20,0x31,0x35,0x68,0x34,0x4d,0x31,0x35,
  0x20,0x31,0x35,0x68,0x32,0x4d,0x37,0x20,0x31,0x31,0x68,0x32,0x4d,0x31,0x33,0x20,
  0x31,0x31,0x68,0x34,0x22,0x20,0x2f,0x3e,0xd,0xa,0x3c,0x2f,0x73,0x76,0x67,0x3e,
  0xd,0xa,
    // arrow-right-left.svg
  0x0,0x0,0x1,0x9b,
  0x3c,
  0x21,0x2d,0x2d,0x20,0x40,0x6c,0x69,0x63,0x65,0x6e,0x73,0x65,0x20,0x6c,0x75,0x63,
  0x69,0x64,0x65,0x2d,0x73,0x74,0x61,0x74,0x69,0x63,0x20,0x76,0x31,0x2e,0x33,0x31,
  0x2e,0x30,0x20,0x2d,0x20,0x49,0x53,0x43,0x20,0x2d,0x2d,0x3e,0xd,0xa,0x3c,0x73,
  0x76,0x67,0xd,0xa,0x20,0x20,0x63,0x6c,0x61,0x73,0x73,0x3d,0x22,0x6c,0x75,0x63,
  0x69,0x64,0x65,0x20,0x6c,0x75,0x63,0x69,0x64,0x65,0x2d,0x61,0x72,0x72,0x6f,0x77,
  0x2d,0x72,0x69,0x67,0x68,0x74,0x2d,0x6c,0x65,0x66,0x74,0x22,0xd,0xa,0x20,0x20,
  0x78,0x6d,0x6c,0x6e,0x73,0x3d,0x22,0x68,0x74,0x74,0x70,0x3a,0x2f,0x2f,0x77,0x77,
  0x77,0x2e,0x77,0x33,0x2e,0x6f,0x72,0x67,0x2f,0x32,0x30,0x30,0x30,0x2f,0x73,0x76,
  0x67,0x22,0xd,0xa,0x20,0x20,0x77,0x69,0x64,0x74,0x68,0x3d,0x22,0x32,0x34,0x22,
  0xd,0xa,0x20,0x20,0x68,0x65,0x69,0x67,0x68,0x74,0x3d,0x22,0x32,0x34,0x22,0xd,
  0xa,0x20,0x20,0x76,0x69,0x65,0x77,0x42,0x6f,0x78,0x3d,0x22,0x30,0x20,0x30,0x20,
  0x32,0x34,0x20,0x32,0x34,0x22,0xd,0xa,0x20,0x20,0x66,0x69,0x6c,0x6c,0x3d,0x22,
  0x6e,0x6f,0x6e,0x65,0x22,0xd,0xa,0x20,0x20,0x73,0x74,0x72,0x6f,0x6b,0x65,0x3d,
  0x22,0x77,0x68,0x69,0x74,0x65,0x22,0xd,0xa,0x20,0x20,0x73,0x74,0x72,0x6f,0x6b,
  0x65,0x2d,0x77,0x69,0x64,0x74,0x68,0x3d,0x22,0x32,0x22,0xd,0xa,0x20,0x20,0x73,
  0x74,0x72,0x6f,0x6b,0x65,0x2d,0x6c,0x69,0x6e,0x65,0x63,0x61,0x70,0x3d,0x22,0x72,
  0x6f,0x75,0x6e,0x64,0x22,0xd,0xa,0x20,0x20,0x73,0x74,0x72,0x6f,0x6b,0x65,0x2d,
  0x6c,0x69,0x6e,0x65,0x6a,0x6f,0x69,0x6e,0x3d,0x22,0x72,0x6f,0x75,0x6e,0x64,0x22,
  0xd,0xa,0x3e,0xd,0xa,0x20,0x20,0x3c,0x70,0x61,0x74,0x68,0x20,0x64,0x3d,0x22,
  0x6d,0x31,0x36,0x20,0x33,0x20,0x34,0x20,0x34,0x2d,0x34,0x20,0x34,0x22,0x20,0x2f,
  0x3e,0xd,0xa,0x20,0x20,0x3c,0x70,0x61,0x74,0x68,0x20,0x64,0x3d,0x22,0x4d,0x32,
  0x30,0x20,0x37,0x48,0x34,0x22,0x20,0x2f,0x3e,0xd,0xa,0x20,0x20,0x3c,0x70,0x61,
  0x74,0x68,0x20,0x64,0x3d,0x22,0x6d,0x38,0x20,0x32,0x31,0x2d,0x34,0x2d,0x34,0x20,
  0x34,0x2d,0x34,0x22,0x20,0x2f,0x3e,0xd,0xa,0x20,0x20,0x3c,0x70,0x61,0x74,0x68,
  0x20,0x64,0x3d,0x22,0x4d,0x34,0x20,0x31,0x37,0x68,0x31,0x36,0x22,0x20,0x2f,0x3e,
  0xd,0xa,0x3c,0x2f,0x73,0x76,0x67,0x3e,0xd,0xa,
    // chevron-down.svg
  0x0,0x0,0x0,0xcf,
  0x3c,
  0x73,0x76,0x67,0x20,0x78,0x6d,0x6c,0x6e,0x73,0x3d,0x22,0x68,0x74,0x74,0x70,0x3a,
  0x2f,0x2f,0x77,0x77,0x77,0x2e,0x77,0x33,0x2e,0x6f,0x72,0x67,0x2f,0x32,0x30,0x30,
  0x30,0x2f,0x73,0x76,0x67,0x22,0x20,0x77,0x69,0x64,0x74,0x68,0x3d,0x22,0x32,0x34,
  0x22,0x20,0x68,0x65,0x69,0x67,0x68,0x74,0x3d,0x22,0x32,0x34,0x22,0x20,0x76,0x69,
  0x65,0x77,0x42,0x6f,0x78,0x3d,0x22,0x30,0x20,0x30,0x20,0x32,0x34,0x20,0x32,0x34,
  0x22,0x20,0x66,0x69,0x6c,0x6c,0x3d,0x22,0x6e,0x6f,0x6e,0x65,0x22,0x20,0x73,0x74,
  0x72,0x6f,0x6b,0x65,0x3d,0x22,0x23,0x66,0x66,0x66,0x66,0x66,0x66,0x22,0x20,0x73,
  0x74,0x72,0x6f,0x6b,0x65,0x2d,0x77,0x69,0x64,0x74,0x68,0x3d,0x22,0x32,0x22,0x20,
  0x73,0x74,0x72,0x6f,0x6b,0x65,0x2d,0x6c,0x69,0x6e,0x65,0x63,0x61,0x70,0x3d,0x22,
  0x72,0x6f,0x75,0x6e,0x64,0x22,0x20,0x73,0x74,0x72,0x6f,0x6b,0x65,0x2d,0x6c,0x69,
  0x6e,0x65,0x6a,0x6f,0x69,0x6e,0x3d,0x22,0x72,0x6f,0x75,0x6e,0x64,0x22,0x3e,0x3c,
  0x70,0x61,0x74,0x68,0x20,0x64,0x3d,0x22,0x6d,0x36,0x20,0x39,0x20,0x36,0x20,0x36,
  0x20,0x36,0x2d,0x36,0x22,0x2f,0x3e,0x3c,0x2f,0x73,0x76,0x67,0x3e,0xa,
    // pause.svg
  0x0,0x0,0x1,0x8e,
  0x3c,
  0x21,0x2d,0x2d,0x20,0x40,0x6c,0x69,0x63,0x65,0x6e,0x73,0x65,0x20,0x6c,0x75,0x63,
  0x69,0x64,0x65,0x2d,0x73,0x74,0x61,0x74,0x69,0x63,0x20,0x76,0x31,0x2e,0x33,0x31,
  0x2e,0x30,0x20,0x2d,0x20,0x49,0x53,0x43,0x20,0x2d,0x2d,0x3e,0xd,0xa,0x3c,0x73,
  0x76,0x67,0xd,0xa,0x20,0x20,0x63,0x6c,0x61,0x73,0x73,0x3d,0x22,0x6c,0x75,0x63,
  0x69,0x64,0x65,0x20,0x6c,0x75,0x63,0x69,0x64,0x65,0x2d,0x70,0x61,0x75,0x73,0x65,
  0x22,0xd,0xa,0x20,0x20,0x78,0x6d,0x6c,0x6e,0x73,0x3d,0x22,0x68,0x74,0x74,0x70,
  0x3a,0x2f,0x2f,0x77,0x77,0x77,0x2e,0x77,0x33,0x2e,0x6f,0x72,0x67,0x2f,0x32,0x30,
  0x30,0x30,0x2f,0x73,0x76,0x67,0x22,0xd,0xa,0x20,0x20,0x77,0x69,0x64,0x74,0x68,
  0x3d,0x22,0x32,0x34,0x22,0xd,0xa,0x20,0x20,0x68,0x65,0x69,0x67,0x68,0x74,0x3d,
  0x22,0x32,0x34,0x22,0xd,0xa,0x20,0x20,0x76,0x69,0x65,0x77,0x42,0x6f,0x78,0x3d,
  0x22,0x30,0x20,0x30,0x20,0x32,0x34,0x20,0x32,0x34,0x22,0xd,0xa,0x20,0x20,0x66,
  0x69,0x6c,0x6c,0x3d,0x22,0x6e,0x6f,0x6e,0x65,0x22,0xd,0xa,0x20,0x20,0x73,0x74,
  0x72,0x6f,0x6b,0x65,0x3d,0x22,0x77,0x68,0x69,0x74,0x65,0x22,0xd,0xa,0x20,0x20,
  0x73,0x74,0x72,0x6f,0x6b,0x65,0x2d,0x77,0x69,0x64,0x74,0x68,0x3d,0x22,0x32,0x22,
  0xd,0xa,0x20,0x20,0x73,0x74,0x72,0x6f,0x6b,0x65,0x2d,0x6c,0x69,0x6e,0x65,0x63,
  0x61,0x70,0x3d,0x22,0x72,0x6f,0x75,0x6e,0x64,0x22,0xd,0xa,0x20,0x20,0x73,0x74,
  0x72,0x6f,0x6b,0x65,0x2d,0x6c,0x69,0x6e,0x65,0x6a,0x6f,0x69,0x6e,0x3d,0x22,0x72,
  0x6f,0x75,0x6e,0x64,0x22,0xd,0xa,0x3e,0xd,0xa,0x20,0x20,0x3c,0x72,0x65,0x63,
  0x74,0x20,0x78,0x3d,0x22,0x31,0x34,0x22,0x20,0x79,0x3d,0x22,0x33,0x22,0x20,0x77,
  0x69,0x64,0x74,0x68,0x3d,0x22,0x35,0x22,0x20,0x68,0x65,0x69,0x67,0x68,0x74,0x3d,
  0x22,0x31,0x38,0x22,0x20,0x72,0x78,0x3d,0x22,0x31,0x22,0x20,0x2f,0x3e,0xd,0xa,
  0x20,0x20,0x3c,0x72,0x65,0x63,0x74,0x20,0x78,0x3d,0x22,0x35,0x22,0x20,0x79,0x3d,
  0x22,0x33,0x22,0x20,0x77,0x69,0x64,0x74,0x68,0x3d,0x22,0x35,0x22,0x20,0x68,0x65,
  0x69,0x67,0x68,0x74,0x3d,0x22,0x31,0x38,0x22,0x20,0x72,0x78,0x3d,0x22,0x31,0x22,
  0x20,0x2f,0x3e,0xd,0xa,0x3c,0x2f,0x73,0x76,0x67,0x3e,0xd,0xa,
    // ripple-edit-tool.svg
  0x0,0x0,0x1,0x33,
  0x3c,
  0x73,0x76,0x67,0x20,0x78,0x6d,0x6c,0x6e,0x73,0x3d,0x22,0x68,0x74,0x74,0x70,0x3a,
  0x2f,0x2f,0x77,0x77,0x77,0x2e,0x77,0x33,0x2e,0x6f,0x72,0x67,0x2f,0x32,0x30,0x30,
  0x30,0x2f,0x73,0x76,0x67,0x22,0x20,0x77,0x69,0x64,0x74,0x68,0x3d,0x22,0x32,0x34,
  0x22,0x20,0x68,0x65,0x69,0x67,0x68,0x74,0x3d,0x22,0x32,0x34,0x22,0x20,0x76,0x69,
  0x65,0x77,0x42,0x6f,0x78,0x3d,0x22,0x30,0x20,0x30,0x20,0x32,0x34,0x20,0x32,0x34,
  0x22,0x20,0x66,0x69,0x6c,0x6c,0x3d,0x22,0x6e,0x6f,0x6e,0x65,0x22,0x20,0x73,0x74,
  0x72,0x6f,0x6b,0x65,0x3d,0x22,0x77,0x68,0x69,0x74,0x65,0x22,0x20,0x73,0x74,0x72,
  0x6f,0x6b,0x65,0x2d,0x77,0x69,0x64,0x74,0x68,0x3d,0x22,0x31,0x2e,0x37,0x22,0x20,
  0x73,0x74,0x72,0x6f,0x6b,0x65,0x2d,0x6c,0x69,0x6e,0x65,0x63,0x61,0x70,0x3d,0x22,
  0x73,0x71,0x75,0x61,0x72,0x65,0x22,0x20,0x73,0x74,0x72,0x6f,0x6b,0x65,0x2d,0x6c,
  0x69,0x6e,0x65,0x6a,0x6f,0x69,0x6e,0x3d,0x22,0x6d,0x69,0x74,0x65,0x72,0x22,0x3e,
  0xa,0x20,0x20,0x3c,0x70,0x61,0x74,0x68,0x20,0x64,0x3d,0x22,0x4d,0x35,0x20,0x34,
  0x76,0x31,0x36,0x4d,0x31,0x39,0x20,0x34,0x76,0x31,0x36,0x22,0x2f,0x3e,0xa,0x20,
  0x20,0x3c,0x70,0x61,0x74,0x68,0x20,0x64,0x3d,0x22,0x4d,0x39,0x20,0x37,0x6c,0x2d,
  0x34,0x20,0x35,0x20,0x34,0x20,0x35,0x7a,0x4d,0x31,0x35,0x20,0x37,0x6c,0x34,0x20,
  0x35,0x2d,0x34,0x20,0x35,0x7a,0x22,0x20,0x66,0x69,0x6c,0x6c,0x3d,0x22,0x77,0x68,
  0x69,0x74,0x65,0x22,0x20,0x73,0x74,0x72,0x6f,0x6b,0x65,0x3d,0x22,0x6e,0x6f,0x6e,
  0x65,0x22,0x2f,0x3e,0xa,0x20,0x20,0x3c,0x70,0x61,0x74,0x68,0x20,0x64,0x3d,0x22,
  0x4d,0x39,0x20,0x31,0x32,0x68,0x36,0x22,0x2f,0x3e,0xa,0x3c,0x2f,0x73,0x76,0x67,
  0x3e,0xa,
    // alert-circle.svg
  0x0,0x0,0x1,0xa9,
  0x3c,
  0x21,0x2d,0x2d,0x20,0x40,0x6c,0x69,0x63,0x65,0x6e,0x73,0x65,0x20,0x6c,0x75,0x63,
  0x69,0x64,0x65,0x2d,0x73,0x74,0x61,0x74,0x69,0x63,0x20,0x76,0x31,0x2e,0x33,0x31,
  0x2e,0x30,0x20,0x2d,0x20,0x49,0x53,0x43,0x20,0x2d,0x2d,0x3e,0xd,0xa,0x3c,0x73,
  0x76,0x67,0xd,0xa,0x20,0x20,0x63,0x6c,0x61,0x73,0x73,0x3d,0x22,0x6c,0x75,0x63,
  0x69,0x64,0x65,0x20,0x6c,0x75,0x63,0x69,0x64,0x65,0x2d,0x61,0x6c,0x65,0x72,0x74,
  0x2d,0x63,0x69,0x72,0x63,0x6c,0x65,0x22,0xd,0xa,0x20,0x20,0x78,0x6d,0x6c,0x6e,
  0x73,0x3d,0x22,0x68,0x74,0x74,0x70,0x3a,0x2f,0x2f,0x77,0x77,0x77,0x2e,0x77,0x33,
  0x2e,0x6f,0x72,0x67,0x2f,0x32,0x30,0x30,0x30,0x2f,0x73,0x76,0x67,0x22,0xd,0xa,
  0x20,0x20,0x77,0x69,0x64,0x74,0x68,0x3d,0x22,0x32,0x34,0x22,0xd,0xa,0x20,0x20,
  0x68,0x65,0x69,0x67,0x68,0x74,0x3d,0x22,0x32,0x34,0x22,0xd,0xa,0x20,0x20,0x76,
  0x69,0x65,0x77,0x42,0x6f,0x78,0x3d,0x22,0x30,0x20,0x30,0x20,0x32,0x34,0x20,0x32,
  0x34,0x22,0xd,0xa,0x20,0x20,0x66,0x69,0x6c,0x6c,0x3d,0x22,0x6e,0x6f,0x6e,0x65,
  0x22,0xd,0xa,0x20,0x20,0x73,0x74,0x72,0x6f,0x6b,0x65,0x3d,0x22,0x77,0x68,0x69,
  0x74,0x65,0x22,0xd,0xa,0x20,0x20,0x73,0x74,0x72,0x6f,0x6b,0x65,0x2d,0x77,0x69,
  0x64,0x74,0x68,0x3d,0x22,0x32,0x22,0xd,0xa,0x20,0x20,0x73,0x74,0x72,0x6f,0x6b,
  0x65,0x2d,0x6c,0x69,0x6e,0x65,0x63,0x61,0x70,0x3d,0x22,0x72,0x6f,0x75,0x6e,0x64,
  0x22,0xd,0xa,0x20,0x20,0x73,0x74,0x72,0x6f,0x6b,0x65,0x2d,0x6c,0x69,0x6e,0x65,
  0x6a,0x6f,0x69,0x6e,0x3d,0x22,0x72,0x6f,0x75,0x6e,0x64,0x22,0xd,0xa,0x3e,0xd,
  0xa,0x20,0x20,0x3c,0x63,0x69,0x72,0x63,0x6c,0x65,0x20,0x63,0x78,0x3d,0x22,0x31,
  0x32,0x22,0x20,0x63,0x79,0x3d,0x22,0x31,0x32,0x22,0x20,0x72,0x3d,0x22,0x31,0x30,
  0x22,0x20,0x2f,0x3e,0xd,0xa,0x20,0x20,0x3c,0x6c,0x69,0x6e,0x65,0x20,0x78,0x31,
  0x3d,0x22,0x31,0x32,0x22,0x20,0x78,0x32,0x3d,0x22,0x31,0x32,0x22,0x20,0x79,0x31,
  0x3d,0x22,0x38,0x22,0x20,0x79,0x32,0x3d,0x22,0x31,0x32,0x22,0x20,0x2f,0x3e,0xd,
  0xa,0x20,0x20,0x3c,0x6c,0x69,0x6e,0x65,0x20,0x78,0x31,0x3d,0x22,0x31,0x32,0x22,
  0x20,0x78,0x32,0x3d,0x22,0x31,0x32,0x2e,0x30,0x31,0x22,0x20,0x79,0x31,0x3d,0x22,
  0x31,0x36,0x22,0x20,0x79,0x32,0x3d,0x22,0x31,0x36,0x22,0x20,0x2f,0x3e,0xd,0xa,
  0x3c,0x2f,0x73,0x76,0x67,0x3e,0xd,0xa,
    // share-2.svg
  0x0,0x0,0x1,0xfc,
  0x3c,
  0x21,0x2d,0x2d,0x20,0x40,0x6c,0x69,0x63,0x65,0x6e,0x73,0x65,0x20,0x6c,0x75,0x63,
  0x69,0x64,0x65,0x2d,0x73,0x74,0x61,0x74,0x69,0x63,0x20,0x76,0x31,0x2e,0x33,0x31,
  0x2e,0x30,0x20,0x2d,0x20,0x49,0x53,0x43,0x20,0x2d,0x2d,0x3e,0xd,0xa,0x3c,0x73,
  0x76,0x67,0xd,0xa,0x20,0x20,0x63,0x6c,0x61,0x73,0x73,0x3d,0x22,0x6c,0x75,0x63,
  0x69,0x64,0x65,0x20,0x6c,0x75,0x63,0x69,0x64,0x65,0x2d,0x73,0x68,0x61,0x72,0x65,
  0x2d,0x32,0x22,0xd,0xa,0x20,0x20,0x78,0x6d,0x6c,0x6e,0x73,0x3d,0x22,0x68,0x74,
  0x74,0x70,0x3a,0x2f,0x2f,0x77,0x77,0x77,0x2e,0x77,0x33,0x2e,0x6f,0x72,0x67,0x2f,
  0x32,0x30,0x30,0x30,0x2f,0x73,0x76,0x67,0x22,0xd,0xa,0x20,0x20,0x77,0x69,0x64,
  0x74,0x68,0x3d,0x22,0x32,0x34,0x22,0xd,0xa,0x20,0x20,0x68,0x65,0x69,0x67,0x68,
  0x74,0x3d,0x22,0x32,0x34,0x22,0xd,0xa,0x20,0x20,0x76,0x69,0x65,0x77,0x42,0x6f,
  0x78,0x3d,0x22,0x30,0x20,0x30,0x20,0x32,0x34,0x20,0x32,0x34,0x22,0xd,0xa,0x20,
  0x20,0x66,0x69,0x6c,0x6c,0x3d,0x22,0x6e,0x6f,0x6e,0x65,0x22,0xd,0xa,0x20,0x20,
  0x73,0x74,0x72,0x6f,0x6b,0x65,0x3d,0x22,0x77,0x68,0x69,0x74,0x65,0x22,0xd,0xa,
  0x20,0x20,0x73,0x74,0x72,0x6f,0x6b,0x65,0x2d,0x77,0x69,0x64,0x74,0x68,0x3d,0x22,
  0x32,0x22,0xd,0xa,0x20,0x20,0x73,0x74,0x72,0x6f,0x6b,0x65,0x2d,0x6c,0x69,0x6e,
  0x65,0x63,0x61,0x70,0x3d,0x22,0x72,0x6f,0x75,0x6e,0x64,0x22,0xd,0xa,0x20,0x20,
  0x73,0x74,0x72,0x6f,0x6b,0x65,0x2d,0x6c,0x69,0x6e,0x65,0x6a,0x6f,0x69,0x6e,0x3d,
  0x22,0x72,0x6f,0x75,0x6e,0x64,0x22,0xd,0xa,0x3e,0xd,0xa,0x20,0x20,0x3c,0x63,
  0x69,0x72,0x63,0x6c,0x65,0x20,0x63,0x78,0x3d,0x22,0x31,0x38,0x22,0x20,0x63,0x79,
  0x3d,0x22,0x35,0x22,0x20,0x72,0x3d,0x22,0x33,0x22,0x20,0x2f,0x3e,0xd,0xa,0x20,
  0x20,0x3c,0x63,0x69,0x72,0x63,0x6c,0x65,0x20,0x63,0x78,0x3d,0x22,0x36,0x22,0x20,
  0x63,0x79,0x3d,0x22,0x31,0x32,0x22,0x20,0x72,0x3d,0x22,0x33,0x22,0x20,0x2f,0x3e,
  0xd,0xa,0x20,0x20,0x3c,0x63,0x69,0x72,0x63,0x6c,0x65,0x20,0x63,0x78,0x3d,0x22,
  0x31,0x38,0x22,0x20,0x63,0x79,0x3d,0x22,0x31,0x39,0x22,0x20,0x72,0x3d,0x22,0x33,
  0x22,0x20,0x2f,0x3e,0xd,0xa,0x20,0x20,0x3c,0x6c,0x69,0x6e,0x65,0x20,0x78,0x31,
  0x3d,0x22,0x38,0x2e,0x35,0x39,0x22,0x20,0x78,0x32,0x3d,0x22,0x31,0x35,0x2e,0x34,
  0x32,0x22,0x20,0x79,0x31,0x3d,0x22,0x31,0x33,0x2e,0x35,0x31,0x22,0x20,0x79,0x32,
  0x3d,0x22,0x31,0x37,0x2e,0x34,0x39,0x22,0x20,0x2f,0x3e,0xd,0xa,0x20,0x20,0x3c,
  0x6c,0x69,0x6e,0x65,0x20,0x78,0x31,0x3d,0x22,0x31,0x35,0x2e,0x34,0x31,0x22,0x20,
  0x78,0x32,0x3d,0x22,0x38,0x2e,0x35,0x39,0x22,0x20,0x79,0x31,0x3d,0x22,0x36,0x2e,
  0x35,0x31,0x22,0x20,0x79,0x32,0x3d,0x22,0x31,0x30,0x2e,0x34,0x39,0x22,0x20,0x2f,
  0x3e,0xd,0xa,0x3c,0x2f,0x73,0x76,0x67,0x3e,0xd,0xa,
    // sun.svg
  0x0,0x0,0x2,0x3f,
  0x3c,
  0x21,0x2d,0x2d,0x20,0x40,0x6c,0x69,0x63,0x65,0x6e,0x73,0x65,0x20,0x6c,0x75,0x63,
  0x69,0x64,0x65,0x2d,0x73,0x74,0x61,0x74,0x69,0x63,0x20,0x76,0x31,0x2e,0x33,0x31,
  0x2e,0x30,0x20,0x2d,0x20,0x49,0x53,0x43,0x20,0x2d,0x2d,0x3e,0xd,0xa,0x3c,0x73,
  0x76,0x67,0xd,0xa,0x20,0x20,0x63,0x6c,0x61,0x73,0x73,0x3d,0x22,0x6c,0x75,0x63,
  0x69,0x64,0x65,0x20,0x6c,0x75,0x63,0x69,0x64,0x65,0x2d,0x73,0x75,0x6e,0x22,0xd,
  0xa,0x20,0x20,0x78,0x6d,0x6c,0x6e,0x73,0x3d,0x22,0x68,0x74,0x74,0x70,0x3a,0x2f,
  0x2f,0x77,0x77,0x77,0x2e,0x77,0x33,0x2e,0x6f,0x72,0x67,0x2f,0x32,0x30,0x30,0x30,
  0x2f,0x73,0x76,0x67,0x22,0xd,0xa,0x20,0x20,0x77,0x69,0x64,0x74,0x68,0x3d,0x22,
  0x32,0x34,0x22,0xd,0xa,0x20,0x20,0x68,0x65,0x69,0x67,0x68,0x74,0x3d,0x22,0x32,
  0x34,0x22,0xd,0xa,0x20,0x20,0x76,0x69,0x65,0x77,0x42,0x6f,0x78,0x3d,0x22,0x30,
  0x20,0x30,0x20,0x32,0x34,0x20,0x32,0x34,0x22,0xd,0xa,0x20,0x20,0x66,0x69,0x6c,
  0x6c,0x3d,0x22,0x6e,0x6f,0x6e,0x65,0x22,0xd,0xa,0x20,0x20,0x73,0x74,0x72,0x6f,
  0x6b,0x65,0x3d,0x22,0x77,0x68,0x69,0x74,0x65,0x22,0xd,0xa,0x20,0x20,0x73,0x74,
  0x72,0x6f,0x6b,0x65,0x2d,0x77,0x69,0x64,0x74,0x68,0x3d,0x22,0x32,0x22,0xd,0xa,
  0x20,0x20,0x73,0x74,0x72,0x6f,0x6b,0x65,0x2d,0x6c,0x69,0x6e,0x65,0x63,0x61,0x70,
  0x3d,0x22,0x72,0x6f,0x75,0x6e,0x64,0x22,0xd,0xa,0x20,0x20,0x73,0x74,0x72,0x6f,
  0x6b,0x65,0x2d,0x6c,0x69,0x6e,0x65,0x6a,0x6f,0x69,0x6e,0x3d,0x22,0x72,0x6f,0x75,
  0x6e,0x64,0x22,0xd,0xa,0x3e,0xd,0xa,0x20,0x20,0x3c,0x63,0x69,0x72,0x63,0x6c,
  0x65,0x20,0x63,0x78,0x3d,0x22,0x31,0x32,0x22,0x20,0x63,0x79,0x3d,0x22,0x31,0x32,
  0x22,0x20,0x72,0x3d,0x22,0x34,0x22,0x20,0x2f,0x3e,0xd,0xa,0x20,0x20,0x3c,0x70,
  0x61,0x74,0x68,0x20,0x64,0x3d,0x22,0x4d,0x31,0x32,0x20,0x32,0x76,0x32,0x22,0x20,
  0x2f,0x3e,0xd,0xa,0x20,0x20,0x3c,0x70,0x61,0x74,0x68,0x20,0x64,0x3d,0x22,0x4d,
  0x31,0x32,0x20,0x32,0x30,0x76,0x32,0x22,0x20,0x2f,0x3e,0xd,0xa,0x20,0x20,0x3c,
  0x70,0x61,0x74,0x68,0x20,0x64,0x3d,0x22,0x6d,0x34,0x2e,0x39,0x33,0x20,0x34,0x2e,
  0x39,0x33,0x20,0x31,0x2e,0x34,0x31,0x20,0x31,0x2e,0x34,0x31,0x22,0x20,0x2f,0x3e,
  0xd,0xa,0x20,0x20,0x3c,0x70,0x61,0x74,0x68,0x20,0x64,0x3d,0x22,0x6d,0x31,0x37,
  0x2e,0x36,0x36,0x20,0x31,0x37,0x2e,0x36,0x36,0x20,0x31,0x2e,0x34,0x31,0x20,0x31,
  0x2e,0x34,0x31,0x22,0x20,0x2f,0x3e,0xd,0xa,0x20,0x20,0x3c,0x70,0x61,0x74,0x68,
  0x20,0x64,0x3d,0x22,0x4d,0x32,0x20,0x31,0x32,0x68,0x32,0x22,0x20,0x2f,0x3e,0xd,
  0xa,0x20,0x20,0x3c,0x70,0x61,0x74,0x68,0x20,0x64,0x3d,0x22,0x4d,0x32,0x30,0x20,
  0x31,0x32,0x68,0x32,0x22,0x20,0x2f,0x3e,0xd,0xa,0x20,0x20,0x3c,0x70,0x61,0x74,
  0x68,0x20,0x64,0x3d,0x22,0x6d,0x36,0x2e,0x33,0x34,0x20,0x31,0x37,0x2e,0x36,0x36,
  0x2d,0x31,0x2e,0x34,0x31,0x20,0x31,0x2e,0x34,0x31,0x22,0x20,0x2f,0x3e,0xd,0xa,
  0x20,0x20,0x3c,0x70,0x61,0x74,0x68,0x20,0x64,0x3d,0x22,0x6d,0x31,0x39,0x2e,0x30,
  0x37,0x20,0x34,0x2e,0x39,0x33,0x2d,0x31,0x2e,0x34,0x31,0x20,0x31,0x2e,0x34,0x31,
  0x22,0x20,0x2f,0x3e,0xd,0xa,0x3c,0x2f,0x73,0x76,0x67,0x3e,0xd,0xa,
    // square.svg
  0x0,0x0,0x0,0xa7,
  0x3c,
  0x73,0x76,0x67,0x20,0x78,0x6d,0x6c,0x6e,0x73,0x3d,0x22,0x68,0x74,0x74,0x70,0x3a,
  0x2f,0x2f,0x77,0x77,0x77,0x2e,0x77,0x33,0x2e,0x6f,0x72,0x67,0x2f,0x32,0x30,0x30,
  0x30,0x2f,0x73,0x76,0x67,0x22,0x20,0x76,0x69,0x65,0x77,0x42,0x6f,0x78,0x3d,0x22,
  0x30,0x20,0x30,0x20,0x32,0x34,0x20,0x32,0x34,0x22,0x20,0x66,0x69,0x6c,0x6c,0x3d,
  0x22,0x6e,0x6f,0x6e,0x65,0x22,0x20,0x73,0x74,0x72,0x6f,0x6b,0x65,0x3d,0x22,0x63,
  0x75,0x72,0x72,0x65,0x6e,0x74,0x43,0x6f,0x6c,0x6f,0x72,0x22,0x20,0x73,0x74,0x72,
  0x6f,0x6b,0x65,0x2d,0x77,0x69,0x64,0x74,0x68,0x3d,0x22,0x32,0x22,0x3e,0x3c,0x72,
  0x65,0x63,0x74,0x20,0x78,0x3d,0x22,0x35,0x22,0x20,0x79,0x3d,0x22,0x35,0x22,0x20,
  0x77,0x69,0x64,0x74,0x68,0x3d,0x22,0x31,0x34,0x22,0x20,0x68,0x65,0x69,0x67,0x68,
  0x74,0x3d,0x22,0x31,0x34,0x22,0x20,0x72,0x78,0x3d,0x22,0x31,0x22,0x2f,0x3e,0x3c,
  0x2f,0x73,0x76,0x67,0x3e,0xa,
    // chevron-up.svg
  0x0,0x0,0x0,0xd1,
  0x3c,
  0x73,0x76,0x67,0x20,0x78,0x6d,0x6c,0x6e,0x73,0x3d,0x22,0x68,0x74,0x74,0x70,0x3a,
  0x2f,0x2f,0x77,0x77,0x77,0x2e,0x77,0x33,0x2e,0x6f,0x72,0x67,0x2f,0x32,0x30,0x30,
  0x30,0x2f,0x73,0x76,0x67,0x22,0x20,0x77,0x69,0x64,0x74,0x68,0x3d,0x22,0x32,0x34,
  0x22,0x20,0x68,0x65,0x69,0x67,0x68,0x74,0x3d,0x22,0x32,0x34,0x22,0x20,0x76,0x69,
  0x65,0x77,0x42,0x6f,0x78,0x3d,0x22,0x30,0x20,0x30,0x20,0x32,0x34,0x20,0x32,0x34,
  0x22,0x20,0x66,0x69,0x6c,0x6c,0x3d,0x22,0x6e,0x6f,0x6e,0x65,0x22,0x20,0x73,0x74,
  0x72,0x6f,0x6b,0x65,0x3d,0x22,0x23,0x66,0x66,0x66,0x66,0x66,0x66,0x22,0x20,0x73,
  0x74,0x72,0x6f,0x6b,0x65,0x2d,0x77,0x69,0x64,0x74,0x68,0x3d,0x22,0x32,0x22,0x20,
  0x73,0x74,0x72,0x6f,0x6b,0x65,0x2d,0x6c,0x69,0x6e,0x65,0x63,0x61,0x70,0x3d,0x22,
  0x72,0x6f,0x75,0x6e,0x64,0x22,0x20,0x73,0x74,0x72,0x6f,0x6b,0x65,0x2d,0x6c,0x69,
  0x6e,0x65,0x6a,0x6f,0x69,0x6e,0x3d,0x22,0x72,0x6f,0x75,0x6e,0x64,0x22,0x3e,0x3c,
  0x70,0x61,0x74,0x68,0x20,0x64,0x3d,0x22,0x6d,0x31,0x38,0x20,0x31,0x35,0x2d,0x36,
  0x2d,0x36,0x2d,0x36,0x20,0x36,0x22,0x2f,0x3e,0x3c,0x2f,0x73,0x76,0x67,0x3e,0xa,
  
    // volume-x.svg
  0x0,0x0,0x2,0x35,
  0x3c,
  0x21,0x2d,0x2d,0x20,0x40,0x6c,0x69,0x63,0x65,0x6e,0x73,0x65,0x20,0x6c,0x75,0x63,
  0x69,0x64,0x65,0x2d,0x73,0x74,0x61,0x74,0x69,0x63,0x20,0x76,0x31,0x2e,0x33,0x31,
  0x2e,0x30,0x20,0x2d,0x20,0x49,0x53,0x43,0x20,0x2d,0x2d,0x3e,0xd,0xa,0x3c,0x73,
  0x76,0x67,0xd,0xa,0x20,0x20,0x63,0x6c,0x61,0x73,0x73,0x3d,0x22,0x6c,0x75,0x63,
  0x69,0x64,0x65,0x20,0x6c,0x75,0x63,0x69,0x64,0x65,0x2d,0x76,0x6f,0x6c,0x75,0x6d,
  0x65,0x2d,0x78,0x22,0xd,0xa,0x20,0x20,0x78,0x6d,0x6c,0x6e,0x73,0x3d,0x22,0x68,
  0x74,0x74,0x70,0x3a,0x2f,0x2f,0x77,0x77,0x77,0x2e,0x77,0x33,0x2e,0x6f,0x72,0x67,
  0x2f,0x32,0x30,0x30,0x30,0x2f,0x73,0x76,0x67,0x22,0xd,0xa,0x20,0x20,0x77,0x69,
  0x64,0x74,0x68,0x3d,0x22,0x32,0x34,0x22,0xd,0xa,0x20,0x20,0x68,0x65,0x69,0x67,
  0x68,0x74,0x3d,0x22,0x32,0x34,0x22,0xd,0xa,0x20,0x20,0x76,0x69,0x65,0x77,0x42,
  0x6f,0x78,0x3d,0x22,0x30,0x20,0x30,0x20,0x32,0x34,0x20,0x32,0x34,0x22,0xd,0xa,
  0x20,0x20,0x66,0x69,0x6c,0x6c,0x3d,0x22,0x6e,0x6f,0x6e,0x65,0x22,0xd,0xa,0x20,
  0x20,0x73,0x74,0x72,0x6f,0x6b,0x65,0x3d,0x22,0x77,0x68,0x69,0x74,0x65,0x22,0xd,
  0xa,0x20,0x20,0x73,0x74,0x72,0x6f,0x6b,0x65,0x2d,0x77,0x69,0x64,0x74,0x68,0x3d,
  0x22,0x32,0x22,0xd,0xa,0x20,0x20,0x73,0x74,0x72,0x6f,0x6b,0x65,0x2d,0x6c,0x69,
  0x6e,0x65,0x63,0x61,0x70,0x3d,0x22,0x72,0x6f,0x75,0x6e,0x64,0x22,0xd,0xa,0x20,
  0x20,0x73,0x74,0x72,0x6f,0x6b,0x65,0x2d,0x6c,0x69,0x6e,0x65,0x6a,0x6f,0x69,0x6e,
  0x3d,0x22,0x72,0x6f,0x75,0x6e,0x64,0x22,0xd,0xa,0x3e,0xd,0xa,0x20,0x20,0x3c,
  0x70,0x61,0x74,0x68,0x20,0x64,0x3d,0x22,0x4d,0x31,0x31,0x20,0x34,0x2e,0x37,0x30,
  0x32,0x61,0x2e,0x37,0x30,0x35,0x2e,0x37,0x30,0x35,0x20,0x30,0x20,0x30,0x20,0x30,
  0x2d,0x31,0x2e,0x32,0x30,0x33,0x2d,0x2e,0x34,0x39,0x38,0x4c,0x36,0x2e,0x34,0x31,
  0x33,0x20,0x37,0x2e,0x35,0x38,0x37,0x41,0x31,0x2e,0x34,0x20,0x31,0x2e,0x34,0x20,
  0x30,0x20,0x30,0x20,0x31,0x20,0x35,0x2e,0x34,0x31,0x36,0x20,0x38,0x48,0x33,0x61,
  0x31,0x20,0x31,0x20,0x30,0x20,0x30,0x20,0x30,0x2d,0x31,0x20,0x31,0x76,0x36,0x61,
  0x31,0x20,0x31,0x20,0x30,0x20,0x30,0x20,0x30,0x20,0x31,0x20,0x31,0x68,0x32,0x2e,
  0x34,0x31,0x36,0x61,0x31,0x2e,0x34,0x20,0x31,0x2e,0x34,0x20,0x30,0x20,0x30,0x20,
  0x31,0x20,0x2e,0x39,0x39,0x37,0x2e,0x34,0x31,0x33,0x6c,0x33,0x2e,0x33,0x38,0x33,
  0x20,0x33,0x2e,0x33,0x38,0x34,0x41,0x2e,0x37,0x30,0x35,0x2e,0x37,0x30,0x35,0x20,
  0x30,0x20,0x30,0x20,0x30,0x20,0x31,0x31,0x20,0x31,0x39,0x2e,0x32,0x39,0x38,0x7a,
  0x22,0x20,0x2f,0x3e,0xd,0xa,0x20,0x20,0x3c,0x6c,0x69,0x6e,0x65,0x20,0x78,0x31,
  0x3d,0x22,0x32,0x32,0x22,0x20,0x78,0x32,0x3d,0x22,0x31,0x36,0x22,0x20,0x79,0x31,
  0x3d,0x22,0x39,0x22,0x20,0x79,0x32,0x3d,0x22,0x31,0x35,0x22,0x20,0x2f,0x3e,0xd,
  0xa,0x20,0x20,0x3c,0x6c,0x69,0x6e,0x65,0x20,0x78,0x31,0x3d,0x22,0x31,0x36,0x22,
  0x20,0x78,0x32,0x3d,0x22,0x32,0x32,0x22,0x20,0x79,0x31,0x3d,0x22,0x39,0x22,0x20,
  0x79,0x32,0x3d,0x22,0x31,0x35,0x22,0x20,0x2f,0x3e,0xd,0xa,0x3c,0x2f,0x73,0x76,
  0x67,0x3e,0xd,0xa,
    // clock.svg
  0x0,0x0,0x0,0xdb,
  0x3c,
  0x73,0x76,0x67,0x20,0x78,0x6d,0x6c,0x6e,0x73,0x3d,0x22,0x68,0x74,0x74,0x70,0x3a,
  0x2f,0x2f,0x77,0x77,0x77,0x2e,0x77,0x33,0x2e,0x6f,0x72,0x67,0x2f,0x32,0x30,0x30,
  0x30,0x2f,0x73,0x76,0x67,0x22,0x20,0x76,0x69,0x65,0x77,0x42,0x6f,0x78,0x3d,0x22,
  0x30,0x20,0x30,0x20,0x32,0x34,0x20,0x32,0x34,0x22,0x20,0x66,0x69,0x6c,0x6c,0x3d,
  0x22,0x6e,0x6f,0x6e,0x65,0x22,0x20,0x73,0x74,0x72,0x6f,0x6b,0x65,0x3d,0x22,0x63,
  0x75,0x72,0x72,0x65,0x6e,0x74,0x43,0x6f,0x6c,0x6f,0x72,0x22,0x20,0x73,0x74,0x72,
  0x6f,0x6b,0x65,0x2d,0x77,0x69,0x64,0x74,0x68,0x3d,0x22,0x32,0x22,0x20,0x73,0x74,
  0x72,0x6f,0x6b,0x65,0x2d,0x6c,0x69,0x6e,0x65,0x63,0x61,0x70,0x3d,0x22,0x72,0x6f,
  0x75,0x6e,0x64,0x22,0x20,0x73,0x74,0x72,0x6f,0x6b,0x65,0x2d,0x6c,0x69,0x6e,0x65,
  0x6a,0x6f,0x69,0x6e,0x3d,0x22,0x72,0x6f,0x75,0x6e,0x64,0x22,0x3e,0x3c,0x63,0x69,
  0x72,0x63,0x6c,0x65,0x20,0x63,0x78,0x3d,0x22,0x31,0x32,0x22,0x20,0x63,0x79,0x3d,
  0x22,0x31,0x32,0x22,0x20,0x72,0x3d,0x22,0x39,0x22,0x2f,0x3e,0x3c,0x70,0x61,0x74,
  0x68,0x20,0x64,0x3d,0x22,0x4d,0x31,0x32,0x20,0x37,0x76,0x35,0x6c,0x33,0x20,0x32,
  0x22,0x2f,0x3e,0x3c,0x2f,0x73,0x76,0x67,0x3e,0xa,
    // eye-off.svg
  0x0,0x0,0x2,0x51,
  0x3c,
  0x21,0x2d,0x2d,0x20,0x40,0x6c,0x69,0x63,0x65,0x6e,0x73,0x65,0x20,0x6c,0x75,0x63,
  0x69,0x64,0x65,0x2d,0x73,0x74,0x61,0x74,0x69,0x63,0x20,0x76,0x31,0x2e,0x33,0x31,
  0x2e,0x30,0x20,0x2d,0x20,0x49,0x53,0x43,0x20,0x2d,0x2d,0x3e,0xd,0xa,0x3c,0x73,
  0x76,0x67,0xd,0xa,0x20,0x20,0x63,0x6c,0x61,0x73,0x73,0x3d,0x22,0x6c,0x75,0x63,
  0x69,0x64,0x65,0x20,0x6c,0x75,0x63,0x69,0x64,0x65,0x2d,0x65,0x79,0x65,0x2d,0x6f,
  0x66,0x66,0x22,0xd,0xa,0x20,0x20,0x78,0x6d,0x6c,0x6e,0x73,0x3d,0x22,0x68,0x74,
  0x74,0x70,0x3a,0x2f,0x2f,0x77,0x77,0x77,0x2e,0x77,0x33,0x2e,0x6f,0x72,0x67,0x2f,
  0x32,0x30,0x30,0x30,0x2f,0x73,0x76,0x67,0x22,0xd,0xa,0x20,0x20,0x77,0x69,0x64,
  0x74,0x68,0x3d,0x22,0x32,0x34,0x22,0xd,0xa,0x20,0x20,0x68,0x65,0x69,0x67,0x68,
  0x74,0x3d,0x22,0x32,0x34,0x22,0xd,0xa,0x20,0x20,0x76,0x69,0x65,0x77,0x42,0x6f,
  0x78,0x3d,0x22,0x30,0x20,0x30,0x20,0x32,0x34,0x20,0x32,0x34,0x22,0xd,0xa,0x20,
  0x20,0x66,0x69,0x6c,0x6c,0x3d,0x22,0x6e,0x6f,0x6e,0x65,0x22,0xd,0xa,0x20,0x20,
  0x73,0x74,0x72,0x6f,0x6b,0x65,0x3d,0x22,0x77,0x68,0x69,0x74,0x65,0x22,0xd,0xa,
  0x20,0x20,0x73,0x74,0x72,0x6f,0x6b,0x65,0x2d,0x77,0x69,0x64,0x74,0x68,0x3d,0x22,
  0x32,0x22,0xd,0xa,0x20,0x20,0x73,0x74,0x72,0x6f,0x6b,0x65,0x2d,0x6c,0x69,0x6e,
  0x65,0x63,0x61,0x70,0x3d,0x22,0x72,0x6f,0x75,0x6e,0x64,0x22,0xd,0xa,0x20,0x20,
  0x73,0x74,0x72,0x6f,0x6b,0x65,0x2d,0x6c,0x69,0x6e,0x65,0x6a,0x6f,0x69,0x6e,0x3d,
  0x22,0x72,0x6f,0x75,0x6e,0x64,0x22,0xd,0xa,0x3e,0xd,0xa,0x20,0x20,0x3c,0x70,
  0x61,0x74,0x68,0x20,0x64,0x3d,0x22,0x4d,0x31,0x30,0x2e,0x37,0x33,0x33,0x20,0x35,
  0x2e,0x30,0x37,0x36,0x61,0x31,0x30,0x2e,0x37,0x34,0x34,0x20,0x31,0x30,0x2e,0x37,
  0x34,0x34,0x20,0x30,0x20,0x30,0x20,0x31,0x20,0x31,0x31,0x2e,0x32,0x30,0x35,0x20,
  0x36,0x2e,0x35,0x37,0x35,0x20,0x31,0x20,0x31,0x20,0x30,0x20,0x30,0x20,0x31,0x20,
  0x30,0x20,0x2e,0x36,0x39,0x36,0x20,0x31,0x30,0x2e,0x37,0x34,0x37,0x20,0x31,0x30,
  0x2e,0x37,0x34,0x37,0x20,0x30,0x20,0x30,0x20,0x31,0x2d,0x31,0x2e,0x34,0x34,0x34,
  0x20,0x32,0x2e,0x34,0x39,0x22,0x20,0x2f,0x3e,0xd,0xa,0x20,0x20,0x3c,0x70,0x61,
  0x74,0x68,0x20,0x64,0x3d,0x22,0x4d,0x31,0x34,0x2e,0x30,0x38,0x34,0x20,0x31,0x34,
  0x2e,0x31,0x35,0x38,0x61,0x33,0x20,0x33,0x20,0x30,0x20,0x30,0x20,0x31,0x2d,0x34,
  0x2e,0x32,0x34,0x32,0x2d,0x34,0x2e,0x32,0x34,0x32,0x22,0x20,0x2f,0x3e,0xd,0xa,
  0x20,0x20,0x3c,0x70,0x61,0x74,0x68,0x20,0x64,0x3d,0x22,0x4d,0x31,0x37,0x2e,0x34,
  0x37,0x39,0x20,0x31,0x37,0x2e,0x34,0x39,0x39,0x61,0x31,0x30,0x2e,0x37,0x35,0x20,
  0x31,0x30,0x2e,0x37,0x35,0x20,0x30,0x20,0x30,0x20,0x31,0x2d,0x31,0x35,0x2e,0x34,
  0x31,0x37,0x2d,0x35,0x2e,0x31,0x35,0x31,0x20,0x31,0x20,0x31,0x20,0x30,0x20,0x30,
  0x20,0x31,0x20,0x30,0x2d,0x2e,0x36,0x39,0x36,0x20,0x31,0x30,0x2e,0x37,0x35,0x20,
  0x31,0x30,0x2e,0x37,0x35,0x20,0x30,0x20,0x30,0x20,0x31,0x20,0x34,0x2e,0x34,0x34,
  0x36,0x2d,0x35,0x2e,0x31,0x34,0x33,0x22,0x20,0x2f,0x3e,0xd,0xa,0x20,0x20,0x3c,
  0x70,0x61,0x74,0x68,0x20,0x64,0x3d,0x22,0x6d,0x32,0x20,0x32,0x20,0x32,0x30,0x20,
  0x32,0x30,0x22,0x20,0x2f,0x3e,0xd,0xa,0x3c,0x2f,0x73,0x76,0x67,0x3e,0xd,0xa,
  
    // chevrons-right.svg
  0x0,0x0,0x1,0x69,
  0x3c,
  0x21,0x2d,0x2d,0x20,0x40,0x6c,0x69,0x63,0x65,0x6e,0x73,0x65,0x20,0x6c,0x75,0x63,
  0x69,0x64,0x65,0x2d,0x73,0x74,0x61,0x74,0x69,0x63,0x20,0x76,0x31,0x2e,0x33,0x31,
  0x2e,0x30,0x20,0x2d,0x20,0x49,0x53,0x43,0x20,0x2d,0x2d,0x3e,0xd,0xa,0x3c,0x73,
  0x76,0x67,0xd,0xa,0x20,0x20,0x63,0x6c,0x61,0x73,0x73,0x3d,0x22,0x6c,0x75,0x63,
  0x69,0x64,0x65,0x20,0x6c,0x75,0x63,0x69,0x64,0x65,0x2d,0x63,0x68,0x65,0x76,0x72,
  0x6f,0x6e,0x73,0x2d,0x72,0x69,0x67,0x68,0x74,0x22,0xd,0xa,0x20,0x20,0x78,0x6d,
  0x6c,0x6e,0x73,0x3d,0x22,0x68,0x74,0x74,0x70,0x3a,0x2f,0x2f,0x77,0x77,0x77,0x2e,
  0x77,0x33,0x2e,0x6f,0x72,0x67,0x2f,0x32,0x30,0x30,0x30,0x2f,0x73,0x76,0x67,0x22,
  0xd,0xa,0x20,0x20,0x77,0x69,0x64,0x74,0x68,0x3d,0x22,0x32,0x34,0x22,0xd,0xa,
  0x20,0x20,0x68,0x65,0x69,0x67,0x68,0x74,0x3d,0x22,0x32,0x34,0x22,0xd,0xa,0x20,
  0x20,0x76,0x69,0x65,0x77,0x42,0x6f,0x78,0x3d,0x22,0x30,0x20,0x30,0x20,0x32,0x34,
  0x20,0x32,0x34,0x22,0xd,0xa,0x20,0x20,0x66,0x69,0x6c,0x6c,0x3d,0x22,0x6e,0x6f,
  0x6e,0x65,0x22,0xd,0xa,0x20,0x20,0x73,0x74,0x72,0x6f,0x6b,0x65,0x3d,0x22,0x77,
  0x68,0x69,0x74,0x65,0x22,0xd,0xa,0x20,0x20,0x73,0x74,0x72,0x6f,0x6b,0x65,0x2d,
  0x77,0x69,0x64,0x74,0x68,0x3d,0x22,0x32,0x22,0xd,0xa,0x20,0x20,0x73,0x74,0x72,
  0x6f,0x6b,0x65,0x2d,0x6c,0x69,0x6e,0x65,0x63,0x61,0x70,0x3d,0x22,0x72,0x6f,0x75,
  0x6e,0x64,0x22,0xd,0xa,0x20,0x20,0x73,0x74,0x72,0x6f,0x6b,0x65,0x2d,0x6c,0x69,
  0x6e,0x65,0x6a,0x6f,0x69,0x6e,0x3d,0x22,0x72,0x6f,0x75,0x6e,0x64,0x22,0xd,0xa,
  0x3e,0xd,0xa,0x20,0x20,0x3c,0x70,0x61,0x74,0x68,0x20,0x64,0x3d,0x22,0x6d,0x36,
  0x20,0x31,0x37,0x20,0x35,0x2d,0x35,0x2d,0x35,0x2d,0x35,0x22,0x20,0x2f,0x3e,0xd,
  0xa,0x20,0x20,0x3c,0x70,0x61,0x74,0x68,0x20,0x64,0x3d,0x22,0x6d,0x31,0x33,0x20,
  0x31,0x37,0x20,0x35,0x2d,0x35,0x2d,0x35,0x2d,0x35,0x22,0x20,0x2f,0x3e,0xd,0xa,
  0x3c,0x2f,0x73,0x76,0x67,0x3e,0xd,0xa,
    // rewind.svg
  0x0,0x0,0x1,0xd4,
  0x3c,
  0x21,0x2d,0x2d,0x20,0x40,0x6c,0x69,0x63,0x65,0x6e,0x73,0x65,0x20,0x6c,0x75,0x63,
  0x69,0x64,0x65,0x2d,0x73,0x74,0x61,0x74,0x69,0x63,0x20,0x76,0x31,0x2e,0x33,0x31,
  0x2e,0x30,0x20,0x2d,0x20,0x49,0x53,0x43,0x20,0x2d,0x2d,0x3e,0xd,0xa,0x3c,0x73,
  0x76,0x67,0xd,0xa,0x20,0x20,0x63,0x6c,0x61,0x73,0x73,0x3d,0x22,0x6c,0x75,0x63,
  0x69,0x64,0x65,0x20,0x6c,0x75,0x63,0x69,0x64,0x65,0x2d,0x72,0x65,0x77,0x69,0x6e,
  0x64,0x22,0xd,0xa,0x20,0x20,0x78,0x6d,0x6c,0x6e,0x73,0x3d,0x22,0x68,0x74,0x74,
  0x70,0x3a,0x2f,0x2f,0x77,0x77,0x77,0x2e,0x77,0x33,0x2e,0x6f,0x72,0x67,0x2f,0x32,
  0x30,0x30,0x30,0x2f,0x73,0x76,0x67,0x22,0xd,0xa,0x20,0x20,0x77,0x69,0x64,0x74,
  0x68,0x3d,0x22,0x32,0x34,0x22,0xd,0xa,0x20,0x20,0x68,0x65,0x69,0x67,0x68,0x74,
  0x3d,0x22,0x32,0x34,0x22,0xd,0xa,0x20,0x20,0x76,0x69,0x65,0x77,0x42,0x6f,0x78,
  0x3d,0x22,0x30,0x20,0x30,0x20,0x32,0x34,0x20,0x32,0x34,0x22,0xd,0xa,0x20,0x20,
  0x66,0x69,0x6c,0x6c,0x3d,0x22,0x6e,0x6f,0x6e,0x65,0x22,0xd,0xa,0x20,0x20,0x73,
  0x74,0x72,0x6f,0x6b,0x65,0x3d,0x22,0x77,0x68,0x69,0x74,0x65,0x22,0xd,0xa,0x20,
  0x20,0x73,0x74,0x72,0x6f,0x6b,0x65,0x2d,0x77,0x69,0x64,0x74,0x68,0x3d,0x22,0x32,
  0x22,0xd,0xa,0x20,0x20,0x73,0x74,0x72,0x6f,0x6b,0x65,0x2d,0x6c,0x69,0x6e,0x65,
  0x63,0x61,0x70,0x3d,0x22,0x72,0x6f,0x75,0x6e,0x64,0x22,0xd,0xa,0x20,0x20,0x73,
  0x74,0x72,0x6f,0x6b,0x65,0x2d,0x6c,0x69,0x6e,0x65,0x6a,0x6f,0x69,0x6e,0x3d,0x22,
  0x72,0x6f,0x75,0x6e,0x64,0x22,0xd,0xa,0x3e,0xd,0xa,0x20,0x20,0x3c,0x70,0x61,
  0x74,0x68,0x20,0x64,0x3d,0x22,0x4d,0x31,0x32,0x20,0x36,0x61,0x32,0x20,0x32,0x20,
  0x30,0x20,0x30,0x20,0x30,0x2d,0x33,0x2e,0x34,0x31,0x34,0x2d,0x31,0x2e,0x34,0x31,
  0x34,0x6c,0x2d,0x36,0x20,0x36,0x61,0x32,0x20,0x32,0x20,0x30,0x20,0x30,0x20,0x30,
  0x20,0x30,0x20,0x32,0x2e,0x38,0x32,0x38,0x6c,0x36,0x20,0x36,0x41,0x32,0x20,0x32,
  0x20,0x30,0x20,0x30,0x20,0x30,0x20,0x31,0x32,0x20,0x31,0x38,0x7a,0x22,0x20,0x2f,
  0x3e,0xd,0xa,0x20,0x20,0x3c,0x70,0x61,0x74,0x68,0x20,0x64,0x3d,0x22,0x4d,0x32,
  0x32,0x20,0x36,0x61,0x32,0x20,0x32,0x20,0x30,0x20,0x30,0x20,0x30,0x2d,0x33,0x2e,
  0x34,0x31,0x34,0x2d,0x31,0x2e,0x34,0x31,0x34,0x6c,0x2d,0x36,0x20,0x36,0x61,0x32,
  0x20,0x32,0x20,0x30,0x20,0x30,0x20,0x30,0x20,0x30,0x20,0x32,0x2e,0x38,0x32,0x38,
  0x6c,0x36,0x20,0x36,0x41,0x32,0x20,0x32,0x20,0x30,0x20,0x30,0x20,0x30,0x20,0x32,
  0x32,0x20,0x31,0x38,0x7a,0x22,0x20,0x2f,0x3e,0xd,0xa,0x3c,0x2f,0x73,0x76,0x67,
  0x3e,0xd,0xa,
    // mouse-pointer-2.svg
  0x0,0x0,0x1,0xc2,
  0x3c,
  0x21,0x2d,0x2d,0x20,0x40,0x6c,0x69,0x63,0x65,0x6e,0x73,0x65,0x20,0x6c,0x75,0x63,
  0x69,0x64,0x65,0x2d,0x73,0x74,0x61,0x74,0x69,0x63,0x20,0x76,0x31,0x2e,0x33,0x31,
  0x2e,0x30,0x20,0x2d,0x20,0x49,0x53,0x43,0x20,0x2d,0x2d,0x3e,0xd,0xa,0x3c,0x73,
  0x76,0x67,0xd,0xa,0x20,0x20,0x63,0x6c,0x61,0x73,0x73,0x3d,0x22,0x6c,0x75,0x63,
  0x69,0x64,0x65,0x20,0x6c,0x75,0x63,0x69,0x64,0x65,0x2d,0x6d,0x6f,0x75,0x73,0x65,
  0x2d,0x70,0x6f,0x69,0x6e,0x74,0x65,0x72,0x2d,0x32,0x22,0xd,0xa,0x20,0x20,0x78,
  0x6d,0x6c,0x6e,0x73,0x3d,0x22,0x68,0x74,0x74,0x70,0x3a,0x2f,0x2f,0x77,0x77,0x77,
  0x2e,0x77,0x33,0x2e,0x6f,0x72,0x67,0x2f,0x32,0x30,0x30,0x30,0x2f,0x73,0x76,0x67,
  0x22,0xd,0xa,0x20,0x20,0x77,0x69,0x64,0x74,0x68,0x3d,0x22,0x32,0x34,0x22,0xd,
  0xa,0x20,0x20,0x68,0x65,0x69,0x67,0x68,0x74,0x3d,0x22,0x32,0x34,0x22,0xd,0xa,
  0x20,0x20,0x76,0x69,0x65,0x77,0x42,0x6f,0x78,0x3d,0x22,0x30,0x20,0x30,0x20,0x32,
  0x34,0x20,0x32,0x34,0x22,0xd,0xa,0x20,0x20,0x66,0x69,0x6c,0x6c,0x3d,0x22,0x6e,
  0x6f,0x6e,0x65,0x22,0xd,0xa,0x20,0x20,0x73,0x74,0x72,0x6f,0x6b,0x65,0x3d,0x22,
  0x77,0x68,0x69,0x74,0x65,0x22,0xd,0xa,0x20,0x20,0x73,0x74,0x72,0x6f,0x6b,0x65,
  0x2d,0x77,0x69,0x64,0x74,0x68,0x3d,0x22,0x32,0x22,0xd,0xa,0x20,0x20,0x73,0x74,
  0x72,0x6f,0x6b,0x65,0x2d,0x6c,0x69,0x6e,0x65,0x63,0x61,0x70,0x3d,0x22,0x72,0x6f,
  0x75,0x6e,0x64,0x22,0xd,0xa,0x20,0x20,0x73,0x74,0x72,0x6f,0x6b,0x65,0x2d,0x6c,
  0x69,0x6e,0x65,0x6a,0x6f,0x69,0x6e,0x3d,0x22,0x72,0x6f,0x75,0x6e,0x64,0x22,0xd,
  0xa,0x3e,0xd,0xa,0x20,0x20,0x3c,0x70,0x61,0x74,0x68,0x20,0x64,0x3d,0x22,0x4d,
  0x34,0x2e,0x30,0x33,0x37,0x20,0x34,0x2e,0x36,0x38,0x38,0x61,0x2e,0x34,0x39,0x35,
  0x2e,0x34,0x39,0x35,0x20,0x30,0x20,0x30,0x20,0x31,0x20,0x2e,0x36,0x35,0x31,0x2d,
  0x2e,0x36,0x35,0x31,0x6c,0x31,0x36,0x20,0x36,0x2e,0x35,0x61,0x2e,0x35,0x2e,0x35,
  0x20,0x30,0x20,0x30,0x20,0x31,0x2d,0x2e,0x30,0x36,0x33,0x2e,0x39,0x34,0x37,0x6c,
  0x2d,0x36,0x2e,0x31,0x32,0x34,0x20,0x31,0x2e,0x35,0x38,0x61,0x32,0x20,0x32,0x20,
  0x30,0x20,0x30,0x20,0x30,0x2d,0x31,0x2e,0x34,0x33,0x38,0x20,0x31,0x2e,0x34,0x33,
  0x35,0x6c,0x2d,0x31,0x2e,0x35,0x37,0x39,0x20,0x36,0x2e,0x31,0x32,0x36,0x61,0x2e,
  0x35,0x2e,0x35,0x20,0x30,0x20,0x30,0x20,0x31,0x2d,0x2e,0x39,0x34,0x37,0x2e,0x30,
  0x36,0x33,0x7a,0x22,0x20,0x2f,0x3e,0xd,0xa,0x3c,0x2f,0x73,0x76,0x67,0x3e,0xd,
  0xa,
    // trim-start.svg
  0x0,0x0,0x1,0xf9,
  0x3c,
  0x73,0x76,0x67,0x20,0x78,0x6d,0x6c,0x6e,0x73,0x3d,0x22,0x68,0x74,0x74,0x70,0x3a,
  0x2f,0x2f,0x77,0x77,0x77,0x2e,0x77,0x33,0x2e,0x6f,0x72,0x67,0x2f,0x32,0x30,0x30,
  0x30,0x2f,0x73,0x76,0x67,0x22,0x20,0x77,0x69,0x64,0x74,0x68,0x3d,0x22,0x32,0x38,
  0x22,0x20,0x68,0x65,0x69,0x67,0x68,0x74,0x3d,0x22,0x32,0x38,0x22,0xa,0x20,0x20,
  0x20,0x20,0x20,0x76,0x69,0x65,0x77,0x42,0x6f,0x78,0x3d,0x22,0x30,0x20,0x30,0x20,
  0x32,0x38,0x20,0x32,0x38,0x22,0x20,0x66,0x69,0x6c,0x6c,0x3d,0x22,0x6e,0x6f,0x6e,
  0x65,0x22,0x20,0x73,0x74,0x72,0x6f,0x6b,0x65,0x2d,0x6c,0x69,0x6e,0x65,0x63,0x61,
  0x70,0x3d,0x22,0x72,0x6f,0x75,0x6e,0x64,0x22,0xa,0x20,0x20,0x20,0x20,0x20,0x73,
  0x74,0x72,0x6f,0x6b,0x65,0x2d,0x6c,0x69,0x6e,0x65,0x6a,0x6f,0x69,0x6e,0x3d,0x22,
  0x72,0x6f,0x75,0x6e,0x64,0x22,0x3e,0xa,0x20,0x20,0x3c,0x67,0x20,0x73,0x74,0x72,
  0x6f,0x6b,0x65,0x3d,0x22,0x23,0x31,0x31,0x31,0x31,0x31,0x31,0x22,0x20,0x73,0x74,
  0x72,0x6f,0x6b,0x65,0x2d,0x77,0x69,0x64,0x74,0x68,0x3d,0x22,0x36,0x22,0x3e,0xa,
  0x20,0x20,0x20,0x20,0x3c,0x70,0x61,0x74,0x68,0x20,0x64,0x3d,0x22,0x4d,0x38,0x20,
  0x35,0x48,0x35,0x76,0x31,0x38,0x68,0x33,0x22,0x20,0x2f,0x3e,0xa,0x20,0x20,0x20,
  0x20,0x3c,0x70,0x61,0x74,0x68,0x20,0x64,0x3d,0x22,0x4d,0x37,0x20,0x31,0x34,0x68,
  0x31,0x35,0x6d,0x2d,0x35,0x2d,0x35,0x20,0x35,0x20,0x35,0x2d,0x35,0x20,0x35,0x22,
  0x20,0x2f,0x3e,0xa,0x20,0x20,0x3c,0x2f,0x67,0x3e,0xa,0x20,0x20,0x3c,0x67,0x20,
  0x73,0x74,0x72,0x6f,0x6b,0x65,0x3d,0x22,0x23,0x66,0x66,0x66,0x66,0x66,0x66,0x22,
  0x20,0x73,0x74,0x72,0x6f,0x6b,0x65,0x2d,0x77,0x69,0x64,0x74,0x68,0x3d,0x22,0x34,
  0x22,0x3e,0xa,0x20,0x20,0x20,0x20,0x3c,0x70,0x61,0x74,0x68,0x20,0x64,0x3d,0x22,
  0x4d,0x38,0x20,0x35,0x48,0x35,0x76,0x31,0x38,0x68,0x33,0x22,0x20,0x2f,0x3e,0xa,
  0x20,0x20,0x20,0x20,0x3c,0x70,0x61,0x74,0x68,0x20,0x64,0x3d,0x22,0x4d,0x37,0x20,
  0x31,0x34,0x68,0x31,0x35,0x6d,0x2d,0x35,0x2d,0x35,0x20,0x35,0x20,0x35,0x2d,0x35,
  0x20,0x35,0x22,0x20,0x2f,0x3e,0xa,0x20,0x20,0x3c,0x2f,0x67,0x3e,0xa,0x20,0x20,
  0x3c,0x67,0x20,0x73,0x74,0x72,0x6f,0x6b,0x65,0x3d,0x22,0x23,0x66,0x66,0x35,0x33,
  0x36,0x63,0x22,0x20,0x73,0x74,0x72,0x6f,0x6b,0x65,0x2d,0x77,0x69,0x64,0x74,0x68,
  0x3d,0x22,0x32,0x22,0x3e,0xa,0x20,0x20,0x20,0x20,0x3c,0x70,0x61,0x74,0x68,0x20,
  0x64,0x3d,0x22,0x4d,0x38,0x20,0x35,0x48,0x35,0x76,0x31,0x38,0x68,0x33,0x22,0x20,
  0x2f,0x3e,0xa,0x20,0x20,0x20,0x20,0x3c,0x70,0x61,0x74,0x68,0x20,0x64,0x3d,0x22,
  0x4d,0x37,0x20,0x31,0x34,0x68,0x31,0x35,0x6d,0x2d,0x35,0x2d,0x35,0x20,0x35,0x20,
  0x35,0x2d,0x35,0x20,0x35,0x22,0x20,0x2f,0x3e,0xa,0x20,0x20,0x3c,0x2f,0x67,0x3e,
  0xa,0x3c,0x2f,0x73,0x76,0x67,0x3e,0xa,
    // x.svg
  0x0,0x0,0x1,0x55,
  0x3c,
  0x21,0x2d,0x2d,0x20,0x40,0x6c,0x69,0x63,0x65,0x6e,0x73,0x65,0x20,0x6c,0x75,0x63,
  0x69,0x64,0x65,0x2d,0x73,0x74,0x61,0x74,0x69,0x63,0x20,0x76,0x31,0x2e,0x33,0x31,
  0x2e,0x30,0x20,0x2d,0x20,0x49,0x53,0x43,0x20,0x2d,0x2d,0x3e,0xd,0xa,0x3c,0x73,
  0x76,0x67,0xd,0xa,0x20,0x20,0x63,0x6c,0x61,0x73,0x73,0x3d,0x22,0x6c,0x75,0x63,
  0x69,0x64,0x65,0x20,0x6c,0x75,0x63,0x69,0x64,0x65,0x2d,0x78,0x22,0xd,0xa,0x20,
  0x20,0x78,0x6d,0x6c,0x6e,0x73,0x3d,0x22,0x68,0x74,0x74,0x70,0x3a,0x2f,0x2f,0x77,
  0x77,0x77,0x2e,0x77,0x33,0x2e,0x6f,0x72,0x67,0x2f,0x32,0x30,0x30,0x30,0x2f,0x73,
  0x76,0x67,0x22,0xd,0xa,0x20,0x20,0x77,0x69,0x64,0x74,0x68,0x3d,0x22,0x32,0x34,
  0x22,0xd,0xa,0x20,0x20,0x68,0x65,0x69,0x67,0x68,0x74,0x3d,0x22,0x32,0x34,0x22,
  0xd,0xa,0x20,0x20,0x76,0x69,0x65,0x77,0x42,0x6f,0x78,0x3d,0x22,0x30,0x20,0x30,
  0x20,0x32,0x34,0x20,0x32,0x34,0x22,0xd,0xa,0x20,0x20,0x66,0x69,0x6c,0x6c,0x3d,
  0x22,0x6e,0x6f,0x6e,0x65,0x22,0xd,0xa,0x20,0x20,0x73,0x74,0x72,0x6f,0x6b,0x65,
  0x3d,0x22,0x77,0x68,0x69,0x74,0x65,0x22,0xd,0xa,0x20,0x20,0x73,0x74,0x72,0x6f,
  0x6b,0x65,0x2d,0x77,0x69,0x64,0x74,0x68,0x3d,0x22,0x32,0x22,0xd,0xa,0x20,0x20,
  0x73,0x74,0x72,0x6f,0x6b,0x65,0x2d,0x6c,0x69,0x6e,0x65,0x63,0x61,0x70,0x3d,0x22,
  0x72,0x6f,0x75,0x6e,0x64,0x22,0xd,0xa,0x20,0x20,0x73,0x74,0x72,0x6f,0x6b,0x65,
  0x2d,0x6c,0x69,0x6e,0x65,0x6a,0x6f,0x69,0x6e,0x3d,0x22,0x72,0x6f,0x75,0x6e,0x64,
  0x22,0xd,0xa,0x3e,0xd,0xa,0x20,0x20,0x3c,0x70,0x61,0x74,0x68,0x20,0x64,0x3d,
  0x22,0x4d,0x31,0x38,0x20,0x36,0x20,0x36,0x20,0x31,0x38,0x22,0x20,0x2f,0x3e,0xd,
  0xa,0x20,0x20,0x3c,0x70,0x61,0x74,0x68,0x20,0x64,0x3d,0x22,0x6d,0x36,0x20,0x36,
  0x20,0x31,0x32,0x20,0x31,0x32,0x22,0x20,0x2f,0x3e,0xd,0xa,0x3c,0x2f,0x73,0x76,
  0x67,0x3e,0xd,0xa,
    // trim-end.svg
  0x0,0x0,0x1,0xfc,
  0x3c,
  0x73,0x76,0x67,0x20,0x78,0x6d,0x6c,0x6e,0x73,0x3d,0x22,0x68,0x74,0x74,0x70,0x3a,
  0x2f,0x2f,0x77,0x77,0x77,0x2e,0x77,0x33,0x2e,0x6f,0x72,0x67,0x2f,0x32,0x30,0x30,
  0x30,0x2f,0x73,0x76,0x67,0x22,0x20,0x77,0x69,0x64,0x74,0x68,0x3d,0x22,0x32,0x38,
  0x22,0x20,0x68,0x65,0x69,0x67,0x68,0x74,0x3d,0x22,0x32,0x38,0x22,0xa,0x20,0x20,
  0x20,0x20,0x20,0x76,0x69,0x65,0x77,0x42,0x6f,0x78,0x3d,0x22,0x30,0x20,0x30,0x20,
  0x32,0x38,0x20,0x32,0x38,0x22,0x20,0x66,0x69,0x6c,0x6c,0x3d,0x22,0x6e,0x6f,0x6e,
  0x65,0x22,0x20,0x73,0x74,0x72,0x6f,0x6b,0x65,0x2d,0x6c,0x69,0x6e,0x65,0x63,0x61,
  0x70,0x3d,0x22,0x72,0x6f,0x75,0x6e,0x64,0x22,0xa,0x20,0x20,0x20,0x20,0x20,0x73,
  0x74,0x72,0x6f,0x6b,0x65,0x2d,0x6c,0x69,0x6e,0x65,0x6a,0x6f,0x69,0x6e,0x3d,0x22,
  0x72,0x6f,0x75,0x6e,0x64,0x22,0x3e,0xa,0x20,0x20,0x3c,0x67,0x20,0x73,0x74,0x72,
  0x6f,0x6b,0x65,0x3d,0x22,0x23,0x31,0x31,0x31,0x31,0x31,0x31,0x22,0x20,0x73,0x74,
  0x72,0x6f,0x6b,0x65,0x2d,0x77,0x69,0x64,0x74,0x68,0x3d,0x22,0x36,0x22,0x3e,0xa,
  0x20,0x20,0x20,0x20,0x3c,0x70,0x61,0x74,0x68,0x20,0x64,0x3d,0x22,0x4d,0x32,0x30,
  0x20,0x35,0x68,0x33,0x76,0x31,0x38,0x68,0x2d,0x33,0x22,0x20,0x2f,0x3e,0xa,0x20,
  0x20,0x20,0x20,0x3c,0x70,0x61,0x74,0x68,0x20,0x64,0x3d,0x22,0x4d,0x32,0x31,0x20,
  0x31,0x34,0x48,0x36,0x6d,0x35,0x2d,0x35,0x2d,0x35,0x20,0x35,0x20,0x35,0x20,0x35,
  0x22,0x20,0x2f,0x3e,0xa,0x20,0x20,0x3c,0x2f,0x67,0x3e,0xa,0x20,0x20,0x3c,0x67,
  0x20,0x73,0x74,0x72,0x6f,0x6b,0x65,0x3d,0x22,0x23,0x66,0x66,0x66,0x66,0x66,0x66,
  0x22,0x20,0x73,0x74,0x72,0x6f,0x6b,0x65,0x2d,0x77,0x69,0x64,0x74,0x68,0x3d,0x22,
  0x34,0x22,0x3e,0xa,0x20,0x20,0x20,0x20,0x3c,0x70,0x61,0x74,0x68,0x20,0x64,0x3d,
  0x22,0x4d,0x32,0x30,0x20,0x35,0x68,0x33,0x76,0x31,0x38,0x68,0x2d,0x33,0x22,0x20,
  0x2f,0x3e,0xa,0x20,0x20,0x20,0x20,0x3c,0x70,0x61,0x74,0x68,0x20,0x64,0x3d,0x22,
  0x4d,0x32,0x31,0x20,0x31,0x34,0x48,0x36,0x6d,0x35,0x2d,0x35,0x2d,0x35,0x20,0x35,
  0x20,0x35,0x20,0x35,0x22,0x20,0x2f,0x3e,0xa,0x20,0x20,0x3c,0x2f,0x67,0x3e,0xa,
  0x20,0x20,0x3c,0x67,0x20,0x73,0x74,0x72,0x6f,0x6b,0x65,0x3d,0x22,0x23,0x66,0x66,
  0x35,0x33,0x36,0x63,0x22,0x20,0x73,0x74,0x72,0x6f,0x6b,0x65,0x2d,0x77,0x69,0x64,
  0x74,0x68,0x3d,0x22,0x32,0x22,0x3e,0xa,0x20,0x20,0x20,0x20,0x3c,0x70,0x61,0x74,
  0x68,0x20,0x64,0x3d,0x22,0x4d,0x32,0x30,0x20,0x35,0x68,0x33,0x76,0x31,0x38,0x68,
  0x2d,0x33,0x22,0x20,0x2f,0x3e,0xa,0x20,0x20,0x20,0x20,0x3c,0x70,0x61,0x74,0x68,
  0x20,0x64,0x3d,0x22,0x4d,0x32,0x31,0x20,0x31,0x34,0x48,0x36,0x6d,0x35,0x2d,0x35,
  0x2d,0x35,0x20,0x35,0x20,0x35,0x20,0x35,0x22,0x20,0x2f,0x3e,0xa,0x20,0x20,0x3c,
  0x2f,0x67,0x3e,0xa,0x3c,0x2f,0x73,0x76,0x67,0x3e,0xa,
    // menu.svg
  0x0,0x0,0x1,0x6c,
  0x3c,
  0x21,0x2d,0x2d,0x20,0x40,0x6c,0x69,0x63,0x65,0x6e,0x73,0x65,0x20,0x6c,0x75,0x63,
  0x69,0x64,0x65,0x2d,0x73,0x74,0x61,0x74,0x69,0x63,0x20,0x76,0x31,0x2e,0x33,0x31,
  0x2e,0x30,0x20,0x2d,0x20,0x49,0x53,0x43,0x20,0x2d,0x2d,0x3e,0xd,0xa,0x3c,0x73,
  0x76,0x67,0xd,0xa,0x20,0x20,0x63,0x6c,0x61,0x73,0x73,0x3d,0x22,0x6c,0x75,0x63,
  0x69,0x64,0x65,0x20,0x6c,0x75,0x63,0x69,0x64,0x65,0x2d,0x6d,0x65,0x6e,0x75,0x22,
  0xd,0xa,0x20,0x20,0x78,0x6d,0x6c,0x6e,0x73,0x3d,0x22,0x68,0x74,0x74,0x70,0x3a,
  0x2f,0x2f,0x77,0x77,0x77,0x2e,0x77,0x33,0x2e,0x6f,0x72,0x67,0x2f,0x32,0x30,0x30,
  0x30,0x2f,0x73,0x76,0x67,0x22,0xd,0xa,0x20,0x20,0x77,0x69,0x64,0x74,0x68,0x3d,
  0x22,0x32,0x34,0x22,0xd,0xa,0x20,0x20,0x68,0x65,0x69,0x67,0x68,0x74,0x3d,0x22,
  0x32,0x34,0x22,0xd,0xa,0x20,0x20,0x76,0x69,0x65,0x77,0x42,0x6f,0x78,0x3d,0x22,
  0x30,0x20,0x30,0x20,0x32,0x34,0x20,0x32,0x34,0x22,0xd,0xa,0x20,0x20,0x66,0x69,
  0x6c,0x6c,0x3d,0x22,0x6e,0x6f,0x6e,0x65,0x22,0xd,0xa,0x20,0x20,0x73,0x74,0x72,
  0x6f,0x6b,0x65,0x3d,0x22,0x77,0x68,0x69,0x74,0x65,0x22,0xd,0xa,0x20,0x20,0x73,
  0x74,0x72,0x6f,0x6b,0x65,0x2d,0x77,0x69,0x64,0x74,0x68,0x3d,0x22,0x32,0x22,0xd,
  0xa,0x20,0x20,0x73,0x74,0x72,0x6f,0x6b,0x65,0x2d,0x6c,0x69,0x6e,0x65,0x63,0x61,
  0x70,0x3d,0x22,0x72,0x6f,0x75,0x6e,0x64,0x22,0xd,0xa,0x20,0x20,0x73,0x74,0x72,
  0x6f,0x6b,0x65,0x2d,0x6c,0x69,0x6e,0x65,0x6a,0x6f,0x69,0x6e,0x3d,0x22,0x72,0x6f,
  0x75,0x6e,0x64,0x22,0xd,0xa,0x3e,0xd,0xa,0x20,0x20,0x3c,0x70,0x61,0x74,0x68,
  0x20,0x64,0x3d,0x22,0x4d,0x34,0x20,0x35,0x68,0x31,0x36,0x22,0x20,0x2f,0x3e,0xd,
  0xa,0x20,0x20,0x3c,0x70,0x61,0x74,0x68,0x20,0x64,0x3d,0x22,0x4d,0x34,0x20,0x31,
  0x32,0x68,0x31,0x36,0x22,0x20,0x2f,0x3e,0xd,0xa,0x20,0x20,0x3c,0x70,0x61,0x74,
  0x68,0x20,0x64,0x3d,0x22,0x4d,0x34,0x20,0x31,0x39,0x68,0x31,0x36,0x22,0x20,0x2f,
  0x3e,0xd,0xa,0x3c,0x2f,0x73,0x76,0x67,0x3e,0xd,0xa,
    // chevrons-left-right.svg
  0x0,0x0,0x1,0x6c,
  0x3c,
  0x21,0x2d,0x2d,0x20,0x40,0x6c,0x69,0x63,0x65,0x6e,0x73,0x65,0x20,0x6c,0x75,0x63,
  0x69,0x64,0x65,0x2d,0x73,0x74,0x61,0x74,0x69,0x63,0x20,0x76,0x31,0x2e,0x33,0x31,
  0x2e,0x30,0x20,0x2d,0x20,0x49,0x53,0x43,0x20,0x2d,0x2d,0x3e,0xd,0xa,0x3c,0x73,
  0x76,0x67,0xd,0xa,0x20,0x20,0x63,0x6c,0x61,0x73,0x73,0x3d,0x22,0x6c,0x75,0x63,
  0x69,0x64,0x65,0x20,0x6c,0x75,0x63,0x69,0x64,0x65,0x2d,0x63,0x68,0x65,0x76,0x72,
  0x6f,0x6e,0x73,0x2d,0x6c,0x65,0x66,0x74,0x2d,0x72,0x69,0x67,0x68,0x74,0x22,0xd,
  0xa,0x20,0x20,0x78,0x6d,0x6c,0x6e,0x73,0x3d,0x22,0x68,0x74,0x74,0x70,0x3a,0x2f,
  0x2f,0x77,0x77,0x77,0x2e,0x77,0x33,0x2e,0x6f,0x72,0x67,0x2f,0x32,0x30,0x30,0x30,
  0x2f,0x73,0x76,0x67,0x22,0xd,0xa,0x20,0x20,0x77,0x69,0x64,0x74,0x68,0x3d,0x22,
  0x32,0x34,0x22,0xd,0xa,0x20,0x20,0x68,0x65,0x69,0x67,0x68,0x74,0x3d,0x22,0x32,
  0x34,0x22,0xd,0xa,0x20,0x20,0x76,0x69,0x65,0x77,0x42,0x6f,0x78,0x3d,0x22,0x30,
  0x20,0x30,0x20,0x32,0x34,0x20,0x32,0x34,0x22,0xd,0xa,0x20,0x20,0x66,0x69,0x6c,
  0x6c,0x3d,0x22,0x6e,0x6f,0x6e,0x65,0x22,0xd,0xa,0x20,0x20,0x73,0x74,0x72,0x6f,
  0x6b,0x65,0x3d,0x22,0x77,0x68,0x69,0x74,0x65,0x22,0xd,0xa,0x20,0x20,0x73,0x74,
  0x72,0x6f,0x6b,0x65,0x2d,0x77,0x69,0x64,0x74,0x68,0x3d,0x22,0x32,0x22,0xd,0xa,
  0x20,0x20,0x73,0x74,0x72,0x6f,0x6b,0x65,0x2d,0x6c,0x69,0x6e,0x65,0x63,0x61,0x70,
  0x3d,0x22,0x72,0x6f,0x75,0x6e,0x64,0x22,0xd,0xa,0x20,0x20,0x73,0x74,0x72,0x6f,
  0x6b,0x65,0x2d,0x6c,0x69,0x6e,0x65,0x6a,0x6f,0x69,0x6e,0x3d,0x22,0x72,0x6f,0x75,
  0x6e,0x64,0x22,0xd,0xa,0x3e,0xd,0xa,0x20,0x20,0x3c,0x70,0x61,0x74,0x68,0x20,
  0x64,0x3d,0x22,0x6d,0x39,0x20,0x37,0x2d,0x35,0x20,0x35,0x20,0x35,0x20,0x35,0x22,
  0x20,0x2f,0x3e,0xd,0xa,0x20,0x20,0x3c,0x70,0x61,0x74,0x68,0x20,0x64,0x3d,0x22,
  0x6d,0x31,0x35,0x20,0x37,0x20,0x35,0x20,0x35,0x2d,0x35,0x20,0x35,0x22,0x20,0x2f,
  0x3e,0xd,0xa,0x3c,0x2f,0x73,0x76,0x67,0x3e,0xd,0xa,
    // redo-2.svg
  0x0,0x0,0x1,0x8a,
  0x3c,
  0x21,0x2d,0x2d,0x20,0x40,0x6c,0x69,0x63,0x65,0x6e,0x73,0x65,0x20,0x6c,0x75,0x63,
  0x69,0x64,0x65,0x2d,0x73,0x74,0x61,0x74,0x69,0x63,0x20,0x76,0x31,0x2e,0x33,0x31,
  0x2e,0x30,0x20,0x2d,0x20,0x49,0x53,0x43,0x20,0x2d,0x2d,0x3e,0xd,0xa,0x3c,0x73,
  0x76,0x67,0xd,0xa,0x20,0x20,0x63,0x6c,0x61,0x73,0x73,0x3d,0x22,0x6c,0x75,0x63,
  0x69,0x64,0x65,0x20,0x6c,0x75,0x63,0x69,0x64,0x65,0x2d,0x72,0x65,0x64,0x6f,0x2d,
  0x32,0x22,0xd,0xa,0x20,0x20,0x78,0x6d,0x6c,0x6e,0x73,0x3d,0x22,0x68,0x74,0x74,
  0x70,0x3a,0x2f,0x2f,0x77,0x77,0x77,0x2e,0x77,0x33,0x2e,0x6f,0x72,0x67,0x2f,0x32,
  0x30,0x30,0x30,0x2f,0x73,0x76,0x67,0x22,0xd,0xa,0x20,0x20,0x77,0x69,0x64,0x74,
  0x68,0x3d,0x22,0x32,0x34,0x22,0xd,0xa,0x20,0x20,0x68,0x65,0x69,0x67,0x68,0x74,
  0x3d,0x22,0x32,0x34,0x22,0xd,0xa,0x20,0x20,0x76,0x69,0x65,0x77,0x42,0x6f,0x78,
  0x3d,0x22,0x30,0x20,0x30,0x20,0x32,0x34,0x20,0x32,0x34,0x22,0xd,0xa,0x20,0x20,
  0x66,0x69,0x6c,0x6c,0x3d,0x22,0x6e,0x6f,0x6e,0x65,0x22,0xd,0xa,0x20,0x20,0x73,
  0x74,0x72,0x6f,0x6b,0x65,0x3d,0x22,0x77,0x68,0x69,0x74,0x65,0x22,0xd,0xa,0x20,
  0x20,0x73,0x74,0x72,0x6f,0x6b,0x65,0x2d,0x77,0x69,0x64,0x74,0x68,0x3d,0x22,0x32,
  0x22,0xd,0xa,0x20,0x20,0x73,0x74,0x72,0x6f,0x6b,0x65,0x2d,0x6c,0x69,0x6e,0x65,
  0x63,0x61,0x70,0x3d,0x22,0x72,0x6f,0x75,0x6e,0x64,0x22,0xd,0xa,0x20,0x20,0x73,
  0x74,0x72,0x6f,0x6b,0x65,0x2d,0x6c,0x69,0x6e,0x65,0x6a,0x6f,0x69,0x6e,0x3d,0x22,
  0x72,0x6f,0x75,0x6e,0x64,0x22,0xd,0xa,0x3e,0xd,0xa,0x20,0x20,0x3c,0x70,0x61,
  0x74,0x68,0x20,0x64,0x3d,0x22,0x6d,0x31,0x35,0x20,0x31,0x34,0x20,0x35,0x2d,0x35,
  0x2d,0x35,0x2d,0x35,0x22,0x20,0x2f,0x3e,0xd,0xa,0x20,0x20,0x3c,0x70,0x61,0x74,
  0x68,0x20,0x64,0x3d,0x22,0x4d,0x32,0x30,0x20,0x39,0x48,0x39,0x2e,0x35,0x41,0x35,
  0x2e,0x35,0x20,0x35,0x2e,0x35,0x20,0x30,0x20,0x30,0x20,0x30,0x20,0x34,0x20,0x31,
  0x34,0x2e,0x35,0x41,0x35,0x2e,0x35,0x20,0x35,0x2e,0x35,0x20,0x30,0x20,0x30,0x20,
  0x30,0x20,0x39,0x2e,0x35,0x20,0x32,0x30,0x48,0x31,0x33,0x22,0x20,0x2f,0x3e,0xd,
  0xa,0x3c,0x2f,0x73,0x76,0x67,0x3e,0xd,0xa,
    // chevron-right.svg
  0x0,0x0,0x1,0x49,
  0x3c,
  0x21,0x2d,0x2d,0x20,0x40,0x6c,0x69,0x63,0x65,0x6e,0x73,0x65,0x20,0x6c,0x75,0x63,
  0x69,0x64,0x65,0x2d,0x73,0x74,0x61,0x74,0x69,0x63,0x20,0x76,0x31,0x2e,0x33,0x31,
  0x2e,0x30,0x20,0x2d,0x20,0x49,0x53,0x43,0x20,0x2d,0x2d,0x3e,0xd,0xa,0x3c,0x73,
  0x76,0x67,0xd,0xa,0x20,0x20,0x63,0x6c,0x61,0x73,0x73,0x3d,0x22,0x6c,0x75,0x63,
  0x69,0x64,0x65,0x20,0x6c,0x75,0x63,0x69,0x64,0x65,0x2d,0x63,0x68,0x65,0x76,0x72,
  0x6f,0x6e,0x2d,0x72,0x69,0x67,0x68,0x74,0x22,0xd,0xa,0x20,0x20,0x78,0x6d,0x6c,
  0x6e,0x73,0x3d,0x22,0x68,0x74,0x74,0x70,0x3a,0x2f,0x2f,0x77,0x77,0x77,0x2e,0x77,
  0x33,0x2e,0x6f,0x72,0x67,0x2f,0x32,0x30,0x30,0x30,0x2f,0x73,0x76,0x67,0x22,0xd,
  0xa,0x20,0x20,0x77,0x69,0x64,0x74,0x68,0x3d,0x22,0x32,0x34,0x22,0xd,0xa,0x20,
  0x20,0x68,0x65,0x69,0x67,0x68,0x74,0x3d,0x22,0x32,0x34,0x22,0xd,0xa,0x20,0x20,
  0x76,0x69,0x65,0x77,0x42,0x6f,0x78,0x3d,0x22,0x30,0x20,0x30,0x20,0x32,0x34,0x20,
  0x32,0x34,0x22,0xd,0xa,0x20,0x20,0x66,0x69,0x6c,0x6c,0x3d,0x22,0x6e,0x6f,0x6e,
  0x65,0x22,0xd,0xa,0x20,0x20,0x73,0x74,0x72,0x6f,0x6b,0x65,0x3d,0x22,0x77,0x68,
  0x69,0x74,0x65,0x22,0xd,0xa,0x20,0x20,0x73,0x74,0x72,0x6f,0x6b,0x65,0x2d,0x77,
  0x69,0x64,0x74,0x68,0x3d,0x22,0x32,0x22,0xd,0xa,0x20,0x20,0x73,0x74,0x72,0x6f,
  0x6b,0x65,0x2d,0x6c,0x69,0x6e,0x65,0x63,0x61,0x70,0x3d,0x22,0x72,0x6f,0x75,0x6e,
  0x64,0x22,0xd,0xa,0x20,0x20,0x73,0x74,0x72,0x6f,0x6b,0x65,0x2d,0x6c,0x69,0x6e,
  0x65,0x6a,0x6f,0x69,0x6e,0x3d,0x22,0x72,0x6f,0x75,0x6e,0x64,0x22,0xd,0xa,0x3e,
  0xd,0xa,0x20,0x20,0x3c,0x70,0x61,0x74,0x68,0x20,0x64,0x3d,0x22,0x6d,0x39,0x20,
  0x31,0x38,0x20,0x36,0x2d,0x36,0x2d,0x36,0x2d,0x36,0x22,0x20,0x2f,0x3e,0xd,0xa,
  0x3c,0x2f,0x73,0x76,0x67,0x3e,0xd,0xa,
    // home.svg
  0x0,0x0,0x1,0xd3,
  0x3c,
  0x21,0x2d,0x2d,0x20,0x40,0x6c,0x69,0x63,0x65,0x6e,0x73,0x65,0x20,0x6c,0x75,0x63,
  0x69,0x64,0x65,0x2d,0x73,0x74,0x61,0x74,0x69,0x63,0x20,0x76,0x31,0x2e,0x33,0x31,
  0x2e,0x30,0x20,0x2d,0x20,0x49,0x53,0x43,0x20,0x2d,0x2d,0x3e,0xd,0xa,0x3c,0x73,
  0x76,0x67,0xd,0xa,0x20,0x20,0x63,0x6c,0x61,0x73,0x73,0x3d,0x22,0x6c,0x75,0x63,
  0x69,0x64,0x65,0x20,0x6c,0x75,0x63,0x69,0x64,0x65,0x2d,0x68,0x6f,0x6d,0x65,0x22,
  0xd,0xa,0x20,0x20,0x78,0x6d,0x6c,0x6e,0x73,0x3d,0x22,0x68,0x74,0x74,0x70,0x3a,
  0x2f,0x2f,0x77,0x77,0x77,0x2e,0x77,0x33,0x2e,0x6f,0x72,0x67,0x2f,0x32,0x30,0x30,
  0x30,0x2f,0x73,0x76,0x67,0x22,0xd,0xa,0x20,0x20,0x77,0x69,0x64,0x74,0x68,0x3d,
  0x22,0x32,0x34,0x22,0xd,0xa,0x20,0x20,0x68,0x65,0x69,0x67,0x68,0x74,0x3d,0x22,
  0x32,0x34,0x22,0xd,0xa,0x20,0x20,0x76,0x69,0x65,0x77,0x42,0x6f,0x78,0x3d,0x22,
  0x30,0x20,0x30,0x20,0x32,0x34,0x20,0x32,0x34,0x22,0xd,0xa,0x20,0x20,0x66,0x69,
  0x6c,0x6c,0x3d,0x22,0x6e,0x6f,0x6e,0x65,0x22,0xd,0xa,0x20,0x20,0x73,0x74,0x72,
  0x6f,0x6b,0x65,0x3d,0x22,0x77,0x68,0x69,0x74,0x65,0x22,0xd,0xa,0x20,0x20,0x73,
  0x74,0x72,0x6f,0x6b,0x65,0x2d,0x77,0x69,0x64,0x74,0x68,0x3d,0x22,0x32,0x22,0xd,
  0xa,0x20,0x20,0x73,0x74,0x72,0x6f,0x6b,0x65,0x2d,0x6c,0x69,0x6e,0x65,0x63,0x61,
  0x70,0x3d,0x22,0x72,0x6f,0x75,0x6e,0x64,0x22,0xd,0xa,0x20,0x20,0x73,0x74,0x72,
  0x6f,0x6b,0x65,0x2d,0x6c,0x69,0x6e,0x65,0x6a,0x6f,0x69,0x6e,0x3d,0x22,0x72,0x6f,
  0x75,0x6e,0x64,0x22,0xd,0xa,0x3e,0xd,0xa,0x20,0x20,0x3c,0x70,0x61,0x74,0x68,
  0x20,0x64,0x3d,0x22,0x4d,0x31,0x35,0x20,0x32,0x31,0x76,0x2d,0x38,0x61,0x31,0x20,
  0x31,0x20,0x30,0x20,0x30,0x20,0x30,0x2d,0x31,0x2d,0x31,0x68,0x2d,0x34,0x61,0x31,
  0x20,0x31,0x20,0x30,0x20,0x30,0x20,0x30,0x2d,0x31,0x20,0x31,0x76,0x38,0x22,0x20,
  0x2f,0x3e,0xd,0xa,0x20,0x20,0x3c,0x70,0x61,0x74,0x68,0x20,0x64,0x3d,0x22,0x4d,
  0x33,0x20,0x31,0x30,0x61,0x32,0x20,0x32,0x20,0x30,0x20,0x30,0x20,0x31,0x20,0x2e,
  0x37,0x30,0x39,0x2d,0x31,0x2e,0x35,0x32,0x38,0x6c,0x37,0x2d,0x36,0x61,0x32,0x20,
  0x32,0x20,0x30,0x20,0x30,0x20,0x31,0x20,0x32,0x2e,0x35,0x38,0x32,0x20,0x30,0x6c,
  0x37,0x20,0x36,0x41,0x32,0x20,0x32,0x20,0x30,0x20,0x30,0x20,0x31,0x20,0x32,0x31,
  0x20,0x31,0x30,0x76,0x39,0x61,0x32,0x20,0x32,0x20,0x30,0x20,0x30,0x20,0x31,0x2d,
  0x32,0x20,0x32,0x48,0x35,0x61,0x32,0x20,0x32,0x20,0x30,0x20,0x30,0x20,0x31,0x2d,
  0x32,0x2d,0x32,0x7a,0x22,0x20,0x2f,0x3e,0xd,0xa,0x3c,0x2f,0x73,0x76,0x67,0x3e,
  0xd,0xa,
    // list-video.svg
  0x0,0x0,0x1,0xe2,
  0x3c,
  0x21,0x2d,0x2d,0x20,0x40,0x6c,0x69,0x63,0x65,0x6e,0x73,0x65,0x20,0x6c,0x75,0x63,
  0x69,0x64,0x65,0x2d,0x73,0x74,0x61,0x74,0x69,0x63,0x20,0x76,0x31,0x2e,0x33,0x31,
  0x2e,0x30,0x20,0x2d,0x20,0x49,0x53,0x43,0x20,0x2d,0x2d,0x3e,0xd,0xa,0x3c,0x73,
  0x76,0x67,0xd,0xa,0x20,0x20,0x63,0x6c,0x61,0x73,0x73,0x3d,0x22,0x6c,0x75,0x63,
  0x69,0x64,0x65,0x20,0x6c,0x75,0x63,0x69,0x64,0x65,0x2d,0x6c,0x69,0x73,0x74,0x2d,
  0x76,0x69,0x64,0x65,0x6f,0x22,0xd,0xa,0x20,0x20,0x78,0x6d,0x6c,0x6e,0x73,0x3d,
  0x22,0x68,0x74,0x74,0x70,0x3a,0x2f,0x2f,0x77,0x77,0x77,0x2e,0x77,0x33,0x2e,0x6f,
  0x72,0x67,0x2f,0x32,0x30,0x30,0x30,0x2f,0x73,0x76,0x67,0x22,0xd,0xa,0x20,0x20,
  0x77,0x69,0x64,0x74,0x68,0x3d,0x22,0x32,0x34,0x22,0xd,0xa,0x20,0x20,0x68,0x65,
  0x69,0x67,0x68,0x74,0x3d,0x22,0x32,0x34,0x22,0xd,0xa,0x20,0x20,0x76,0x69,0x65,
  0x77,0x42,0x6f,0x78,0x3d,0x22,0x30,0x20,0x30,0x20,0x32,0x34,0x20,0x32,0x34,0x22,
  0xd,0xa,0x20,0x20,0x66,0x69,0x6c,0x6c,0x3d,0x22,0x6e,0x6f,0x6e,0x65,0x22,0xd,
  0xa,0x20,0x20,0x73,0x74,0x72,0x6f,0x6b,0x65,0x3d,0x22,0x77,0x68,0x69,0x74,0x65,
  0x22,0xd,0xa,0x20,0x20,0x73,0x74,0x72,0x6f,0x6b,0x65,0x2d,0x77,0x69,0x64,0x74,
  0x68,0x3d,0x22,0x32,0x22,0xd,0xa,0x20,0x20,0x73,0x74,0x72,0x6f,0x6b,0x65,0x2d,
  0x6c,0x69,0x6e,0x65,0x63,0x61,0x70,0x3d,0x22,0x72,0x6f,0x75,0x6e,0x64,0x22,0xd,
  0xa,0x20,0x20,0x73,0x74,0x72,0x6f,0x6b,0x65,0x2d,0x6c,0x69,0x6e,0x65,0x6a,0x6f,
  0x69,0x6e,0x3d,0x22,0x72,0x6f,0x75,0x6e,0x64,0x22,0xd,0xa,0x3e,0xd,0xa,0x20,
  0x20,0x3c,0x70,0x61,0x74,0x68,0x20,0x64,0x3d,0x22,0x4d,0x32,0x31,0x20,0x35,0x48,
  0x33,0x22,0x20,0x2f,0x3e,0xd,0xa,0x20,0x20,0x3c,0x70,0x61,0x74,0x68,0x20,0x64,
  0x3d,0x22,0x4d,0x31,0x30,0x20,0x31,0x32,0x48,0x33,0x22,0x20,0x2f,0x3e,0xd,0xa,
  0x20,0x20,0x3c,0x70,0x61,0x74,0x68,0x20,0x64,0x3d,0x22,0x4d,0x31,0x30,0x20,0x31,
  0x39,0x48,0x33,0x22,0x20,0x2f,0x3e,0xd,0xa,0x20,0x20,0x3c,0x70,0x61,0x74,0x68,
  0x20,0x64,0x3d,0x22,0x4d,0x31,0x35,0x20,0x31,0x32,0x2e,0x30,0x30,0x33,0x61,0x31,
  0x20,0x31,0x20,0x30,0x20,0x30,0x20,0x31,0x20,0x31,0x2e,0x35,0x31,0x37,0x2d,0x2e,
  0x38,0x35,0x39,0x6c,0x34,0x2e,0x39,0x39,0x37,0x20,0x32,0x2e,0x39,0x39,0x37,0x61,
  0x31,0x20,0x31,0x20,0x30,0x20,0x30,0x20,0x31,0x20,0x30,0x20,0x31,0x2e,0x37,0x31,
  0x38,0x6c,0x2d,0x34,0x2e,0x39,0x39,0x37,0x20,0x32,0x2e,0x39,0x39,0x37,0x61,0x31,
  0x20,0x31,0x20,0x30,0x20,0x30,0x20,0x31,0x2d,0x31,0x2e,0x35,0x31,0x37,0x2d,0x2e,
  0x38,0x36,0x7a,0x22,0x20,0x2f,0x3e,0xd,0xa,0x3c,0x2f,0x73,0x76,0x67,0x3e,0xd,
  0xa,
    // razor-tool.svg
  0x0,0x0,0x1,0x57,
  0x3c,
  0x73,0x76,0x67,0x20,0x78,0x6d,0x6c,0x6e,0x73,0x3d,0x22,0x68,0x74,0x74,0x70,0x3a,
  0x2f,0x2f,0x77,0x77,0x77,0x2e,0x77,0x33,0x2e,0x6f,0x72,0x67,0x2f,0x32,0x30,0x30,
  0x30,0x2f,0x73,0x76,0x67,0x22,0x20,0x77,0x69,0x64,0x74,0x68,0x3d,0x22,0x32,0x34,
  0x22,0x20,0x68,0x65,0x69,0x67,0x68,0x74,0x3d,0x22,0x32,0x34,0x22,0x20,0x76,0x69,
  0x65,0x77,0x42,0x6f,0x78,0x3d,0x22,0x30,0x20,0x30,0x20,0x32,0x34,0x20,0x32,0x34,
  0x22,0x20,0x66,0x69,0x6c,0x6c,0x3d,0x22,0x6e,0x6f,0x6e,0x65,0x22,0x20,0x73,0x74,
  0x72,0x6f,0x6b,0x65,0x3d,0x22,0x77,0x68,0x69,0x74,0x65,0x22,0x20,0x73,0x74,0x72,
  0x6f,0x6b,0x65,0x2d,0x77,0x69,0x64,0x74,0x68,0x3d,0x22,0x31,0x2e,0x37,0x22,0x20,
  0x73,0x74,0x72,0x6f,0x6b,0x65,0x2d,0x6c,0x69,0x6e,0x65,0x63,0x61,0x70,0x3d,0x22,
  0x73,0x71,0x75,0x61,0x72,0x65,0x22,0x20,0x73,0x74,0x72,0x6f,0x6b,0x65,0x2d,0x6c,
  0x69,0x6e,0x65,0x6a,0x6f,0x69,0x6e,0x3d,0x22,0x6d,0x69,0x74,0x65,0x72,0x22,0x3e,
  0xa,0x20,0x20,0x3c,0x70,0x61,0x74,0x68,0x20,0x64,0x3d,0x22,0x4d,0x36,0x20,0x31,
  0x38,0x20,0x31,0x38,0x20,0x36,0x22,0x2f,0x3e,0xa,0x20,0x20,0x3c,0x70,0x61,0x74,
  0x68,0x20,0x64,0x3d,0x22,0x6d,0x38,0x20,0x35,0x20,0x31,0x31,0x20,0x31,0x31,0x2d,
  0x33,0x20,0x33,0x4c,0x35,0x20,0x38,0x7a,0x22,0x20,0x66,0x69,0x6c,0x6c,0x3d,0x22,
  0x77,0x68,0x69,0x74,0x65,0x22,0x20,0x66,0x69,0x6c,0x6c,0x2d,0x6f,0x70,0x61,0x63,
  0x69,0x74,0x79,0x3d,0x22,0x2e,0x31,0x38,0x22,0x2f,0x3e,0xa,0x20,0x20,0x3c,0x70,
  0x61,0x74,0x68,0x20,0x64,0x3d,0x22,0x6d,0x38,0x20,0x35,0x20,0x31,0x31,0x20,0x31,
  0x31,0x2d,0x33,0x20,0x33,0x4c,0x35,0x20,0x38,0x7a,0x22,0x2f,0x3e,0xa,0x20,0x20,
  0x3c,0x70,0x61,0x74,0x68,0x20,0x64,0x3d,0x22,0x4d,0x36,0x2e,0x35,0x20,0x37,0x2e,
  0x35,0x68,0x34,0x4d,0x31,0x32,0x20,0x31,0x33,0x68,0x34,0x22,0x2f,0x3e,0xa,0x3c,
  0x2f,0x73,0x76,0x67,0x3e,0xa,
    // type.svg
  0x0,0x0,0x1,0x8b,
  0x3c,
  0x21,0x2d,0x2d,0x20,0x40,0x6c,0x69,0x63,0x65,0x6e,0x73,0x65,0x20,0x6c,0x75,0x63,
  0x69,0x64,0x65,0x2d,0x73,0x74,0x61,0x74,0x69,0x63,0x20,0x76,0x31,0x2e,0x33,0x31,
  0x2e,0x30,0x20,0x2d,0x20,0x49,0x53,0x43,0x20,0x2d,0x2d,0x3e,0xd,0xa,0x3c,0x73,
  0x76,0x67,0xd,0xa,0x20,0x20,0x63,0x6c,0x61,0x73,0x73,0x3d,0x22,0x6c,0x75,0x63,
  0x69,0x64,0x65,0x20,0x6c,0x75,0x63,0x69,0x64,0x65,0x2d,0x74,0x79,0x70,0x65,0x22,
  0xd,0xa,0x20,0x20,0x78,0x6d,0x6c,0x6e,0x73,0x3d,0x22,0x68,0x74,0x74,0x70,0x3a,
  0x2f,0x2f,0x77,0x77,0x77,0x2e,0x77,0x33,0x2e,0x6f,0x72,0x67,0x2f,0x32,0x30,0x30,
  0x30,0x2f,0x73,0x76,0x67,0x22,0xd,0xa,0x20,0x20,0x77,0x69,0x64,0x74,0x68,0x3d,
  0x22,0x32,0x34,0x22,0xd,0xa,0x20,0x20,0x68,0x65,0x69,0x67,0x68,0x74,0x3d,0x22,
  0x32,0x34,0x22,0xd,0xa,0x20,0x20,0x76,0x69,0x65,0x77,0x42,0x6f,0x78,0x3d,0x22,
  0x30,0x20,0x30,0x20,0x32,0x34,0x20,0x32,0x34,0x22,0xd,0xa,0x20,0x20,0x66,0x69,
  0x6c,0x6c,0x3d,0x22,0x6e,0x6f,0x6e,0x65,0x22,0xd,0xa,0x20,0x20,0x73,0x74,0x72,
  0x6f,0x6b,0x65,0x3d,0x22,0x77,0x68,0x69,0x74,0x65,0x22,0xd,0xa,0x20,0x20,0x73,
  0x74,0x72,0x6f,0x6b,0x65,0x2d,0x77,0x69,0x64,0x74,0x68,0x3d,0x22,0x32,0x22,0xd,
  0xa,0x20,0x20,0x73,0x74,0x72,0x6f,0x6b,0x65,0x2d,0x6c,0x69,0x6e,0x65,0x63,0x61,
  0x70,0x3d,0x22,0x72,0x6f,0x75,0x6e,0x64,0x22,0xd,0xa,0x20,0x20,0x73,0x74,0x72,
  0x6f,0x6b,0x65,0x2d,0x6c,0x69,0x6e,0x65,0x6a,0x6f,0x69,0x6e,0x3d,0x22,0x72,0x6f,
  0x75,0x6e,0x64,0x22,0xd,0xa,0x3e,0xd,0xa,0x20,0x20,0x3c,0x70,0x61,0x74,0x68,
  0x20,0x64,0x3d,0x22,0x4d,0x31,0x32,0x20,0x34,0x76,0x31,0x36,0x22,0x20,0x2f,0x3e,
  0xd,0xa,0x20,0x20,0x3c,0x70,0x61,0x74,0x68,0x20,0x64,0x3d,0x22,0x4d,0x34,0x20,
  0x37,0x56,0x35,0x61,0x31,0x20,0x31,0x20,0x30,0x20,0x30,0x20,0x31,0x20,0x31,0x2d,
  0x31,0x68,0x31,0x34,0x61,0x31,0x20,0x31,0x20,0x30,0x20,0x30,0x20,0x31,0x20,0x31,
  0x20,0x31,0x76,0x32,0x22,0x20,0x2f,0x3e,0xd,0xa,0x20,0x20,0x3c,0x70,0x61,0x74,
  0x68,0x20,0x64,0x3d,0x22,0x4d,0x39,0x20,0x32,0x30,0x68,0x36,0x22,0x20,0x2f,0x3e,
  0xd,0xa,0x3c,0x2f,0x73,0x76,0x67,0x3e,0xd,0xa,
    // file-up.svg
  0x0,0x0,0x2,0x4,
  0x3c,
  0x21,0x2d,0x2d,0x20,0x40,0x6c,0x69,0x63,0x65,0x6e,0x73,0x65,0x20,0x6c,0x75,0x63,
  0x69,0x64,0x65,0x2d,0x73,0x74,0x61,0x74,0x69,0x63,0x20,0x76,0x31,0x2e,0x33,0x31,
  0x2e,0x30,0x20,0x2d,0x20,0x49,0x53,0x43,0x20,0x2d,0x2d,0x3e,0xd,0xa,0x3c,0x73,
  0x76,0x67,0xd,0xa,0x20,0x20,0x63,0x6c,0x61,0x73,0x73,0x3d,0x22,0x6c,0x75,0x63,
  0x69,0x64,0x65,0x20,0x6c,0x75,0x63,0x69,0x64,0x65,0x2d,0x66,0x69,0x6c,0x65,0x2d,
  0x75,0x70,0x22,0xd,0xa,0x20,0x20,0x78,0x6d,0x6c,0x6e,0x73,0x3d,0x22,0x68,0x74,
  0x74,0x70,0x3a,0x2f,0x2f,0x77,0x77,0x77,0x2e,0x77,0x33,0x2e,0x6f,0x72,0x67,0x2f,
  0x32,0x30,0x30,0x30,0x2f,0x73,0x76,0x67,0x22,0xd,0xa,0x20,0x20,0x77,0x69,0x64,
  0x74,0x68,0x3d,0x22,0x32,0x34,0x22,0xd,0xa,0x20,0x20,0x68,0x65,0x69,0x67,0x68,
  0x74,0x3d,0x22,0x32,0x34,0x22,0xd,0xa,0x20,0x20,0x76,0x69,0x65,0x77,0x42,0x6f,
  0x78,0x3d,0x22,0x30,0x20,0x30,0x20,0x32,0x34,0x20,0x32,0x34,0x22,0xd,0xa,0x20,
  0x20,0x66,0x69,0x6c,0x6c,0x3d,0x22,0x6e,0x6f,0x6e,0x65,0x22,0xd,0xa,0x20,0x20,
  0x73,0x74,0x72,0x6f,0x6b,0x65,0x3d,0x22,0x77,0x68,0x69,0x74,0x65,0x22,0xd,0xa,
  0x20,0x20,0x73,0x74,0x72,0x6f,0x6b,0x65,0x2d,0x77,0x69,0x64,0x74,0x68,0x3d,0x22,
  0x32,0x22,0xd,0xa,0x20,0x20,0x73,0x74,0x72,0x6f,0x6b,0x65,0x2d,0x6c,0x69,0x6e,
  0x65,0x63,0x61,0x70,0x3d,0x22,0x72,0x6f,0x75,0x6e,0x64,0x22,0xd,0xa,0x20,0x20,
  0x73,0x74,0x72,0x6f,0x6b,0x65,0x2d,0x6c,0x69,0x6e,0x65,0x6a,0x6f,0x69,0x6e,0x3d,
  0x22,0x72,0x6f,0x75,0x6e,0x64,0x22,0xd,0xa,0x3e,0xd,0xa,0x20,0x20,0x3c,0x70,
  0x61,0x74,0x68,0x20,0x64,0x3d,0x22,0x4d,0x36,0x20,0x32,0x32,0x61,0x32,0x20,0x32,
  0x20,0x30,0x20,0x30,0x20,0x31,0x2d,0x32,0x2d,0x32,0x56,0x34,0x61,0x32,0x20,0x32,
  0x20,0x30,0x20,0x30,0x20,0x31,0x20,0x32,0x2d,0x32,0x68,0x38,0x61,0x32,0x2e,0x34,
  0x20,0x32,0x2e,0x34,0x20,0x30,0x20,0x30,0x20,0x31,0x20,0x31,0x2e,0x37,0x30,0x34,
  0x2e,0x37,0x30,0x36,0x6c,0x33,0x2e,0x35,0x38,0x38,0x20,0x33,0x2e,0x35,0x38,0x38,
  0x41,0x32,0x2e,0x34,0x20,0x32,0x2e,0x34,0x20,0x30,0x20,0x30,0x20,0x31,0x20,0x32,
  0x30,0x20,0x38,0x76,0x31,0x32,0x61,0x32,0x20,0x32,0x20,0x30,0x20,0x30,0x20,0x31,
  0x2d,0x32,0x20,0x32,0x7a,0x22,0x20,0x2f,0x3e,0xd,0xa,0x20,0x20,0x3c,0x70,0x61,
  0x74,0x68,0x20,0x64,0x3d,0x22,0x4d,0x31,0x34,0x20,0x32,0x76,0x35,0x61,0x31,0x20,
  0x31,0x20,0x30,0x20,0x30,0x20,0x30,0x20,0x31,0x20,0x31,0x68,0x35,0x22,0x20,0x2f,
  0x3e,0xd,0xa,0x20,0x20,0x3c,0x70,0x61,0x74,0x68,0x20,0x64,0x3d,0x22,0x4d,0x31,
  0x32,0x20,0x31,0x32,0x76,0x36,0x22,0x20,0x2f,0x3e,0xd,0xa,0x20,0x20,0x3c,0x70,
  0x61,0x74,0x68,0x20,0x64,0x3d,0x22,0x6d,0x31,0x35,0x20,0x31,0x35,0x2d,0x33,0x2d,
  0x33,0x2d,0x33,0x20,0x33,0x22,0x20,0x2f,0x3e,0xd,0xa,0x3c,0x2f,0x73,0x76,0x67,
  0x3e,0xd,0xa,
    // film.svg
  0x0,0x0,0x2,0xa,
  0x3c,
  0x21,0x2d,0x2d,0x20,0x40,0x6c,0x69,0x63,0x65,0x6e,0x73,0x65,0x20,0x6c,0x75,0x63,
  0x69,0x64,0x65,0x2d,0x73,0x74,0x61,0x74,0x69,0x63,0x20,0x76,0x31,0x2e,0x33,0x31,
  0x2e,0x30,0x20,0x2d,0x20,0x49,0x53,0x43,0x20,0x2d,0x2d,0x3e,0xd,0xa,0x3c,0x73,
  0x76,0x67,0xd,0xa,0x20,0x20,0x63,0x6c,0x61,0x73,0x73,0x3d,0x22,0x6c,0x75,0x63,
  0x69,0x64,0x65,0x20,0x6c,0x75,0x63,0x69,0x64,0x65,0x2d,0x66,0x69,0x6c,0x6d,0x22,
  0xd,0xa,0x20,0x20,0x78,0x6d,0x6c,0x6e,0x73,0x3d,0x22,0x68,0x74,0x74,0x70,0x3a,
  0x2f,0x2f,0x77,0x77,0x77,0x2e,0x77,0x33,0x2e,0x6f,0x72,0x67,0x2f,0x32,0x30,0x30,
  0x30,0x2f,0x73,0x76,0x67,0x22,0xd,0xa,0x20,0x20,0x77,0x69,0x64,0x74,0x68,0x3d,
  0x22,0x32,0x34,0x22,0xd,0xa,0x20,0x20,0x68,0x65,0x69,0x67,0x68,0x74,0x3d,0x22,
  0x32,0x34,0x22,0xd,0xa,0x20,0x20,0x76,0x69,0x65,0x77,0x42,0x6f,0x78,0x3d,0x22,
  0x30,0x20,0x30,0x20,0x32,0x34,0x20,0x32,0x34,0x22,0xd,0xa,0x20,0x20,0x66,0x69,
  0x6c,0x6c,0x3d,0x22,0x6e,0x6f,0x6e,0x65,0x22,0xd,0xa,0x20,0x20,0x73,0x74,0x72,
  0x6f,0x6b,0x65,0x3d,0x22,0x77,0x68,0x69,0x74,0x65,0x22,0xd,0xa,0x20,0x20,0x73,
  0x74,0x72,0x6f,0x6b,0x65,0x2d,0x77,0x69,0x64,0x74,0x68,0x3d,0x22,0x32,0x22,0xd,
  0xa,0x20,0x20,0x73,0x74,0x72,0x6f,0x6b,0x65,0x2d,0x6c,0x69,0x6e,0x65,0x63,0x61,
  0x70,0x3d,0x22,0x72,0x6f,0x75,0x6e,0x64,0x22,0xd,0xa,0x20,0x20,0x73,0x74,0x72,
  0x6f,0x6b,0x65,0x2d,0x6c,0x69,0x6e,0x65,0x6a,0x6f,0x69,0x6e,0x3d,0x22,0x72,0x6f,
  0x75,0x6e,0x64,0x22,0xd,0xa,0x3e,0xd,0xa,0x20,0x20,0x3c,0x72,0x65,0x63,0x74,
  0x20,0x77,0x69,0x64,0x74,0x68,0x3d,0x22,0x31,0x38,0x22,0x20,0x68,0x65,0x69,0x67,
  0x68,0x74,0x3d,0x22,0x31,0x38,0x22,0x20,0x78,0x3d,0x22,0x33,0x22,0x20,0x79,0x3d,
  0x22,0x33,0x22,0x20,0x72,0x78,0x3d,0x22,0x32,0x22,0x20,0x2f,0x3e,0xd,0xa,0x20,
  0x20,0x3c,0x70,0x61,0x74,0x68,0x20,0x64,0x3d,0x22,0x4d,0x37,0x20,0x33,0x76,0x31,
  0x38,0x22,0x20,0x2f,0x3e,0xd,0xa,0x20,0x20,0x3c,0x70,0x61,0x74,0x68,0x20,0x64,
  0x3d,0x22,0x4d,0x33,0x20,0x37,0x2e,0x35,0x68,0x34,0x22,0x20,0x2f,0x3e,0xd,0xa,
  0x20,0x20,0x3c,0x70,0x61,0x74,0x68,0x20,0x64,0x3d,0x22,0x4d,0x33,0x20,0x31,0x32,
  0x68,0x31,0x38,0x22,0x20,0x2f,0x3e,0xd,0xa,0x20,0x20,0x3c,0x70,0x61,0x74,0x68,
  0x20,0x64,0x3d,0x22,0x4d,0x33,0x20,0x31,0x36,0x2e,0x35,0x68,0x34,0x22,0x20,0x2f,
  0x3e,0xd,0xa,0x20,0x20,0x3c,0x70,0x61,0x74,0x68,0x20,0x64,0x3d,0x22,0x4d,0x31,
  0x37,0x20,0x33,0x76,0x31,0x38,0x22,0x20,0x2f,0x3e,0xd,0xa,0x20,0x20,0x3c,0x70,
  0x61,0x74,0x68,0x20,0x64,0x3d,0x22,0x4d,0x31,0x37,0x20,0x37,0x2e,0x35,0x68,0x34,
  0x22,0x20,0x2f,0x3e,0xd,0xa,0x20,0x20,0x3c,0x70,0x61,0x74,0x68,0x20,0x64,0x3d,
  0x22,0x4d,0x31,0x37,0x20,0x31,0x36,0x2e,0x35,0x68,0x34,0x22,0x20,0x2f,0x3e,0xd,
  0xa,0x3c,0x2f,0x73,0x76,0x67,0x3e,0xd,0xa,
    // volume-2.svg
  0x0,0x0,0x2,0x35,
  0x3c,
  0x21,0x2d,0x2d,0x20,0x40,0x6c,0x69,0x63,0x65,0x6e,0x73,0x65,0x20,0x6c,0x75,0x63,
  0x69,0x64,0x65,0x2d,0x73,0x74,0x61,0x74,0x69,0x63,0x20,0x76,0x31,0x2e,0x33,0x31,
  0x2e,0x30,0x20,0x2d,0x20,0x49,0x53,0x43,0x20,0x2d,0x2d,0x3e,0xd,0xa,0x3c,0x73,
  0x76,0x67,0xd,0xa,0x20,0x20,0x63,0x6c,0x61,0x73,0x73,0x3d,0x22,0x6c,0x75,0x63,
  0x69,0x64,0x65,0x20,0x6c,0x75,0x63,0x69,0x64,0x65,0x2d,0x76,0x6f,0x6c,0x75,0x6d,
  0x65,0x2d,0x32,0x22,0xd,0xa,0x20,0x20,0x78,0x6d,0x6c,0x6e,0x73,0x3d,0x22,0x68,
  0x74,0x74,0x70,0x3a,0x2f,0x2f,0x77,0x77,0x77,0x2e,0x77,0x33,0x2e,0x6f,0x72,0x67,
  0x2f,0x32,0x30,0x30,0x30,0x2f,0x73,0x76,0x67,0x22,0xd,0xa,0x20,0x20,0x77,0x69,
  0x64,0x74,0x68,0x3d,0x22,0x32,0x34,0x22,0xd,0xa,0x20,0x20,0x68,0x65,0x69,0x67,
  0x68,0x74,0x3d,0x22,0x32,0x34,0x22,0xd,0xa,0x20,0x20,0x76,0x69,0x65,0x77,0x42,
  0x6f,0x78,0x3d,0x22,0x30,0x20,0x30,0x20,0x32,0x34,0x20,0x32,0x34,0x22,0xd,0xa,
  0x20,0x20,0x66,0x69,0x6c,0x6c,0x3d,0x22,0x6e,0x6f,0x6e,0x65,0x22,0xd,0xa,0x20,
  0x20,0x73,0x74,0x72,0x6f,0x6b,0x65,0x3d,0x22,0x77,0x68,0x69,0x74,0x65,0x22,0xd,
  0xa,0x20,0x20,0x73,0x74,0x72,0x6f,0x6b,0x65,0x2d,0x77,0x69,0x64,0x74,0x68,0x3d,
  0x22,0x32,0x22,0xd,0xa,0x20,0x20,0x73,0x74,0x72,0x6f,0x6b,0x65,0x2d,0x6c,0x69,
  0x6e,0x65,0x63,0x61,0x70,0x3d,0x22,0x72,0x6f,0x75,0x6e,0x64,0x22,0xd,0xa,0x20,
  0x20,0x73,0x74,0x72,0x6f,0x6b,0x65,0x2d,0x6c,0x69,0x6e,0x65,0x6a,0x6f,0x69,0x6e,
  0x3d,0x22,0x72,0x6f,0x75,0x6e,0x64,0x22,0xd,0xa,0x3e,0xd,0xa,0x20,0x20,0x3c,
  0x70,0x61,0x74,0x68,0x20,0x64,0x3d,0x22,0x4d,0x31,0x31,0x20,0x34,0x2e,0x37,0x30,
  0x32,0x61,0x2e,0x37,0x30,0x35,0x2e,0x37,0x30,0x35,0x20,0x30,0x20,0x30,0x20,0x30,
  0x2d,0x31,0x2e,0x32,0x30,0x33,0x2d,0x2e,0x34,0x39,0x38,0x4c,0x36,0x2e,0x34,0x31,
  0x33,0x20,0x37,0x2e,0x35,0x38,0x37,0x41,0x31,0x2e,0x34,0x20,0x31,0x2e,0x34,0x20,
  0x30,0x20,0x30,0x20,0x31,0x20,0x35,0x2e,0x34,0x31,0x36,0x20,0x38,0x48,0x33,0x61,
  0x31,0x20,0x31,0x20,0x30,0x20,0x30,0x20,0x30,0x2d,0x31,0x20,0x31,0x76,0x36,0x61,
  0x31,0x20,0x31,0x20,0x30,0x20,0x30,0x20,0x30,0x20,0x31,0x20,0x31,0x68,0x32,0x2e,
  0x34,0x31,0x36,0x61,0x31,0x2e,0x34,0x20,0x31,0x2e,0x34,0x20,0x30,0x20,0x30,0x20,
  0x31,0x20,0x2e,0x39,0x39,0x37,0x2e,0x34,0x31,0x33,0x6c,0x33,0x2e,0x33,0x38,0x33,
  0x20,0x33,0x2e,0x33,0x38,0x34,0x41,0x2e,0x37,0x30,0x35,0x2e,0x37,0x30,0x35,0x20,
  0x30,0x20,0x30,0x20,0x30,0x20,0x31,0x31,0x20,0x31,0x39,0x2e,0x32,0x39,0x38,0x7a,
  0x22,0x20,0x2f,0x3e,0xd,0xa,0x20,0x20,0x3c,0x70,0x61,0x74,0x68,0x20,0x64,0x3d,
  0x22,0x4d,0x31,0x36,0x20,0x39,0x61,0x35,0x20,0x35,0x20,0x30,0x20,0x30,0x20,0x31,
  0x20,0x30,0x20,0x36,0x22,0x20,0x2f,0x3e,0xd,0xa,0x20,0x20,0x3c,0x70,0x61,0x74,
  0x68,0x20,0x64,0x3d,0x22,0x4d,0x31,0x39,0x2e,0x33,0x36,0x34,0x20,0x31,0x38,0x2e,
  0x33,0x36,0x34,0x61,0x39,0x20,0x39,0x20,0x30,0x20,0x30,0x20,0x30,0x20,0x30,0x2d,
  0x31,0x32,0x2e,0x37,0x32,0x38,0x22,0x20,0x2f,0x3e,0xd,0xa,0x3c,0x2f,0x73,0x76,
  0x67,0x3e,0xd,0xa,
    // more-horizontal.svg
  0x0,0x0,0x1,0x98,
  0x3c,
  0x21,0x2d,0x2d,0x20,0x40,0x6c,0x69,0x63,0x65,0x6e,0x73,0x65,0x20,0x6c,0x75,0x63,
  0x69,0x64,0x65,0x2d,0x73,0x74,0x61,0x74,0x69,0x63,0x20,0x76,0x31,0x2e,0x33,0x31,
  0x2e,0x30,0x20,0x2d,0x20,0x49,0x53,0x43,0x20,0x2d,0x2d,0x3e,0xd,0xa,0x3c,0x73,
  0x76,0x67,0xd,0xa,0x20,0x20,0x63,0x6c,0x61,0x73,0x73,0x3d,0x22,0x6c,0x75,0x63,
  0x69,0x64,0x65,0x20,0x6c,0x75,0x63,0x69,0x64,0x65,0x2d,0x6d,0x6f,0x72,0x65,0x2d,
  0x68,0x6f,0x72,0x69,0x7a,0x6f,0x6e,0x74,0x61,0x6c,0x22,0xd,0xa,0x20,0x20,0x78,
  0x6d,0x6c,0x6e,0x73,0x3d,0x22,0x68,0x74,0x74,0x70,0x3a,0x2f,0x2f,0x77,0x77,0x77,
  0x2e,0x77,0x33,0x2e,0x6f,0x72,0x67,0x2f,0x32,0x30,0x30,0x30,0x2f,0x73,0x76,0x67,
  0x22,0xd,0xa,0x20,0x20,0x77,0x69,0x64,0x74,0x68,0x3d,0x22,0x32,0x34,0x22,0xd,
  0xa,0x20,0x20,0x68,0x65,0x69,0x67,0x68,0x74,0x3d,0x22,0x32,0x34,0x22,0xd,0xa,
  0x20,0x20,0x76,0x69,0x65,0x77,0x42,0x6f,0x78,0x3d,0x22,0x30,0x20,0x30,0x20,0x32,
  0x34,0x20,0x32,0x34,0x22,0xd,0xa,0x20,0x20,0x66,0x69,0x6c,0x6c,0x3d,0x22,0x6e,
  0x6f,0x6e,0x65,0x22,0xd,0xa,0x20,0x20,0x73,0x74,0x72,0x6f,0x6b,0x65,0x3d,0x22,
  0x77,0x68,0x69,0x74,0x65,0x22,0xd,0xa,0x20,0x20,0x73,0x74,0x72,0x6f,0x6b,0x65,
  0x2d,0x77,0x69,0x64,0x74,0x68,0x3d,0x22,0x32,0x22,0xd,0xa,0x20,0x20,0x73,0x74,
  0x72,0x6f,0x6b,0x65,0x2d,0x6c,0x69,0x6e,0x65,0x63,0x61,0x70,0x3d,0x22,0x72,0x6f,
  0x75,0x6e,0x64,0x22,0xd,0xa,0x20,0x20,0x73,0x74,0x72,0x6f,0x6b,0x65,0x2d,0x6c,
  0x69,0x6e,0x65,0x6a,0x6f,0x69,0x6e,0x3d,0x22,0x72,0x6f,0x75,0x6e,0x64,0x22,0xd,
  0xa,0x3e,0xd,0xa,0x20,0x20,0x3c,0x63,0x69,0x72,0x63,0x6c,0x65,0x20,0x63,0x78,
  0x3d,0x22,0x31,0x32,0x22,0x20,0x63,0x79,0x3d,0x22,0x31,0x32,0x22,0x20,0x72,0x3d,
  0x22,0x31,0x22,0x20,0x2f,0x3e,0xd,0xa,0x20,0x20,0x3c,0x63,0x69,0x72,0x63,0x6c,
  0x65,0x20,0x63,0x78,0x3d,0x22,0x31,0x39,0x22,0x20,0x63,0x79,0x3d,0x22,0x31,0x32,
  0x22,0x20,0x72,0x3d,0x22,0x31,0x22,0x20,0x2f,0x3e,0xd,0xa,0x20,0x20,0x3c,0x63,
  0x69,0x72,0x63,0x6c,0x65,0x20,0x63,0x78,0x3d,0x22,0x35,0x22,0x20,0x63,0x79,0x3d,
  0x22,0x31,0x32,0x22,0x20,0x72,0x3d,0x22,0x31,0x22,0x20,0x2f,0x3e,0xd,0xa,0x3c,
  0x2f,0x73,0x76,0x67,0x3e,0xd,0xa,
    // unlock.svg
  0x0,0x0,0x1,0x8a,
  0x3c,
  0x21,0x2d,0x2d,0x20,0x40,0x6c,0x69,0x63,0x65,0x6e,0x73,0x65,0x20,0x6c,0x75,0x63,
  0x69,0x64,0x65,0x2d,0x73,0x74,0x61,0x74,0x69,0x63,0x20,0x76,0x31,0x2e,0x33,0x31,
  0x2e,0x30,0x20,0x2d,0x20,0x49,0x53,0x43,0x20,0x2d,0x2d,0x3e,0xd,0xa,0x3c,0x73,
  0x76,0x67,0xd,0xa,0x20,0x20,0x63,0x6c,0x61,0x73,0x73,0x3d,0x22,0x6c,0x75,0x63,
  0x69,0x64,0x65,0x20,0x6c,0x75,0x63,0x69,0x64,0x65,0x2d,0x75,0x6e,0x6c,0x6f,0x63,
  0x6b,0x22,0xd,0xa,0x20,0x20,0x78,0x6d,0x6c,0x6e,0x73,0x3d,0x22,0x68,0x74,0x74,
  0x70,0x3a,0x2f,0x2f,0x77,0x77,0x77,0x2e,0x77,0x33,0x2e,0x6f,0x72,0x67,0x2f,0x32,
  0x30,0x30,0x30,0x2f,0x73,0x76,0x67,0x22,0xd,0xa,0x20,0x20,0x77,0x69,0x64,0x74,
  0x68,0x3d,0x22,0x32,0x34,0x22,0xd,0xa,0x20,0x20,0x68,0x65,0x69,0x67,0x68,0x74,
  0x3d,0x22,0x32,0x34,0x22,0xd,0xa,0x20,0x20,0x76,0x69,0x65,0x77,0x42,0x6f,0x78,
  0x3d,0x22,0x30,0x20,0x30,0x20,0x32,0x34,0x20,0x32,0x34,0x22,0xd,0xa,0x20,0x20,
  0x66,0x69,0x6c,0x6c,0x3d,0x22,0x6e,0x6f,0x6e,0x65,0x22,0xd,0xa,0x20,0x20,0x73,
  0x74,0x72,0x6f,0x6b,0x65,0x3d,0x22,0x77,0x68,0x69,0x74,0x65,0x22,0xd,0xa,0x20,
  0x20,0x73,0x74,0x72,0x6f,0x6b,0x65,0x2d,0x77,0x69,0x64,0x74,0x68,0x3d,0x22,0x32,
  0x22,0xd,0xa,0x20,0x20,0x73,0x74,0x72,0x6f,0x6b,0x65,0x2d,0x6c,0x69,0x6e,0x65,
  0x63,0x61,0x70,0x3d,0x22,0x72,0x6f,0x75,0x6e,0x64,0x22,0xd,0xa,0x20,0x20,0x73,
  0x74,0x72,0x6f,0x6b,0x65,0x2d,0x6c,0x69,0x6e,0x65,0x6a,0x6f,0x69,0x6e,0x3d,0x22,
  0x72,0x6f,0x75,0x6e,0x64,0x22,0xd,0xa,0x3e,0xd,0xa,0x20,0x20,0x3c,0x72,0x65,
  0x63,0x74,0x20,0x77,0x69,0x64,0x74,0x68,0x3d,0x22,0x31,0x38,0x22,0x20,0x68,0x65,
  0x69,0x67,0x68,0x74,0x3d,0x22,0x31,0x31,0x22,0x20,0x78,0x3d,0x22,0x33,0x22,0x20,
  0x79,0x3d,0x22,0x31,0x31,0x22,0x20,0x72,0x78,0x3d,0x22,0x32,0x22,0x20,0x72,0x79,
  0x3d,0x22,0x32,0x22,0x20,0x2f,0x3e,0xd,0xa,0x20,0x20,0x3c,0x70,0x61,0x74,0x68,
  0x20,0x64,0x3d,0x22,0x4d,0x37,0x20,0x31,0x31,0x56,0x37,0x61,0x35,0x20,0x35,0x20,
  0x30,0x20,0x30,0x20,0x31,0x20,0x39,0x2e,0x39,0x2d,0x31,0x22,0x20,0x2f,0x3e,0xd,
  0xa,0x3c,0x2f,0x73,0x76,0x67,0x3e,0xd,0xa,
    // arrow-up-down.svg
  0x0,0x0,0x1,0x98,
  0x3c,
  0x21,0x2d,0x2d,0x20,0x40,0x6c,0x69,0x63,0x65,0x6e,0x73,0x65,0x20,0x6c,0x75,0x63,
  0x69,0x64,0x65,0x2d,0x73,0x74,0x61,0x74,0x69,0x63,0x20,0x76,0x31,0x2e,0x33,0x31,
  0x2e,0x30,0x20,0x2d,0x20,0x49,0x53,0x43,0x20,0x2d,0x2d,0x3e,0xd,0xa,0x3c,0x73,
  0x76,0x67,0xd,0xa,0x20,0x20,0x63,0x6c,0x61,0x73,0x73,0x3d,0x22,0x6c,0x75,0x63,
  0x69,0x64,0x65,0x20,0x6c,0x75,0x63,0x69,0x64,0x65,0x2d,0x61,0x72,0x72,0x6f,0x77,
  0x2d,0x75,0x70,0x2d,0x64,0x6f,0x77,0x6e,0x22,0xd,0xa,0x20,0x20,0x78,0x6d,0x6c,
  0x6e,0x73,0x3d,0x22,0x68,0x74,0x74,0x70,0x3a,0x2f,0x2f,0x77,0x77,0x77,0x2e,0x77,
  0x33,0x2e,0x6f,0x72,0x67,0x2f,0x32,0x30,0x30,0x30,0x2f,0x73,0x76,0x67,0x22,0xd,
  0xa,0x20,0x20,0x77,0x69,0x64,0x74,0x68,0x3d,0x22,0x32,0x34,0x22,0xd,0xa,0x20,
  0x20,0x68,0x65,0x69,0x67,0x68,0x74,0x3d,0x22,0x32,0x34,0x22,0xd,0xa,0x20,0x20,
  0x76,0x69,0x65,0x77,0x42,0x6f,0x78,0x3d,0x22,0x30,0x20,0x30,0x20,0x32,0x34,0x20,
  0x32,0x34,0x22,0xd,0xa,0x20,0x20,0x66,0x69,0x6c,0x6c,0x3d,0x22,0x6e,0x6f,0x6e,
  0x65,0x22,0xd,0xa,0x20,0x20,0x73,0x74,0x72,0x6f,0x6b,0x65,0x3d,0x22,0x77,0x68,
  0x69,0x74,0x65,0x22,0xd,0xa,0x20,0x20,0x73,0x74,0x72,0x6f,0x6b,0x65,0x2d,0x77,
  0x69,0x64,0x74,0x68,0x3d,0x22,0x32,0x22,0xd,0xa,0x20,0x20,0x73,0x74,0x72,0x6f,
  0x6b,0x65,0x2d,0x6c,0x69,0x6e,0x65,0x63,0x61,0x70,0x3d,0x22,0x72,0x6f,0x75,0x6e,
  0x64,0x22,0xd,0xa,0x20,0x20,0x73,0x74,0x72,0x6f,0x6b,0x65,0x2d,0x6c,0x69,0x6e,
  0x65,0x6a,0x6f,0x69,0x6e,0x3d,0x22,0x72,0x6f,0x75,0x6e,0x64,0x22,0xd,0xa,0x3e,
  0xd,0xa,0x20,0x20,0x3c,0x70,0x61,0x74,0x68,0x20,0x64,0x3d,0x22,0x6d,0x32,0x31,
  0x20,0x31,0x36,0x2d,0x34,0x20,0x34,0x2d,0x34,0x2d,0x34,0x22,0x20,0x2f,0x3e,0xd,
  0xa,0x20,0x20,0x3c,0x70,0x61,0x74,0x68,0x20,0x64,0x3d,0x22,0x4d,0x31,0x37,0x20,
  0x32,0x30,0x56,0x34,0x22,0x20,0x2f,0x3e,0xd,0xa,0x20,0x20,0x3c,0x70,0x61,0x74,
  0x68,0x20,0x64,0x3d,0x22,0x6d,0x33,0x20,0x38,0x20,0x34,0x2d,0x34,0x20,0x34,0x20,
  0x34,0x22,0x20,0x2f,0x3e,0xd,0xa,0x20,0x20,0x3c,0x70,0x61,0x74,0x68,0x20,0x64,
  0x3d,0x22,0x4d,0x37,0x20,0x34,0x76,0x31,0x36,0x22,0x20,0x2f,0x3e,0xd,0xa,0x3c,
  0x2f,0x73,0x76,0x67,0x3e,0xd,0xa,
    // fast-forward.svg
  0x0,0x0,0x1,0xd8,
  0x3c,
  0x21,0x2d,0x2d,0x20,0x40,0x6c,0x69,0x63,0x65,0x6e,0x73,0x65,0x20,0x6c,0x75,0x63,
  0x69,0x64,0x65,0x2d,0x73,0x74,0x61,0x74,0x69,0x63,0x20,0x76,0x31,0x2e,0x33,0x31,
  0x2e,0x30,0x20,0x2d,0x20,0x49,0x53,0x43,0x20,0x2d,0x2d,0x3e,0xd,0xa,0x3c,0x73,
  0x76,0x67,0xd,0xa,0x20,0x20,0x63,0x6c,0x61,0x73,0x73,0x3d,0x22,0x6c,0x75,0x63,
  0x69,0x64,0x65,0x20,0x6c,0x75,0x63,0x69,0x64,0x65,0x2d,0x66,0x61,0x73,0x74,0x2d,
  0x66,0x6f,0x72,0x77,0x61,0x72,0x64,0x22,0xd,0xa,0x20,0x20,0x78,0x6d,0x6c,0x6e,
  0x73,0x3d,0x22,0x68,0x74,0x74,0x70,0x3a,0x2f,0x2f,0x77,0x77,0x77,0x2e,0x77,0x33,
  0x2e,0x6f,0x72,0x67,0x2f,0x32,0x30,0x30,0x30,0x2f,0x73,0x76,0x67,0x22,0xd,0xa,
  0x20,0x20,0x77,0x69,0x64,0x74,0x68,0x3d,0x22,0x32,0x34,0x22,0xd,0xa,0x20,0x20,
  0x68,0x65,0x69,0x67,0x68,0x74,0x3d,0x22,0x32,0x34,0x22,0xd,0xa,0x20,0x20,0x76,
  0x69,0x65,0x77,0x42,0x6f,0x78,0x3d,0x22,0x30,0x20,0x30,0x20,0x32,0x34,0x20,0x32,
  0x34,0x22,0xd,0xa,0x20,0x20,0x66,0x69,0x6c,0x6c,0x3d,0x22,0x6e,0x6f,0x6e,0x65,
  0x22,0xd,0xa,0x20,0x20,0x73,0x74,0x72,0x6f,0x6b,0x65,0x3d,0x22,0x77,0x68,0x69,
  0x74,0x65,0x22,0xd,0xa,0x20,0x20,0x73,0x74,0x72,0x6f,0x6b,0x65,0x2d,0x77,0x69,
  0x64,0x74,0x68,0x3d,0x22,0x32,0x22,0xd,0xa,0x20,0x20,0x73,0x74,0x72,0x6f,0x6b,
  0x65,0x2d,0x6c,0x69,0x6e,0x65,0x63,0x61,0x70,0x3d,0x22,0x72,0x6f,0x75,0x6e,0x64,
  0x22,0xd,0xa,0x20,0x20,0x73,0x74,0x72,0x6f,0x6b,0x65,0x2d,0x6c,0x69,0x6e,0x65,
  0x6a,0x6f,0x69,0x6e,0x3d,0x22,0x72,0x6f,0x75,0x6e,0x64,0x22,0xd,0xa,0x3e,0xd,
  0xa,0x20,0x20,0x3c,0x70,0x61,0x74,0x68,0x20,0x64,0x3d,0x22,0x4d,0x31,0x32,0x20,
  0x36,0x61,0x32,0x20,0x32,0x20,0x30,0x20,0x30,0x20,0x31,0x20,0x33,0x2e,0x34,0x31,
  0x34,0x2d,0x31,0x2e,0x34,0x31,0x34,0x6c,0x36,0x20,0x36,0x61,0x32,0x20,0x32,0x20,
  0x30,0x20,0x30,0x20,0x31,0x20,0x30,0x20,0x32,0x2e,0x38,0x32,0x38,0x6c,0x2d,0x36,
  0x20,0x36,0x41,0x32,0x20,0x32,0x20,0x30,0x20,0x30,0x20,0x31,0x20,0x31,0x32,0x20,
  0x31,0x38,0x7a,0x22,0x20,0x2f,0x3e,0xd,0xa,0x20,0x20,0x3c,0x70,0x61,0x74,0x68,
  0x20,0x64,0x3d,0x22,0x4d,0x32,0x20,0x36,0x61,0x32,0x20,0x32,0x20,0x30,0x20,0x30,
  0x20,0x31,0x20,0x33,0x2e,0x34,0x31,0x34,0x2d,0x31,0x2e,0x34,0x31,0x34,0x6c,0x36,
  0x20,0x36,0x61,0x32,0x20,0x32,0x20,0x30,0x20,0x30,0x20,0x31,0x20,0x30,0x20,0x32,
  0x2e,0x38,0x32,0x38,0x6c,0x2d,0x36,0x20,0x36,0x41,0x32,0x20,0x32,0x20,0x30,0x20,
  0x30,0x20,0x31,0x20,0x32,0x20,0x31,0x38,0x7a,0x22,0x20,0x2f,0x3e,0xd,0xa,0x3c,
  0x2f,0x73,0x76,0x67,0x3e,0xd,0xa,
    // track-select-tool.svg
  0x0,0x0,0x1,0x33,
  0x3c,
  0x73,0x76,0x67,0x20,0x78,0x6d,0x6c,0x6e,0x73,0x3d,0x22,0x68,0x74,0x74,0x70,0x3a,
  0x2f,0x2f,0x77,0x77,0x77,0x2e,0x77,0x33,0x2e,0x6f,0x72,0x67,0x2f,0x32,0x30,0x30,
  0x30,0x2f,0x73,0x76,0x67,0x22,0x20,0x77,0x69,0x64,0x74,0x68,0x3d,0x22,0x32,0x34,
  0x22,0x20,0x68,0x65,0x69,0x67,0x68,0x74,0x3d,0x22,0x32,0x34,0x22,0x20,0x76,0x69,
  0x65,0x77,0x42,0x6f,0x78,0x3d,0x22,0x30,0x20,0x30,0x20,0x32,0x34,0x20,0x32,0x34,
  0x22,0x20,0x66,0x69,0x6c,0x6c,0x3d,0x22,0x6e,0x6f,0x6e,0x65,0x22,0x20,0x73,0x74,
  0x72,0x6f,0x6b,0x65,0x3d,0x22,0x77,0x68,0x69,0x74,0x65,0x22,0x20,0x73,0x74,0x72,
  0x6f,0x6b,0x65,0x2d,0x77,0x69,0x64,0x74,0x68,0x3d,0x22,0x31,0x2e,0x37,0x22,0x20,
  0x73,0x74,0x72,0x6f,0x6b,0x65,0x2d,0x6c,0x69,0x6e,0x65,0x63,0x61,0x70,0x3d,0x22,
  0x73,0x71,0x75,0x61,0x72,0x65,0x22,0x20,0x73,0x74,0x72,0x6f,0x6b,0x65,0x2d,0x6c,
  0x69,0x6e,0x65,0x6a,0x6f,0x69,0x6e,0x3d,0x22,0x6d,0x69,0x74,0x65,0x72,0x22,0x3e,
  0xa,0x20,0x20,0x3c,0x70,0x61,0x74,0x68,0x20,0x64,0x3d,0x22,0x4d,0x33,0x20,0x34,
  0x68,0x31,0x31,0x76,0x38,0x48,0x33,0x7a,0x22,0x20,0x73,0x74,0x72,0x6f,0x6b,0x65,
  0x2d,0x64,0x61,0x73,0x68,0x61,0x72,0x72,0x61,0x79,0x3d,0x22,0x32,0x2e,0x32,0x20,
  0x31,0x2e,0x37,0x22,0x2f,0x3e,0xa,0x20,0x20,0x3c,0x70,0x61,0x74,0x68,0x20,0x64,
  0x3d,0x22,0x4d,0x31,0x33,0x20,0x31,0x35,0x6c,0x37,0x20,0x35,0x2d,0x32,0x2e,0x34,
  0x2d,0x34,0x2e,0x31,0x20,0x33,0x2e,0x34,0x2d,0x2e,0x32,0x7a,0x22,0x20,0x66,0x69,
  0x6c,0x6c,0x3d,0x22,0x77,0x68,0x69,0x74,0x65,0x22,0x20,0x73,0x74,0x72,0x6f,0x6b,
  0x65,0x3d,0x22,0x6e,0x6f,0x6e,0x65,0x22,0x2f,0x3e,0xa,0x3c,0x2f,0x73,0x76,0x67,
  0x3e,0xa,
    // music.svg
  0x0,0x0,0x1,0x8a,
  0x3c,
  0x21,0x2d,0x2d,0x20,0x40,0x6c,0x69,0x63,0x65,0x6e,0x73,0x65,0x20,0x6c,0x75,0x63,
  0x69,0x64,0x65,0x2d,0x73,0x74,0x61,0x74,0x69,0x63,0x20,0x76,0x31,0x2e,0x33,0x31,
  0x2e,0x30,0x20,0x2d,0x20,0x49,0x53,0x43,0x20,0x2d,0x2d,0x3e,0xd,0xa,0x3c,0x73,
  0x76,0x67,0xd,0xa,0x20,0x20,0x63,0x6c,0x61,0x73,0x73,0x3d,0x22,0x6c,0x75,0x63,
  0x69,0x64,0x65,0x20,0x6c,0x75,0x63,0x69,0x64,0x65,0x2d,0x6d,0x75,0x73,0x69,0x63,
  0x22,0xd,0xa,0x20,0x20,0x78,0x6d,0x6c,0x6e,0x73,0x3d,0x22,0x68,0x74,0x74,0x70,
  0x3a,0x2f,0x2f,0x77,0x77,0x77,0x2e,0x77,0x33,0x2e,0x6f,0x72,0x67,0x2f,0x32,0x30,
  0x30,0x30,0x2f,0x73,0x76,0x67,0x22,0xd,0xa,0x20,0x20,0x77,0x69,0x64,0x74,0x68,
  0x3d,0x22,0x32,0x34,0x22,0xd,0xa,0x20,0x20,0x68,0x65,0x69,0x67,0x68,0x74,0x3d,
  0x22,0x32,0x34,0x22,0xd,0xa,0x20,0x20,0x76,0x69,0x65,0x77,0x42,0x6f,0x78,0x3d,
  0x22,0x30,0x20,0x30,0x20,0x32,0x34,0x20,0x32,0x34,0x22,0xd,0xa,0x20,0x20,0x66,
  0x69,0x6c,0x6c,0x3d,0x22,0x6e,0x6f,0x6e,0x65,0x22,0xd,0xa,0x20,0x20,0x73,0x74,
  0x72,0x6f,0x6b,0x65,0x3d,0x22,0x77,0x68,0x69,0x74,0x65,0x22,0xd,0xa,0x20,0x20,
  0x73,0x74,0x72,0x6f,0x6b,0x65,0x2d,0x77,0x69,0x64,0x74,0x68,0x3d,0x22,0x32,0x22,
  0xd,0xa,0x20,0x20,0x73,0x74,0x72,0x6f,0x6b,0x65,0x2d,0x6c,0x69,0x6e,0x65,0x63,
  0x61,0x70,0x3d,0x22,0x72,0x6f,0x75,0x6e,0x64,0x22,0xd,0xa,0x20,0x20,0x73,0x74,
  0x72,0x6f,0x6b,0x65,0x2d,0x6c,0x69,0x6e,0x65,0x6a,0x6f,0x69,0x6e,0x3d,0x22,0x72,
  0x6f,0x75,0x6e,0x64,0x22,0xd,0xa,0x3e,0xd,0xa,0x20,0x20,0x3c,0x70,0x61,0x74,
  0x68,0x20,0x64,0x3d,0x22,0x4d,0x39,0x20,0x31,0x38,0x56,0x35,0x6c,0x31,0x32,0x2d,
  0x32,0x76,0x31,0x33,0x22,0x20,0x2f,0x3e,0xd,0xa,0x20,0x20,0x3c,0x63,0x69,0x72,
  0x63,0x6c,0x65,0x20,0x63,0x78,0x3d,0x22,0x36,0x22,0x20,0x63,0x79,0x3d,0x22,0x31,
  0x38,0x22,0x20,0x72,0x3d,0x22,0x33,0x22,0x20,0x2f,0x3e,0xd,0xa,0x20,0x20,0x3c,
  0x63,0x69,0x72,0x63,0x6c,0x65,0x20,0x63,0x78,0x3d,0x22,0x31,0x38,0x22,0x20,0x63,
  0x79,0x3d,0x22,0x31,0x36,0x22,0x20,0x72,0x3d,0x22,0x33,0x22,0x20,0x2f,0x3e,0xd,
  0xa,0x3c,0x2f,0x73,0x76,0x67,0x3e,0xd,0xa,
    // folder.svg
  0x0,0x0,0x1,0x32,
  0x3c,
  0x73,0x76,0x67,0x20,0x78,0x6d,0x6c,0x6e,0x73,0x3d,0x22,0x68,0x74,0x74,0x70,0x3a,
  0x2f,0x2f,0x77,0x77,0x77,0x2e,0x77,0x33,0x2e,0x6f,0x72,0x67,0x2f,0x32,0x30,0x30,
  0x30,0x2f,0x73,0x76,0x67,0x22,0x20,0x77,0x69,0x64,0x74,0x68,0x3d,0x22,0x32,0x34,
  0x22,0x20,0x68,0x65,0x69,0x67,0x68,0x74,0x3d,0x22,0x32,0x34,0x22,0x20,0x76,0x69,
  0x65,0x77,0x42,0x6f,0x78,0x3d,0x22,0x30,0x20,0x30,0x20,0x32,0x34,0x20,0x32,0x34,
  0x22,0x20,0x66,0x69,0x6c,0x6c,0x3d,0x22,0x6e,0x6f,0x6e,0x65,0x22,0x20,0x73,0x74,
  0x72,0x6f,0x6b,0x65,0x3d,0x22,0x77,0x68,0x69,0x74,0x65,0x22,0x20,0x73,0x74,0x72,
  0x6f,0x6b,0x65,0x2d,0x77,0x69,0x64,0x74,0x68,0x3d,0x22,0x31,0x2e,0x38,0x22,0x20,
  0x73,0x74,0x72,0x6f,0x6b,0x65,0x2d,0x6c,0x69,0x6e,0x65,0x63,0x61,0x70,0x3d,0x22,
  0x72,0x6f,0x75,0x6e,0x64,0x22,0x20,0x73,0x74,0x72,0x6f,0x6b,0x65,0x2d,0x6c,0x69,
  0x6e,0x65,0x6a,0x6f,0x69,0x6e,0x3d,0x22,0x72,0x6f,0x75,0x6e,0x64,0x22,0x3e,0xa,
  0x20,0x20,0x3c,0x70,0x61,0x74,0x68,0x20,0x64,0x3d,0x22,0x4d,0x33,0x20,0x36,0x2e,
  0x35,0x41,0x32,0x2e,0x35,0x20,0x32,0x2e,0x35,0x20,0x30,0x20,0x30,0x20,0x31,0x20,
  0x35,0x2e,0x35,0x20,0x34,0x48,0x39,0x6c,0x32,0x20,0x32,0x68,0x37,0x2e,0x35,0x41,
  0x32,0x2e,0x35,0x20,0x32,0x2e,0x35,0x20,0x30,0x20,0x30,0x20,0x31,0x20,0x32,0x31,
  0x20,0x38,0x2e,0x35,0x76,0x38,0x41,0x32,0x2e,0x35,0x20,0x32,0x2e,0x35,0x20,0x30,
  0x20,0x30,0x20,0x31,0x20,0x31,0x38,0x2e,0x35,0x20,0x31,0x39,0x68,0x2d,0x31,0x33,
  0x41,0x32,0x2e,0x35,0x20,0x32,0x2e,0x35,0x20,0x30,0x20,0x30,0x20,0x31,0x20,0x33,
  0x20,0x31,0x36,0x2e,0x35,0x7a,0x22,0x2f,0x3e,0xa,0x3c,0x2f,0x73,0x76,0x67,0x3e,
  0xa,
    // settings.svg
  0x0,0x0,0x2,0xa2,
  0x3c,
  0x21,0x2d,0x2d,0x20,0x40,0x6c,0x69,0x63,0x65,0x6e,0x73,0x65,0x20,0x6c,0x75,0x63,
  0x69,0x64,0x65,0x2d,0x73,0x74,0x61,0x74,0x69,0x63,0x20,0x76,0x31,0x2e,0x33,0x31,
  0x2e,0x30,0x20,0x2d,0x20,0x49,0x53,0x43,0x20,0x2d,0x2d,0x3e,0xd,0xa,0x3c,0x73,
  0x76,0x67,0xd,0xa,0x20,0x20,0x63,0x6c,0x61,0x73,0x73,0x3d,0x22,0x6c,0x75,0x63,
  0x69,0x64,0x65,0x20,0x6c,0x75,0x63,0x69,0x64,0x65,0x2d,0x73,0x65,0x74,0x74,0x69,
  0x6e,0x67,0x73,0x22,0xd,0xa,0x20,0x20,0x78,0x6d,0x6c,0x6e,0x73,0x3d,0x22,0x68,
  0x74,0x74,0x70,0x3a,0x2f,0x2f,0x77,0x77,0x77,0x2e,0x77,0x33,0x2e,0x6f,0x72,0x67,
  0x2f,0x32,0x30,0x30,0x30,0x2f,0x73,0x76,0x67,0x22,0xd,0xa,0x20,0x20,0x77,0x69,
  0x64,0x74,0x68,0x3d,0x22,0x32,0x34,0x22,0xd,0xa,0x20,0x20,0x68,0x65,0x69,0x67,
  0x68,0x74,0x3d,0x22,0x32,0x34,0x22,0xd,0xa,0x20,0x20,0x76,0x69,0x65,0x77,0x42,
  0x6f,0x78,0x3d,0x22,0x30,0x20,0x30,0x20,0x32,0x34,0x20,0x32,0x34,0x22,0xd,0xa,
  0x20,0x20,0x66,0x69,0x6c,0x6c,0x3d,0x22,0x6e,0x6f,0x6e,0x65,0x22,0xd,0xa,0x20,
  0x20,0x73,0x74,0x72,0x6f,0x6b,0x65,0x3d,0x22,0x77,0x68,0x69,0x74,0x65,0x22,0xd,
  0xa,0x20,0x20,0x73,0x74,0x72,0x6f,0x6b,0x65,0x2d,0x77,0x69,0x64,0x74,0x68,0x3d,
  0x22,0x32,0x22,0xd,0xa,0x20,0x20,0x73,0x74,0x72,0x6f,0x6b,0x65,0x2d,0x6c,0x69,
  0x6e,0x65,0x63,0x61,0x70,0x3d,0x22,0x72,0x6f,0x75,0x6e,0x64,0x22,0xd,0xa,0x20,
  0x20,0x73,0x74,0x72,0x6f,0x6b,0x65,0x2d,0x6c,0x69,0x6e,0x65,0x6a,0x6f,0x69,0x6e,
  0x3d,0x22,0x72,0x6f,0x75,0x6e,0x64,0x22,0xd,0xa,0x3e,0xd,0xa,0x20,0x20,0x3c,
  0x70,0x61,0x74,0x68,0x20,0x64,0x3d,0x22,0x4d,0x39,0x2e,0x36,0x37,0x31,0x20,0x34,
  0x2e,0x31,0x33,0x36,0x61,0x32,0x2e,0x33,0x34,0x20,0x32,0x2e,0x33,0x34,0x20,0x30,
  0x20,0x30,0x20,0x31,0x20,0x34,0x2e,0x36,0x35,0x39,0x20,0x30,0x20,0x32,0x2e,0x33,
  0x34,0x20,0x32,0x2e,0x33,0x34,0x20,0x30,0x20,0x30,0x20,0x30,0x20,0x33,0x2e,0x33,
  0x31,0x39,0x20,0x31,0x2e,0x39,0x31,0x35,0x20,0x32,0x2e,0x33,0x34,0x20,0x32,0x2e,
  0x33,0x34,0x20,0x30,0x20,0x30,0x20,0x31,0x20,0x32,0x2e,0x33,0x33,0x20,0x34,0x2e,
  0x30,0x33,0x33,0x20,0x32,0x2e,0x33,0x34,0x20,0x32,0x2e,0x33,0x34,0x20,0x30,0x20,
  0x30,0x20,0x30,0x20,0x30,0x20,0x33,0x2e,0x38,0x33,0x31,0x20,0x32,0x2e,0x33,0x34,
  0x20,0x32,0x2e,0x33,0x34,0x20,0x30,0x20,0x30,0x20,0x31,0x2d,0x32,0x2e,0x33,0x33,
  0x20,0x34,0x2e,0x30,0x33,0x33,0x20,0x32,0x2e,0x33,0x34,0x20,0x32,0x2e,0x33,0x34,
  0x20,0x30,0x20,0x30,0x20,0x30,0x2d,0x33,0x2e,0x33,0x31,0x39,0x20,0x31,0x2e,0x39,
  0x31,0x35,0x20,0x32,0x2e,0x33,0x34,0x20,0x32,0x2e,0x33,0x34,0x20,0x30,0x20,0x30,
  0x20,0x31,0x2d,0x34,0x2e,0x36,0x35,0x39,0x20,0x30,0x20,0x32,0x2e,0x33,0x34,0x20,
  0x32,0x2e,0x33,0x34,0x20,0x30,0x20,0x30,0x20,0x30,0x2d,0x33,0x2e,0x33,0x32,0x2d,
  0x31,0x2e,0x39,0x31,0x35,0x20,0x32,0x2e,0x33,0x34,0x20,0x32,0x2e,0x33,0x34,0x20,
  0x30,0x20,0x30,0x20,0x31,0x2d,0x32,0x2e,0x33,0x33,0x2d,0x34,0x2e,0x30,0x33,0x33,
  0x20,0x32,0x2e,0x33,0x34,0x20,0x32,0x2e,0x33,0x34,0x20,0x30,0x20,0x30,0x20,0x30,
  0x20,0x30,0x2d,0x33,0x2e,0x38,0x33,0x31,0x41,0x32,0x2e,0x33,0x34,0x20,0x32,0x2e,
  0x33,0x34,0x20,0x30,0x20,0x30,0x20,0x31,0x20,0x36,0x2e,0x33,0x35,0x20,0x36,0x2e,
  0x30,0x35,0x31,0x61,0x32,0x2e,0x33,0x34,0x20,0x32,0x2e,0x33,0x34,0x20,0x30,0x20,
  0x30,0x20,0x30,0x20,0x33,0x2e,0x33,0x31,0x39,0x2d,0x31,0x2e,0x39,0x31,0x35,0x22,
  0x20,0x2f,0x3e,0xd,0xa,0x20,0x20,0x3c,0x63,0x69,0x72,0x63,0x6c,0x65,0x20,0x63,
  0x78,0x3d,0x22,0x31,0x32,0x22,0x20,0x63,0x79,0x3d,0x22,0x31,0x32,0x22,0x20,0x72,
  0x3d,0x22,0x33,0x22,0x20,0x2f,0x3e,0xd,0xa,0x3c,0x2f,0x73,0x76,0x67,0x3e,0xd,
  0xa,
    // selection-tool.svg
  0x0,0x0,0x0,0xa9,
  0x3c,
  0x73,0x76,0x67,0x20,0x78,0x6d,0x6c,0x6e,0x73,0x3d,0x22,0x68,0x74,0x74,0x70,0x3a,
  0x2f,0x2f,0x77,0x77,0x77,0x2e,0x77,0x33,0x2e,0x6f,0x72,0x67,0x2f,0x32,0x30,0x30,
  0x30,0x2f,0x73,0x76,0x67,0x22,0x20,0x77,0x69,0x64,0x74,0x68,0x3d,0x22,0x32,0x34,
  0x22,0x20,0x68,0x65,0x69,0x67,0x68,0x74,0x3d,0x22,0x32,0x34,0x22,0x20,0x76,0x69,
  0x65,0x77,0x42,0x6f,0x78,0x3d,0x22,0x30,0x20,0x30,0x20,0x32,0x34,0x20,0x32,0x34,
  0x22,0x3e,0xa,0x20,0x20,0x3c,0x70,0x61,0x74,0x68,0x20,0x66,0x69,0x6c,0x6c,0x3d,
  0x22,0x77,0x68,0x69,0x74,0x65,0x22,0x20,0x64,0x3d,0x22,0x4d,0x35,0x20,0x33,0x2e,
  0x35,0x76,0x31,0x37,0x6c,0x34,0x2e,0x37,0x2d,0x34,0x2e,0x38,0x20,0x33,0x2e,0x31,
  0x20,0x35,0x2e,0x33,0x20,0x32,0x2e,0x34,0x2d,0x31,0x2e,0x34,0x2d,0x33,0x2e,0x31,
  0x2d,0x35,0x2e,0x32,0x20,0x36,0x2e,0x35,0x2d,0x31,0x2e,0x31,0x7a,0x22,0x2f,0x3e,
  0xa,0x3c,0x2f,0x73,0x76,0x67,0x3e,0xa,
    // zoom-in.svg
  0x0,0x0,0x1,0xd1,
  0x3c,
  0x21,0x2d,0x2d,0x20,0x40,0x6c,0x69,0x63,0x65,0x6e,0x73,0x65,0x20,0x6c,0x75,0x63,
  0x69,0x64,0x65,0x2d,0x73,0x74,0x61,0x74,0x69,0x63,0x20,0x76,0x31,0x2e,0x33,0x31,
  0x2e,0x30,0x20,0x2d,0x20,0x49,0x53,0x43,0x20,0x2d,0x2d,0x3e,0xd,0xa,0x3c,0x73,
  0x76,0x67,0xd,0xa,0x20,0x20,0x63,0x6c,0x61,0x73,0x73,0x3d,0x22,0x6c,0x75,0x63,
  0x69,0x64,0x65,0x20,0x6c,0x75,0x63,0x69,0x64,0x65,0x2d,0x7a,0x6f,0x6f,0x6d,0x2d,
  0x69,0x6e,0x22,0xd,0xa,0x20,0x20,0x78,0x6d,0x6c,0x6e,0x73,0x3d,0x22,0x68,0x74,
  0x74,0x70,0x3a,0x2f,0x2f,0x77,0x77,0x77,0x2e,0x77,0x33,0x2e,0x6f,0x72,0x67,0x2f,
  0x32,0x30,0x30,0x30,0x2f,0x73,0x76,0x67,0x22,0xd,0xa,0x20,0x20,0x77,0x69,0x64,
  0x74,0x68,0x3d,0x22,0x32,0x34,0x22,0xd,0xa,0x20,0x20,0x68,0x65,0x69,0x67,0x68,
  0x74,0x3d,0x22,0x32,0x34,0x22,0xd,0xa,0x20,0x20,0x76,0x69,0x65,0x77,0x42,0x6f,
  0x78,0x3d,0x22,0x30,0x20,0x30,0x20,0x32,0x34,0x20,0x32,0x34,0x22,0xd,0xa,0x20,
  0x20,0x66,0x69,0x6c,0x6c,0x3d,0x22,0x6e,0x6f,0x6e,0x65,0x22,0xd,0xa,0x20,0x20,
  0x73,0x74,0x72,0x6f,0x6b,0x65,0x3d,0x22,0x77,0x68,0x69,0x74,0x65,0x22,0xd,0xa,
  0x20,0x20,0x73,0x74,0x72,0x6f,0x6b,0x65,0x2d,0x77,0x69,0x64,0x74,0x68,0x3d,0x22,
  0x32,0x22,0xd,0xa,0x20,0x20,0x73,0x74,0x72,0x6f,0x6b,0x65,0x2d,0x6c,0x69,0x6e,
  0x65,0x63,0x61,0x70,0x3d,0x22,0x72,0x6f,0x75,0x6e,0x64,0x22,0xd,0xa,0x20,0x20,
  0x73,0x74,0x72,0x6f,0x6b,0x65,0x2d,0x6c,0x69,0x6e,0x65,0x6a,0x6f,0x69,0x6e,0x3d,
  0x22,0x72,0x6f,0x75,0x6e,0x64,0x22,0xd,0xa,0x3e,0xd,0xa,0x20,0x20,0x3c,0x63,
  0x69,0x72,0x63,0x6c,0x65,0x20,0x63,0x78,0x3d,0x22,0x31,0x31,0x22,0x20,0x63,0x79,
  0x3d,0x22,0x31,0x31,0x22,0x20,0x72,0x3d,0x22,0x38,0x22,0x20,0x2f,0x3e,0xd,0xa,
  0x20,0x20,0x3c,0x6c,0x69,0x6e,0x65,0x20,0x78,0x31,0x3d,0x22,0x32,0x31,0x22,0x20,
  0x78,0x32,0x3d,0x22,0x31,0x36,0x2e,0x36,0x35,0x22,0x20,0x79,0x31,0x3d,0x22,0x32,
  0x31,0x22,0x20,0x79,0x32,0x3d,0x22,0x31,0x36,0x2e,0x36,0x35,0x22,0x20,0x2f,0x3e,
  0xd,0xa,0x20,0x20,0x3c,0x6c,0x69,0x6e,0x65,0x20,0x78,0x31,0x3d,0x22,0x31,0x31,
  0x22,0x20,0x78,0x32,0x3d,0x22,0x31,0x31,0x22,0x20,0x79,0x31,0x3d,0x22,0x38,0x22,
  0x20,0x79,0x32,0x3d,0x22,0x31,0x34,0x22,0x20,0x2f,0x3e,0xd,0xa,0x20,0x20,0x3c,
  0x6c,0x69,0x6e,0x65,0x20,0x78,0x31,0x3d,0x22,0x38,0x22,0x20,0x78,0x32,0x3d,0x22,
  0x31,0x34,0x22,0x20,0x79,0x31,0x3d,0x22,0x31,0x31,0x22,0x20,0x79,0x32,0x3d,0x22,
  0x31,0x31,0x22,0x20,0x2f,0x3e,0xd,0xa,0x3c,0x2f,0x73,0x76,0x67,0x3e,0xd,0xa,
  
    // folder-open.svg
  0x0,0x0,0x1,0x5b,
  0x3c,
  0x73,0x76,0x67,0x20,0x78,0x6d,0x6c,0x6e,0x73,0x3d,0x22,0x68,0x74,0x74,0x70,0x3a,
  0x2f,0x2f,0x77,0x77,0x77,0x2e,0x77,0x33,0x2e,0x6f,0x72,0x67,0x2f,0x32,0x30,0x30,
  0x30,0x2f,0x73,0x76,0x67,0x22,0x20,0x77,0x69,0x64,0x74,0x68,0x3d,0x22,0x32,0x34,
  0x22,0x20,0x68,0x65,0x69,0x67,0x68,0x74,0x3d,0x22,0x32,0x34,0x22,0x20,0x76,0x69,
  0x65,0x77,0x42,0x6f,0x78,0x3d,0x22,0x30,0x20,0x30,0x20,0x32,0x34,0x20,0x32,0x34,
  0x22,0x20,0x66,0x69,0x6c,0x6c,0x3d,0x22,0x6e,0x6f,0x6e,0x65,0x22,0x20,0x73,0x74,
  0x72,0x6f,0x6b,0x65,0x3d,0x22,0x77,0x68,0x69,0x74,0x65,0x22,0x20,0x73,0x74,0x72,
  0x6f,0x6b,0x65,0x2d,0x77,0x69,0x64,0x74,0x68,0x3d,0x22,0x31,0x2e,0x38,0x22,0x20,
  0x73,0x74,0x72,0x6f,0x6b,0x65,0x2d,0x6c,0x69,0x6e,0x65,0x63,0x61,0x70,0x3d,0x22,
  0x72,0x6f,0x75,0x6e,0x64,0x22,0x20,0x73,0x74,0x72,0x6f,0x6b,0x65,0x2d,0x6c,0x69,
  0x6e,0x65,0x6a,0x6f,0x69,0x6e,0x3d,0x22,0x72,0x6f,0x75,0x6e,0x64,0x22,0x3e,0xa,
  0x20,0x20,0x3c,0x70,0x61,0x74,0x68,0x20,0x64,0x3d,0x22,0x4d,0x33,0x20,0x38,0x56,
  0x36,0x2e,0x35,0x41,0x32,0x2e,0x35,0x20,0x32,0x2e,0x35,0x20,0x30,0x20,0x30,0x20,
  0x31,0x20,0x35,0x2e,0x35,0x20,0x34,0x48,0x39,0x6c,0x32,0x20,0x32,0x68,0x37,0x2e,
  0x35,0x41,0x32,0x2e,0x35,0x20,0x32,0x2e,0x35,0x20,0x30,0x20,0x30,0x20,0x31,0x20,
  0x32,0x31,0x20,0x38,0x2e,0x35,0x56,0x31,0x30,0x22,0x2f,0x3e,0xa,0x20,0x20,0x3c,
  0x70,0x61,0x74,0x68,0x20,0x64,0x3d,0x22,0x4d,0x34,0x2e,0x32,0x20,0x39,0x2e,0x35,
  0x68,0x31,0x37,0x2e,0x31,0x6c,0x2d,0x32,0x2e,0x31,0x20,0x37,0x2e,0x36,0x41,0x32,
  0x2e,0x36,0x20,0x32,0x2e,0x36,0x20,0x30,0x20,0x30,0x20,0x31,0x20,0x31,0x36,0x2e,
  0x37,0x20,0x31,0x39,0x48,0x35,0x2e,0x36,0x61,0x32,0x2e,0x35,0x20,0x32,0x2e,0x35,
  0x20,0x30,0x20,0x30,0x20,0x31,0x2d,0x32,0x2e,0x34,0x2d,0x33,0x2e,0x32,0x7a,0x22,
  0x2f,0x3e,0xa,0x3c,0x2f,0x73,0x76,0x67,0x3e,0xa,
    // scissors.svg
  0x0,0x0,0x1,0xce,
  0x3c,
  0x21,0x2d,0x2d,0x20,0x40,0x6c,0x69,0x63,0x65,0x6e,0x73,0x65,0x20,0x6c,0x75,0x63,
  0x69,0x64,0x65,0x2d,0x73,0x74,0x61,0x74,0x69,0x63,0x20,0x76,0x31,0x2e,0x33,0x31,
  0x2e,0x30,0x20,0x2d,0x20,0x49,0x53,0x43,0x20,0x2d,0x2d,0x3e,0xd,0xa,0x3c,0x73,
  0x76,0x67,0xd,0xa,0x20,0x20,0x63,0x6c,0x61,0x73,0x73,0x3d,0x22,0x6c,0x75,0x63,
  0x69,0x64,0x65,0x20,0x6c,0x75,0x63,0x69,0x64,0x65,0x2d,0x73,0x63,0x69,0x73,0x73,
  0x6f,0x72,0x73,0x22,0xd,0xa,0x20,0x20,0x78,0x6d,0x6c,0x6e,0x73,0x3d,0x22,0x68,
  0x74,0x74,0x70,0x3a,0x2f,0x2f,0x77,0x77,0x77,0x2e,0x77,0x33,0x2e,0x6f,0x72,0x67,
  0x2f,0x32,0x30,0x30,0x30,0x2f,0x73,0x76,0x67,0x22,0xd,0xa,0x20,0x20,0x77,0x69,
  0x64,0x74,0x68,0x3d,0x22,0x32,0x34,0x22,0xd,0xa,0x20,0x20,0x68,0x65,0x69,0x67,
  0x68,0x74,0x3d,0x22,0x32,0x34,0x22,0xd,0xa,0x20,0x20,0x76,0x69,0x65,0x77,0x42,
  0x6f,0x78,0x3d,0x22,0x30,0x20,0x30,0x20,0x32,0x34,0x20,0x32,0x34,0x22,0xd,0xa,
  0x20,0x20,0x66,0x69,0x6c,0x6c,0x3d,0x22,0x6e,0x6f,0x6e,0x65,0x22,0xd,0xa,0x20,
  0x20,0x73,0x74,0x72,0x6f,0x6b,0x65,0x3d,0x22,0x77,0x68,0x69,0x74,0x65,0x22,0xd,
  0xa,0x20,0x20,0x73,0x74,0x72,0x6f,0x6b,0x65,0x2d,0x77,0x69,0x64,0x74,0x68,0x3d,
  0x22,0x32,0x22,0xd,0xa,0x20,0x20,0x73,0x74,0x72,0x6f,0x6b,0x65,0x2d,0x6c,0x69,
  0x6e,0x65,0x63,0x61,0x70,0x3d,0x22,0x72,0x6f,0x75,0x6e,0x64,0x22,0xd,0xa,0x20,
  0x20,0x73,0x74,0x72,0x6f,0x6b,0x65,0x2d,0x6c,0x69,0x6e,0x65,0x6a,0x6f,0x69,0x6e,
  0x3d,0x22,0x72,0x6f,0x75,0x6e,0x64,0x22,0xd,0xa,0x3e,0xd,0xa,0x20,0x20,0x3c,
  0x63,0x69,0x72,0x63,0x6c,0x65,0x20,0x63,0x78,0x3d,0x22,0x36,0x22,0x20,0x63,0x79,
  0x3d,0x22,0x36,0x22,0x20,0x72,0x3d,0x22,0x33,0x22,0x20,0x2f,0x3e,0xd,0xa,0x20,
  0x20,0x3c,0x70,0x61,0x74,0x68,0x20,0x64,0x3d,0x22,0x4d,0x38,0x2e,0x31,0x32,0x20,
  0x38,0x2e,0x31,0x32,0x20,0x31,0x32,0x20,0x31,0x32,0x22,0x20,0x2f,0x3e,0xd,0xa,
  0x20,0x20,0x3c,0x70,0x61,0x74,0x68,0x20,0x64,0x3d,0x22,0x4d,0x32,0x30,0x20,0x34,
  0x20,0x38,0x2e,0x31,0x32,0x20,0x31,0x35,0x2e,0x38,0x38,0x22,0x20,0x2f,0x3e,0xd,
  0xa,0x20,0x20,0x3c,0x63,0x69,0x72,0x63,0x6c,0x65,0x20,0x63,0x78,0x3d,0x22,0x36,
  0x22,0x20,0x63,0x79,0x3d,0x22,0x31,0x38,0x22,0x20,0x72,0x3d,0x22,0x33,0x22,0x20,
  0x2f,0x3e,0xd,0xa,0x20,0x20,0x3c,0x70,0x61,0x74,0x68,0x20,0x64,0x3d,0x22,0x4d,
  0x31,0x34,0x2e,0x38,0x20,0x31,0x34,0x2e,0x38,0x20,0x32,0x30,0x20,0x32,0x30,0x22,
  0x20,0x2f,0x3e,0xd,0xa,0x3c,0x2f,0x73,0x76,0x67,0x3e,0xd,0xa,
    // eye.svg
  0x0,0x0,0x1,0xbb,
  0x3c,
  0x21,0x2d,0x2d,0x20,0x40,0x6c,0x69,0x63,0x65,0x6e,0x73,0x65,0x20,0x6c,0x75,0x63,
  0x69,0x64,0x65,0x2d,0x73,0x74,0x61,0x74,0x69,0x63,0x20,0x76,0x31,0x2e,0x33,0x31,
  0x2e,0x30,0x20,0x2d,0x20,0x49,0x53,0x43,0x20,0x2d,0x2d,0x3e,0xd,0xa,0x3c,0x73,
  0x76,0x67,0xd,0xa,0x20,0x20,0x63,0x6c,0x61,0x73,0x73,0x3d,0x22,0x6c,0x75,0x63,
  0x69,0x64,0x65,0x20,0x6c,0x75,0x63,0x69,0x64,0x65,0x2d,0x65,0x79,0x65,0x22,0xd,
  0xa,0x20,0x20,0x78,0x6d,0x6c,0x6e,0x73,0x3d,0x22,0x68,0x74,0x74,0x70,0x3a,0x2f,
  0x2f,0x77,0x77,0x77,0x2e,0x77,0x33,0x2e,0x6f,0x72,0x67,0x2f,0x32,0x30,0x30,0x30,
  0x2f,0x73,0x76,0x67,0x22,0xd,0xa,0x20,0x20,0x77,0x69,0x64,0x74,0x68,0x3d,0x22,
  0x32,0x34,0x22,0xd,0xa,0x20,0x20,0x68,0x65,0x69,0x67,0x68,0x74,0x3d,0x22,0x32,
  0x34,0x22,0xd,0xa,0x20,0x20,0x76,0x69,0x65,0x77,0x42,0x6f,0x78,0x3d,0x22,0x30,
  0x20,0x30,0x20,0x32,0x34,0x20,0x32,0x34,0x22,0xd,0xa,0x20,0x20,0x66,0x69,0x6c,
  0x6c,0x3d,0x22,0x6e,0x6f,0x6e,0x65,0x22,0xd,0xa,0x20,0x20,0x73,0x74,0x72,0x6f,
  0x6b,0x65,0x3d,0x22,0x77,0x68,0x69,0x74,0x65,0x22,0xd,0xa,0x20,0x20,0x73,0x74,
  0x72,0x6f,0x6b,0x65,0x2d,0x77,0x69,0x64,0x74,0x68,0x3d,0x22,0x32,0x22,0xd,0xa,
  0x20,0x20,0x73,0x74,0x72,0x6f,0x6b,0x65,0x2d,0x6c,0x69,0x6e,0x65,0x63,0x61,0x70,
  0x3d,0x22,0x72,0x6f,0x75,0x6e,0x64,0x22,0xd,0xa,0x20,0x20,0x73,0x74,0x72,0x6f,
  0x6b,0x65,0x2d,0x6c,0x69,0x6e,0x65,0x6a,0x6f,0x69,0x6e,0x3d,0x22,0x72,0x6f,0x75,
  0x6e,0x64,0x22,0xd,0xa,0x3e,0xd,0xa,0x20,0x20,0x3c,0x70,0x61,0x74,0x68,0x20,
  0x64,0x3d,0x22,0x4d,0x32,0x2e,0x30,0x36,0x32,0x20,0x31,0x32,0x2e,0x33,0x34,0x38,
  0x61,0x31,0x20,0x31,0x20,0x30,0x20,0x30,0x20,0x31,0x20,0x30,0x2d,0x2e,0x36,0x39,
  0x36,0x20,0x31,0x30,0x2e,0x37,0x35,0x20,0x31,0x30,0x2e,0x37,0x35,0x20,0x30,0x20,
  0x30,0x20,0x31,0x20,0x31,0x39,0x2e,0x38,0x37,0x36,0x20,0x30,0x20,0x31,0x20,0x31,
  0x20,0x30,0x20,0x30,0x20,0x31,0x20,0x30,0x20,0x2e,0x36,0x39,0x36,0x20,0x31,0x30,
  0x2e,0x37,0x35,0x20,0x31,0x30,0x2e,0x37,0x35,0x20,0x30,0x20,0x30,0x20,0x31,0x2d,
  0x31,0x39,0x2e,0x38,0x37,0x36,0x20,0x30,0x22,0x20,0x2f,0x3e,0xd,0xa,0x20,0x20,
  0x3c,0x63,0x69,0x72,0x63,0x6c,0x65,0x20,0x63,0x78,0x3d,0x22,0x31,0x32,0x22,0x20,
  0x63,0x79,0x3d,0x22,0x31,0x32,0x22,0x20,0x72,0x3d,0x22,0x33,0x22,0x20,0x2f,0x3e,
  0xd,0xa,0x3c,0x2f,0x73,0x76,0x67,0x3e,0xd,0xa,
    // edit-2.svg
  0x0,0x0,0x1,0xb5,
  0x3c,
  0x21,0x2d,0x2d,0x20,0x40,0x6c,0x69,0x63,0x65,0x6e,0x73,0x65,0x20,0x6c,0x75,0x63,
  0x69,0x64,0x65,0x2d,0x73,0x74,0x61,0x74,0x69,0x63,0x20,0x76,0x31,0x2e,0x33,0x31,
  0x2e,0x30,0x20,0x2d,0x20,0x49,0x53,0x43,0x20,0x2d,0x2d,0x3e,0xd,0xa,0x3c,0x73,
  0x76,0x67,0xd,0xa,0x20,0x20,0x63,0x6c,0x61,0x73,0x73,0x3d,0x22,0x6c,0x75,0x63,
  0x69,0x64,0x65,0x20,0x6c,0x75,0x63,0x69,0x64,0x65,0x2d,0x65,0x64,0x69,0x74,0x2d,
  0x32,0x22,0xd,0xa,0x20,0x20,0x78,0x6d,0x6c,0x6e,0x73,0x3d,0x22,0x68,0x74,0x74,
  0x70,0x3a,0x2f,0x2f,0x77,0x77,0x77,0x2e,0x77,0x33,0x2e,0x6f,0x72,0x67,0x2f,0x32,
  0x30,0x30,0x30,0x2f,0x73,0x76,0x67,0x22,0xd,0xa,0x20,0x20,0x77,0x69,0x64,0x74,
  0x68,0x3d,0x22,0x32,0x34,0x22,0xd,0xa,0x20,0x20,0x68,0x65,0x69,0x67,0x68,0x74,
  0x3d,0x22,0x32,0x34,0x22,0xd,0xa,0x20,0x20,0x76,0x69,0x65,0x77,0x42,0x6f,0x78,
  0x3d,0x22,0x30,0x20,0x30,0x20,0x32,0x34,0x20,0x32,0x34,0x22,0xd,0xa,0x20,0x20,
  0x66,0x69,0x6c,0x6c,0x3d,0x22,0x6e,0x6f,0x6e,0x65,0x22,0xd,0xa,0x20,0x20,0x73,
  0x74,0x72,0x6f,0x6b,0x65,0x3d,0x22,0x77,0x68,0x69,0x74,0x65,0x22,0xd,0xa,0x20,
  0x20,0x73,0x74,0x72,0x6f,0x6b,0x65,0x2d,0x77,0x69,0x64,0x74,0x68,0x3d,0x22,0x32,
  0x22,0xd,0xa,0x20,0x20,0x73,0x74,0x72,0x6f,0x6b,0x65,0x2d,0x6c,0x69,0x6e,0x65,
  0x63,0x61,0x70,0x3d,0x22,0x72,0x6f,0x75,0x6e,0x64,0x22,0xd,0xa,0x20,0x20,0x73,
  0x74,0x72,0x6f,0x6b,0x65,0x2d,0x6c,0x69,0x6e,0x65,0x6a,0x6f,0x69,0x6e,0x3d,0x22,
  0x72,0x6f,0x75,0x6e,0x64,0x22,0xd,0xa,0x3e,0xd,0xa,0x20,0x20,0x3c,0x70,0x61,
  0x74,0x68,0x20,0x64,0x3d,0x22,0x4d,0x32,0x31,0x2e,0x31,0x37,0x34,0x20,0x36,0x2e,
  0x38,0x31,0x32,0x61,0x31,0x20,0x31,0x20,0x30,0x20,0x30,0x20,0x30,0x2d,0x33,0x2e,
  0x39,0x38,0x36,0x2d,0x33,0x2e,0x39,0x38,0x37,0x4c,0x33,0x2e,0x38,0x34,0x32,0x20,
  0x31,0x36,0x2e,0x31,0x37,0x34,0x61,0x32,0x20,0x32,0x20,0x30,0x20,0x30,0x20,0x30,
  0x2d,0x2e,0x35,0x2e,0x38,0x33,0x6c,0x2d,0x31,0x2e,0x33,0x32,0x31,0x20,0x34,0x2e,
  0x33,0x35,0x32,0x61,0x2e,0x35,0x2e,0x35,0x20,0x30,0x20,0x30,0x20,0x30,0x20,0x2e,
  0x36,0x32,0x33,0x2e,0x36,0x32,0x32,0x6c,0x34,0x2e,0x33,0x35,0x33,0x2d,0x31,0x2e,
  0x33,0x32,0x61,0x32,0x20,0x32,0x20,0x30,0x20,0x30,0x20,0x30,0x20,0x2e,0x38,0x33,
  0x2d,0x2e,0x34,0x39,0x37,0x7a,0x22,0x20,0x2f,0x3e,0xd,0xa,0x3c,0x2f,0x73,0x76,
  0x67,0x3e,0xd,0xa,
    // pen-tool.svg
  0x0,0x0,0x2,0x7a,
  0x3c,
  0x21,0x2d,0x2d,0x20,0x40,0x6c,0x69,0x63,0x65,0x6e,0x73,0x65,0x20,0x6c,0x75,0x63,
  0x69,0x64,0x65,0x2d,0x73,0x74,0x61,0x74,0x69,0x63,0x20,0x76,0x31,0x2e,0x33,0x31,
  0x2e,0x30,0x20,0x2d,0x20,0x49,0x53,0x43,0x20,0x2d,0x2d,0x3e,0xd,0xa,0x3c,0x73,
  0x76,0x67,0xd,0xa,0x20,0x20,0x63,0x6c,0x61,0x73,0x73,0x3d,0x22,0x6c,0x75,0x63,
  0x69,0x64,0x65,0x20,0x6c,0x75,0x63,0x69,0x64,0x65,0x2d,0x70,0x65,0x6e,0x2d,0x74,
  0x6f,0x6f,0x6c,0x22,0xd,0xa,0x20,0x20,0x78,0x6d,0x6c,0x6e,0x73,0x3d,0x22,0x68,
  0x74,0x74,0x70,0x3a,0x2f,0x2f,0x77,0x77,0x77,0x2e,0x77,0x33,0x2e,0x6f,0x72,0x67,
  0x2f,0x32,0x30,0x30,0x30,0x2f,0x73,0x76,0x67,0x22,0xd,0xa,0x20,0x20,0x77,0x69,
  0x64,0x74,0x68,0x3d,0x22,0x32,0x34,0x22,0xd,0xa,0x20,0x20,0x68,0x65,0x69,0x67,
  0x68,0x74,0x3d,0x22,0x32,0x34,0x22,0xd,0xa,0x20,0x20,0x76,0x69,0x65,0x77,0x42,
  0x6f,0x78,0x3d,0x22,0x30,0x20,0x30,0x20,0x32,0x34,0x20,0x32,0x34,0x22,0xd,0xa,
  0x20,0x20,0x66,0x69,0x6c,0x6c,0x3d,0x22,0x6e,0x6f,0x6e,0x65,0x22,0xd,0xa,0x20,
  0x20,0x73,0x74,0x72,0x6f,0x6b,0x65,0x3d,0x22,0x77,0x68,0x69,0x74,0x65,0x22,0xd,
  0xa,0x20,0x20,0x73,0x74,0x72,0x6f,0x6b,0x65,0x2d,0x77,0x69,0x64,0x74,0x68,0x3d,
  0x22,0x32,0x22,0xd,0xa,0x20,0x20,0x73,0x74,0x72,0x6f,0x6b,0x65,0x2d,0x6c,0x69,
  0x6e,0x65,0x63,0x61,0x70,0x3d,0x22,0x72,0x6f,0x75,0x6e,0x64,0x22,0xd,0xa,0x20,
  0x20,0x73,0x74,0x72,0x6f,0x6b,0x65,0x2d,0x6c,0x69,0x6e,0x65,0x6a,0x6f,0x69,0x6e,
  0x3d,0x22,0x72,0x6f,0x75,0x6e,0x64,0x22,0xd,0xa,0x3e,0xd,0xa,0x20,0x20,0x3c,
  0x70,0x61,0x74,0x68,0x20,0x64,0x3d,0x22,0x4d,0x31,0x35,0x2e,0x37,0x30,0x37,0x20,
  0x32,0x31,0x2e,0x32,0x39,0x33,0x61,0x31,0x20,0x31,0x20,0x30,0x20,0x30,0x20,0x31,
  0x2d,0x31,0x2e,0x34,0x31,0x34,0x20,0x30,0x6c,0x2d,0x31,0x2e,0x35,0x38,0x36,0x2d,
  0x31,0x2e,0x35,0x38,0x36,0x61,0x31,0x20,0x31,0x20,0x30,0x20,0x30,0x20,0x31,0x20,
  0x30,0x2d,0x31,0x2e,0x34,0x31,0x34,0x6c,0x35,0x2e,0x35,0x38,0x36,0x2d,0x35,0x2e,
  0x35,0x38,0x36,0x61,0x31,0x20,0x31,0x20,0x30,0x20,0x30,0x20,0x31,0x20,0x31,0x2e,
  0x34,0x31,0x34,0x20,0x30,0x6c,0x31,0x2e,0x35,0x38,0x36,0x20,0x31,0x2e,0x35,0x38,
  0x36,0x61,0x31,0x20,0x31,0x20,0x30,0x20,0x30,0x20,0x31,0x20,0x30,0x20,0x31,0x2e,
  0x34,0x31,0x34,0x7a,0x22,0x20,0x2f,0x3e,0xd,0xa,0x20,0x20,0x3c,0x70,0x61,0x74,
  0x68,0x20,0x64,0x3d,0x22,0x6d,0x31,0x38,0x20,0x31,0x33,0x2d,0x31,0x2e,0x33,0x37,
  0x35,0x2d,0x36,0x2e,0x38,0x37,0x34,0x61,0x31,0x20,0x31,0x20,0x30,0x20,0x30,0x20,
  0x30,0x2d,0x2e,0x37,0x34,0x36,0x2d,0x2e,0x37,0x37,0x36,0x4c,0x33,0x2e,0x32,0x33,
  0x35,0x20,0x32,0x2e,0x30,0x32,0x38,0x61,0x31,0x20,0x31,0x20,0x30,0x20,0x30,0x20,
  0x30,0x2d,0x31,0x2e,0x32,0x30,0x37,0x20,0x31,0x2e,0x32,0x30,0x37,0x4c,0x35,0x2e,
  0x33,0x35,0x20,0x31,0x35,0x2e,0x38,0x37,0x39,0x61,0x31,0x20,0x31,0x20,0x30,0x20,
  0x30,0x20,0x30,0x20,0x2e,0x37,0x37,0x36,0x2e,0x37,0x34,0x36,0x4c,0x31,0x33,0x20,
  0x31,0x38,0x22,0x20,0x2f,0x3e,0xd,0xa,0x20,0x20,0x3c,0x70,0x61,0x74,0x68,0x20,
  0x64,0x3d,0x22,0x6d,0x32,0x2e,0x33,0x20,0x32,0x2e,0x33,0x20,0x37,0x2e,0x32,0x38,
  0x36,0x20,0x37,0x2e,0x32,0x38,0x36,0x22,0x20,0x2f,0x3e,0xd,0xa,0x20,0x20,0x3c,
  0x63,0x69,0x72,0x63,0x6c,0x65,0x20,0x63,0x78,0x3d,0x22,0x31,0x31,0x22,0x20,0x63,
  0x79,0x3d,0x22,0x31,0x31,0x22,0x20,0x72,0x3d,0x22,0x32,0x22,0x20,0x2f,0x3e,0xd,
  0xa,0x3c,0x2f,0x73,0x76,0x67,0x3e,0xd,0xa,
    // image.svg
  0x0,0x0,0x1,0xbc,
  0x3c,
  0x21,0x2d,0x2d,0x20,0x40,0x6c,0x69,0x63,0x65,0x6e,0x73,0x65,0x20,0x6c,0x75,0x63,
  0x69,0x64,0x65,0x2d,0x73,0x74,0x61,0x74,0x69,0x63,0x20,0x76,0x31,0x2e,0x33,0x31,
  0x2e,0x30,0x20,0x2d,0x20,0x49,0x53,0x43,0x20,0x2d,0x2d,0x3e,0xd,0xa,0x3c,0x73,
  0x76,0x67,0xd,0xa,0x20,0x20,0x63,0x6c,0x61,0x73,0x73,0x3d,0x22,0x6c,0x75,0x63,
  0x69,0x64,0x65,0x20,0x6c,0x75,0x63,0x69,0x64,0x65,0x2d,0x69,0x6d,0x61,0x67,0x65,
  0x22,0xd,0xa,0x20,0x20,0x78,0x6d,0x6c,0x6e,0x73,0x3d,0x22,0x68,0x74,0x74,0x70,
  0x3a,0x2f,0x2f,0x77,0x77,0x77,0x2e,0x77,0x33,0x2e,0x6f,0x72,0x67,0x2f,0x32,0x30,
  0x30,0x30,0x2f,0x73,0x76,0x67,0x22,0xd,0xa,0x20,0x20,0x77,0x69,0x64,0x74,0x68,
  0x3d,0x22,0x32,0x34,0x22,0xd,0xa,0x20,0x20,0x68,0x65,0x69,0x67,0x68,0x74,0x3d,
  0x22,0x32,0x34,0x22,0xd,0xa,0x20,0x20,0x76,0x69,0x65,0x77,0x42,0x6f,0x78,0x3d,
  0x22,0x30,0x20,0x30,0x20,0x32,0x34,0x20,0x32,0x34,0x22,0xd,0xa,0x20,0x20,0x66,
  0x69,0x6c,0x6c,0x3d,0x22,0x6e,0x6f,0x6e,0x65,0x22,0xd,0xa,0x20,0x20,0x73,0x74,
  0x72,0x6f,0x6b,0x65,0x3d,0x22,0x77,0x68,0x69,0x74,0x65,0x22,0xd,0xa,0x20,0x20,
  0x73,0x74,0x72,0x6f,0x6b,0x65,0x2d,0x77,0x69,0x64,0x74,0x68,0x3d,0x22,0x32,0x22,
  0xd,0xa,0x20,0x20,0x73,0x74,0x72,0x6f,0x6b,0x65,0x2d,0x6c,0x69,0x6e,0x65,0x63,
  0x61,0x70,0x3d,0x22,0x72,0x6f,0x75,0x6e,0x64,0x22,0xd,0xa,0x20,0x20,0x73,0x74,
  0x72,0x6f,0x6b,0x65,0x2d,0x6c,0x69,0x6e,0x65,0x6a,0x6f,0x69,0x6e,0x3d,0x22,0x72,
  0x6f,0x75,0x6e,0x64,0x22,0xd,0xa,0x3e,0xd,0xa,0x20,0x20,0x3c,0x72,0x65,0x63,
  0x74,0x20,0x77,0x69,0x64,0x74,0x68,0x3d,0x22,0x31,0x38,0x22,0x20,0x68,0x65,0x69,
  0x67,0x68,0x74,0x3d,0x22,0x31,0x38,0x22,0x20,0x78,0x3d,0x22,0x33,0x22,0x20,0x79,
  0x3d,0x22,0x33,0x22,0x20,0x72,0x78,0x3d,0x22,0x32,0x22,0x20,0x72,0x79,0x3d,0x22,
  0x32,0x22,0x20,0x2f,0x3e,0xd,0xa,0x20,0x20,0x3c,0x63,0x69,0x72,0x63,0x6c,0x65,
  0x20,0x63,0x78,0x3d,0x22,0x39,0x22,0x20,0x63,0x79,0x3d,0x22,0x39,0x22,0x20,0x72,
  0x3d,0x22,0x32,0x22,0x20,0x2f,0x3e,0xd,0xa,0x20,0x20,0x3c,0x70,0x61,0x74,0x68,
  0x20,0x64,0x3d,0x22,0x6d,0x32,0x31,0x20,0x31,0x35,0x2d,0x33,0x2e,0x30,0x38,0x36,
  0x2d,0x33,0x2e,0x30,0x38,0x36,0x61,0x32,0x20,0x32,0x20,0x30,0x20,0x30,0x20,0x30,
  0x2d,0x32,0x2e,0x38,0x32,0x38,0x20,0x30,0x4c,0x36,0x20,0x32,0x31,0x22,0x20,0x2f,
  0x3e,0xd,0xa,0x3c,0x2f,0x73,0x76,0x67,0x3e,0xd,0xa,
    // undo-2.svg
  0x0,0x0,0x1,0x8b,
  0x3c,
  0x21,0x2d,0x2d,0x20,0x40,0x6c,0x69,0x63,0x65,0x6e,0x73,0x65,0x20,0x6c,0x75,0x63,
  0x69,0x64,0x65,0x2d,0x73,0x74,0x61,0x74,0x69,0x63,0x20,0x76,0x31,0x2e,0x33,0x31,
  0x2e,0x30,0x20,0x2d,0x20,0x49,0x53,0x43,0x20,0x2d,0x2d,0x3e,0xd,0xa,0x3c,0x73,
  0x76,0x67,0xd,0xa,0x20,0x20,0x63,0x6c,0x61,0x73,0x73,0x3d,0x22,0x6c,0x75,0x63,
  0x69,0x64,0x65,0x20,0x6c,0x75,0x63,0x69,0x64,0x65,0x2d,0x75,0x6e,0x64,0x6f,0x2d,
  0x32,0x22,0xd,0xa,0x20,0x20,0x78,0x6d,0x6c,0x6e,0x73,0x3d,0x22,0x68,0x74,0x74,
  0x70,0x3a,0x2f,0x2f,0x77,0x77,0x77,0x2e,0x77,0x33,0x2e,0x6f,0x72,0x67,0x2f,0x32,
  0x30,0x30,0x30,0x2f,0x73,0x76,0x67,0x22,0xd,0xa,0x20,0x20,0x77,0x69,0x64,0x74,
  0x68,0x3d,0x22,0x32,0x34,0x22,0xd,0xa,0x20,0x20,0x68,0x65,0x69,0x67,0x68,0x74,
  0x3d,0x22,0x32,0x34,0x22,0xd,0xa,0x20,0x20,0x76,0x69,0x65,0x77,0x42,0x6f,0x78,
  0x3d,0x22,0x30,0x20,0x30,0x20,0x32,0x34,0x20,0x32,0x34,0x22,0xd,0xa,0x20,0x20,
  0x66,0x69,0x6c,0x6c,0x3d,0x22,0x6e,0x6f,0x6e,0x65,0x22,0xd,0xa,0x20,0x20,0x73,
  0x74,0x72,0x6f,0x6b,0x65,0x3d,0x22,0x77,0x68,0x69,0x74,0x65,0x22,0xd,0xa,0x20,
  0x20,0x73,0x74,0x72,0x6f,0x6b,0x65,0x2d,0x77,0x69,0x64,0x74,0x68,0x3d,0x22,0x32,
  0x22,0xd,0xa,0x20,0x20,0x73,0x74,0x72,0x6f,0x6b,0x65,0x2d,0x6c,0x69,0x6e,0x65,
  0x63,0x61,0x70,0x3d,0x22,0x72,0x6f,0x75,0x6e,0x64,0x22,0xd,0xa,0x20,0x20,0x73,
  0x74,0x72,0x6f,0x6b,0x65,0x2d,0x6c,0x69,0x6e,0x65,0x6a,0x6f,0x69,0x6e,0x3d,0x22,
  0x72,0x6f,0x75,0x6e,0x64,0x22,0xd,0xa,0x3e,0xd,0xa,0x20,0x20,0x3c,0x70,0x61,
  0x74,0x68,0x20,0x64,0x3d,0x22,0x4d,0x39,0x20,0x31,0x34,0x20,0x34,0x20,0x39,0x6c,
  0x35,0x2d,0x35,0x22,0x20,0x2f,0x3e,0xd,0xa,0x20,0x20,0x3c,0x70,0x61,0x74,0x68,
  0x20,0x64,0x3d,0x22,0x4d,0x34,0x20,0x39,0x68,0x31,0x30,0x2e,0x35,0x61,0x35,0x2e,
  0x35,0x20,0x35,0x2e,0x35,0x20,0x30,0x20,0x30,0x20,0x31,0x20,0x35,0x2e,0x35,0x20,
  0x35,0x2e,0x35,0x61,0x35,0x2e,0x35,0x20,0x35,0x2e,0x35,0x20,0x30,0x20,0x30,0x20,
  0x31,0x2d,0x35,0x2e,0x35,0x20,0x35,0x2e,0x35,0x48,0x31,0x31,0x22,0x20,0x2f,0x3e,
  0xd,0xa,0x3c,0x2f,0x73,0x76,0x67,0x3e,0xd,0xa,
    // search.svg
  0x0,0x0,0x1,0x69,
  0x3c,
  0x21,0x2d,0x2d,0x20,0x40,0x6c,0x69,0x63,0x65,0x6e,0x73,0x65,0x20,0x6c,0x75,0x63,
  0x69,0x64,0x65,0x2d,0x73,0x74,0x61,0x74,0x69,0x63,0x20,0x76,0x31,0x2e,0x33,0x31,
  0x2e,0x30,0x20,0x2d,0x20,0x49,0x53,0x43,0x20,0x2d,0x2d,0x3e,0xd,0xa,0x3c,0x73,
  0x76,0x67,0xd,0xa,0x20,0x20,0x63,0x6c,0x61,0x73,0x73,0x3d,0x22,0x6c,0x75,0x63,
  0x69,0x64,0x65,0x20,0x6c,0x75,0x63,0x69,0x64,0x65,0x2d,0x73,0x65,0x61,0x72,0x63,
  0x68,0x22,0xd,0xa,0x20,0x20,0x78,0x6d,0x6c,0x6e,0x73,0x3d,0x22,0x68,0x74,0x74,
  0x70,0x3a,0x2f,0x2f,0x77,0x77,0x77,0x2e,0x77,0x33,0x2e,0x6f,0x72,0x67,0x2f,0x32,
  0x30,0x30,0x30,0x2f,0x73,0x76,0x67,0x22,0xd,0xa,0x20,0x20,0x77,0x69,0x64,0x74,
  0x68,0x3d,0x22,0x32,0x34,0x22,0xd,0xa,0x20,0x20,0x68,0x65,0x69,0x67,0x68,0x74,
  0x3d,0x22,0x32,0x34,0x22,0xd,0xa,0x20,0x20,0x76,0x69,0x65,0x77,0x42,0x6f,0x78,
  0x3d,0x22,0x30,0x20,0x30,0x20,0x32,0x34,0x20,0x32,0x34,0x22,0xd,0xa,0x20,0x20,
  0x66,0x69,0x6c,0x6c,0x3d,0x22,0x6e,0x6f,0x6e,0x65,0x22,0xd,0xa,0x20,0x20,0x73,
  0x74,0x72,0x6f,0x6b,0x65,0x3d,0x22,0x77,0x68,0x69,0x74,0x65,0x22,0xd,0xa,0x20,
  0x20,0x73,0x74,0x72,0x6f,0x6b,0x65,0x2d,0x77,0x69,0x64,0x74,0x68,0x3d,0x22,0x32,
  0x22,0xd,0xa,0x20,0x20,0x73,0x74,0x72,0x6f,0x6b,0x65,0x2d,0x6c,0x69,0x6e,0x65,
  0x63,0x61,0x70,0x3d,0x22,0x72,0x6f,0x75,0x6e,0x64,0x22,0xd,0xa,0x20,0x20,0x73,
  0x74,0x72,0x6f,0x6b,0x65,0x2d,0x6c,0x69,0x6e,0x65,0x6a,0x6f,0x69,0x6e,0x3d,0x22,
  0x72,0x6f,0x75,0x6e,0x64,0x22,0xd,0xa,0x3e,0xd,0xa,0x20,0x20,0x3c,0x70,0x61,
  0x74,0x68,0x20,0x64,0x3d,0x22,0x6d,0x32,0x31,0x20,0x32,0x31,0x2d,0x34,0x2e,0x33,
  0x34,0x2d,0x34,0x2e,0x33,0x34,0x22,0x20,0x2f,0x3e,0xd,0xa,0x20,0x20,0x3c,0x63,
  0x69,0x72,0x63,0x6c,0x65,0x20,0x63,0x78,0x3d,0x22,0x31,0x31,0x22,0x20,0x63,0x79,
  0x3d,0x22,0x31,0x31,0x22,0x20,0x72,0x3d,0x22,0x38,0x22,0x20,0x2f,0x3e,0xd,0xa,
  0x3c,0x2f,0x73,0x76,0x67,0x3e,0xd,0xa,
    // check.svg
  0x0,0x0,0x1,0x43,
  0x3c,
  0x21,0x2d,0x2d,0x20,0x40,0x6c,0x69,0x63,0x65,0x6e,0x73,0x65,0x20,0x6c,0x75,0x63,
  0x69,0x64,0x65,0x2d,0x73,0x74,0x61,0x74,0x69,0x63,0x20,0x76,0x31,0x2e,0x33,0x31,
  0x2e,0x30,0x20,0x2d,0x20,0x49,0x53,0x43,0x20,0x2d,0x2d,0x3e,0xd,0xa,0x3c,0x73,
  0x76,0x67,0xd,0xa,0x20,0x20,0x63,0x6c,0x61,0x73,0x73,0x3d,0x22,0x6c,0x75,0x63,
  0x69,0x64,0x65,0x20,0x6c,0x75,0x63,0x69,0x64,0x65,0x2d,0x63,0x68,0x65,0x63,0x6b,
  0x22,0xd,0xa,0x20,0x20,0x78,0x6d,0x6c,0x6e,0x73,0x3d,0x22,0x68,0x74,0x74,0x70,
  0x3a,0x2f,0x2f,0x77,0x77,0x77,0x2e,0x77,0x33,0x2e,0x6f,0x72,0x67,0x2f,0x32,0x30,
  0x30,0x30,0x2f,0x73,0x76,0x67,0x22,0xd,0xa,0x20,0x20,0x77,0x69,0x64,0x74,0x68,
  0x3d,0x22,0x32,0x34,0x22,0xd,0xa,0x20,0x20,0x68,0x65,0x69,0x67,0x68,0x74,0x3d,
  0x22,0x32,0x34,0x22,0xd,0xa,0x20,0x20,0x76,0x69,0x65,0x77,0x42,0x6f,0x78,0x3d,
  0x22,0x30,0x20,0x30,0x20,0x32,0x34,0x20,0x32,0x34,0x22,0xd,0xa,0x20,0x20,0x66,
  0x69,0x6c,0x6c,0x3d,0x22,0x6e,0x6f,0x6e,0x65,0x22,0xd,0xa,0x20,0x20,0x73,0x74,
  0x72,0x6f,0x6b,0x65,0x3d,0x22,0x77,0x68,0x69,0x74,0x65,0x22,0xd,0xa,0x20,0x20,
  0x73,0x74,0x72,0x6f,0x6b,0x65,0x2d,0x77,0x69,0x64,0x74,0x68,0x3d,0x22,0x32,0x22,
  0xd,0xa,0x20,0x20,0x73,0x74,0x72,0x6f,0x6b,0x65,0x2d,0x6c,0x69,0x6e,0x65,0x63,
  0x61,0x70,0x3d,0x22,0x72,0x6f,0x75,0x6e,0x64,0x22,0xd,0xa,0x20,0x20,0x73,0x74,
  0x72,0x6f,0x6b,0x65,0x2d,0x6c,0x69,0x6e,0x65,0x6a,0x6f,0x69,0x6e,0x3d,0x22,0x72,
  0x6f,0x75,0x6e,0x64,0x22,0xd,0xa,0x3e,0xd,0xa,0x20,0x20,0x3c,0x70,0x61,0x74,
  0x68,0x20,0x64,0x3d,0x22,0x4d,0x32,0x30,0x20,0x36,0x20,0x39,0x20,0x31,0x37,0x6c,
  0x2d,0x35,0x2d,0x35,0x22,0x20,0x2f,0x3e,0xd,0xa,0x3c,0x2f,0x73,0x76,0x67,0x3e,
  0xd,0xa,
    // circle.svg
  0x0,0x0,0x0,0x95,
  0x3c,
  0x73,0x76,0x67,0x20,0x78,0x6d,0x6c,0x6e,0x73,0x3d,0x22,0x68,0x74,0x74,0x70,0x3a,
  0x2f,0x2f,0x77,0x77,0x77,0x2e,0x77,0x33,0x2e,0x6f,0x72,0x67,0x2f,0x32,0x30,0x30,
  0x30,0x2f,0x73,0x76,0x67,0x22,0x20,0x76,0x69,0x65,0x77,0x42,0x6f,0x78,0x3d,0x22,
  0x30,0x20,0x30,0x20,0x32,0x34,0x20,0x32,0x34,0x22,0x20,0x66,0x69,0x6c,0x6c,0x3d,
  0x22,0x6e,0x6f,0x6e,0x65,0x22,0x20,0x73,0x74,0x72,0x6f,0x6b,0x65,0x3d,0x22,0x63,
  0x75,0x72,0x72,0x65,0x6e,0x74,0x43,0x6f,0x6c,0x6f,0x72,0x22,0x20,0x73,0x74,0x72,
  0x6f,0x6b,0x65,0x2d,0x77,0x69,0x64,0x74,0x68,0x3d,0x22,0x32,0x22,0x3e,0x3c,0x63,
  0x69,0x72,0x63,0x6c,0x65,0x20,0x63,0x78,0x3d,0x22,0x31,0x32,0x22,0x20,0x63,0x79,
  0x3d,0x22,0x31,0x32,0x22,0x20,0x72,0x3d,0x22,0x38,0x22,0x2f,0x3e,0x3c,0x2f,0x73,
  0x76,0x67,0x3e,0xa,
    // cloud-download.svg
  0x0,0x0,0x1,0xc0,
  0x3c,
  0x21,0x2d,0x2d,0x20,0x40,0x6c,0x69,0x63,0x65,0x6e,0x73,0x65,0x20,0x6c,0x75,0x63,
  0x69,0x64,0x65,0x2d,0x73,0x74,0x61,0x74,0x69,0x63,0x20,0x76,0x31,0x2e,0x33,0x31,
  0x2e,0x30,0x20,0x2d,0x20,0x49,0x53,0x43,0x20,0x2d,0x2d,0x3e,0xa,0x3c,0x73,0x76,
  0x67,0xa,0x20,0x20,0x63,0x6c,0x61,0x73,0x73,0x3d,0x22,0x6c,0x75,0x63,0x69,0x64,
  0x65,0x20,0x6c,0x75,0x63,0x69,0x64,0x65,0x2d,0x63,0x6c,0x6f,0x75,0x64,0x2d,0x64,
  0x6f,0x77,0x6e,0x6c,0x6f,0x61,0x64,0x22,0xa,0x20,0x20,0x78,0x6d,0x6c,0x6e,0x73,
  0x3d,0x22,0x68,0x74,0x74,0x70,0x3a,0x2f,0x2f,0x77,0x77,0x77,0x2e,0x77,0x33,0x2e,
  0x6f,0x72,0x67,0x2f,0x32,0x30,0x30,0x30,0x2f,0x73,0x76,0x67,0x22,0xa,0x20,0x20,
  0x77,0x69,0x64,0x74,0x68,0x3d,0x22,0x32,0x34,0x22,0xa,0x20,0x20,0x68,0x65,0x69,
  0x67,0x68,0x74,0x3d,0x22,0x32,0x34,0x22,0xa,0x20,0x20,0x76,0x69,0x65,0x77,0x42,
  0x6f,0x78,0x3d,0x22,0x30,0x20,0x30,0x20,0x32,0x34,0x20,0x32,0x34,0x22,0xa,0x20,
  0x20,0x66,0x69,0x6c,0x6c,0x3d,0x22,0x6e,0x6f,0x6e,0x65,0x22,0xa,0x20,0x20,0x73,
  0x74,0x72,0x6f,0x6b,0x65,0x3d,0x22,0x77,0x68,0x69,0x74,0x65,0x22,0xa,0x20,0x20,
  0x73,0x74,0x72,0x6f,0x6b,0x65,0x2d,0x77,0x69,0x64,0x74,0x68,0x3d,0x22,0x32,0x22,
  0xa,0x20,0x20,0x73,0x74,0x72,0x6f,0x6b,0x65,0x2d,0x6c,0x69,0x6e,0x65,0x63,0x61,
  0x70,0x3d,0x22,0x72,0x6f,0x75,0x6e,0x64,0x22,0xa,0x20,0x20,0x73,0x74,0x72,0x6f,
  0x6b,0x65,0x2d,0x6c,0x69,0x6e,0x65,0x6a,0x6f,0x69,0x6e,0x3d,0x22,0x72,0x6f,0x75,
  0x6e,0x64,0x22,0xa,0x3e,0xa,0x20,0x20,0x3c,0x70,0x61,0x74,0x68,0x20,0x64,0x3d,
  0x22,0x4d,0x31,0x32,0x20,0x31,0x33,0x76,0x38,0x22,0x20,0x2f,0x3e,0xa,0x20,0x20,
  0x3c,0x70,0x61,0x74,0x68,0x20,0x64,0x3d,0x22,0x6d,0x38,0x20,0x31,0x37,0x20,0x34,
  0x20,0x34,0x20,0x34,0x2d,0x34,0x22,0x20,0x2f,0x3e,0xa,0x20,0x20,0x3c,0x70,0x61,
  0x74,0x68,0x20,0x64,0x3d,0x22,0x4d,0x32,0x30,0x2e,0x33,0x39,0x20,0x31,0x38,0x2e,
  0x33,0x39,0x41,0x35,0x20,0x35,0x20,0x30,0x20,0x30,0x20,0x30,0x20,0x31,0x38,0x20,
  0x39,0x68,0x2d,0x31,0x2e,0x32,0x36,0x41,0x38,0x20,0x38,0x20,0x30,0x20,0x31,0x20,
  0x30,0x20,0x33,0x20,0x31,0x36,0x2e,0x33,0x22,0x20,0x2f,0x3e,0xa,0x20,0x20,0x3c,
  0x70,0x61,0x74,0x68,0x20,0x64,0x3d,0x22,0x4d,0x31,0x36,0x20,0x31,0x36,0x68,0x34,
  0x61,0x32,0x20,0x32,0x20,0x30,0x20,0x30,0x20,0x30,0x20,0x2e,0x33,0x39,0x2d,0x33,
  0x2e,0x39,0x36,0x22,0x20,0x2f,0x3e,0xa,0x3c,0x2f,0x73,0x76,0x67,0x3e,0xa,
    // trash-2.svg
  0x0,0x0,0x1,0xdf,
  0x3c,
  0x21,0x2d,0x2d,0x20,0x40,0x6c,0x69,0x63,0x65,0x6e,0x73,0x65,0x20,0x6c,0x75,0x63,
  0x69,0x64,0x65,0x2d,0x73,0x74,0x61,0x74,0x69,0x63,0x20,0x76,0x31,0x2e,0x33,0x31,
  0x2e,0x30,0x20,0x2d,0x20,0x49,0x53,0x43,0x20,0x2d,0x2d,0x3e,0xd,0xa,0x3c,0x73,
  0x76,0x67,0xd,0xa,0x20,0x20,0x63,0x6c,0x61,0x73,0x73,0x3d,0x22,0x6c,0x75,0x63,
  0x69,0x64,0x65,0x20,0x6c,0x75,0x63,0x69,0x64,0x65,0x2d,0x74,0x72,0x61,0x73,0x68,
  0x2d,0x32,0x22,0xd,0xa,0x20,0x20,0x78,0x6d,0x6c,0x6e,0x73,0x3d,0x22,0x68,0x74,
  0x74,0x70,0x3a,0x2f,0x2f,0x77,0x77,0x77,0x2e,0x77,0x33,0x2e,0x6f,0x72,0x67,0x2f,
  0x32,0x30,0x30,0x30,0x2f,0x73,0x76,0x67,0x22,0xd,0xa,0x20,0x20,0x77,0x69,0x64,
  0x74,0x68,0x3d,0x22,0x32,0x34,0x22,0xd,0xa,0x20,0x20,0x68,0x65,0x69,0x67,0x68,
  0x74,0x3d,0x22,0x32,0x34,0x22,0xd,0xa,0x20,0x20,0x76,0x69,0x65,0x77,0x42,0x6f,
  0x78,0x3d,0x22,0x30,0x20,0x30,0x20,0x32,0x34,0x20,0x32,0x34,0x22,0xd,0xa,0x20,
  0x20,0x66,0x69,0x6c,0x6c,0x3d,0x22,0x6e,0x6f,0x6e,0x65,0x22,0xd,0xa,0x20,0x20,
  0x73,0x74,0x72,0x6f,0x6b,0x65,0x3d,0x22,0x77,0x68,0x69,0x74,0x65,0x22,0xd,0xa,
  0x20,0x20,0x73,0x74,0x72,0x6f,0x6b,0x65,0x2d,0x77,0x69,0x64,0x74,0x68,0x3d,0x22,
  0x32,0x22,0xd,0xa,0x20,0x20,0x73,0x74,0x72,0x6f,0x6b,0x65,0x2d,0x6c,0x69,0x6e,
  0x65,0x63,0x61,0x70,0x3d,0x22,0x72,0x6f,0x75,0x6e,0x64,0x22,0xd,0xa,0x20,0x20,
  0x73,0x74,0x72,0x6f,0x6b,0x65,0x2d,0x6c,0x69,0x6e,0x65,0x6a,0x6f,0x69,0x6e,0x3d,
  0x22,0x72,0x6f,0x75,0x6e,0x64,0x22,0xd,0xa,0x3e,0xd,0xa,0x20,0x20,0x3c,0x70,
  0x61,0x74,0x68,0x20,0x64,0x3d,0x22,0x4d,0x31,0x30,0x20,0x31,0x31,0x76,0x36,0x22,
  0x20,0x2f,0x3e,0xd,0xa,0x20,0x20,0x3c,0x70,0x61,0x74,0x68,0x20,0x64,0x3d,0x22,
  0x4d,0x31,0x34,0x20,0x31,0x31,0x76,0x36,0x22,0x20,0x2f,0x3e,0xd,0xa,0x20,0x20,
  0x3c,0x70,0x61,0x74,0x68,0x20,0x64,0x3d,0x22,0x4d,0x31,0x39,0x20,0x36,0x76,0x31,
  0x34,0x61,0x32,0x20,0x32,0x20,0x30,0x20,0x30,0x20,0x31,0x2d,0x32,0x20,0x32,0x48,
  0x37,0x61,0x32,0x20,0x32,0x20,0x30,0x20,0x30,0x20,0x31,0x2d,0x32,0x2d,0x32,0x56,
  0x36,0x22,0x20,0x2f,0x3e,0xd,0xa,0x20,0x20,0x3c,0x70,0x61,0x74,0x68,0x20,0x64,
  0x3d,0x22,0x4d,0x33,0x20,0x36,0x68,0x31,0x38,0x22,0x20,0x2f,0x3e,0xd,0xa,0x20,
  0x20,0x3c,0x70,0x61,0x74,0x68,0x20,0x64,0x3d,0x22,0x4d,0x38,0x20,0x36,0x56,0x34,
  0x61,0x32,0x20,0x32,0x20,0x30,0x20,0x30,0x20,0x31,0x20,0x32,0x2d,0x32,0x68,0x34,
  0x61,0x32,0x20,0x32,0x20,0x30,0x20,0x30,0x20,0x31,0x20,0x32,0x20,0x32,0x76,0x32,
  0x22,0x20,0x2f,0x3e,0xd,0xa,0x3c,0x2f,0x73,0x76,0x67,0x3e,0xd,0xa,
    // maximize-2.svg
  0x0,0x0,0x1,0x91,
  0x3c,
  0x21,0x2d,0x2d,0x20,0x40,0x6c,0x69,0x63,0x65,0x6e,0x73,0x65,0x20,0x6c,0x75,0x63,
  0x69,0x64,0x65,0x2d,0x73,0x74,0x61,0x74,0x69,0x63,0x20,0x76,0x31,0x2e,0x33,0x31,
  0x2e,0x30,0x20,0x2d,0x20,0x49,0x53,0x43,0x20,0x2d,0x2d,0x3e,0xd,0xa,0x3c,0x73,
  0x76,0x67,0xd,0xa,0x20,0x20,0x63,0x6c,0x61,0x73,0x73,0x3d,0x22,0x6c,0x75,0x63,
  0x69,0x64,0x65,0x20,0x6c,0x75,0x63,0x69,0x64,0x65,0x2d,0x6d,0x61,0x78,0x69,0x6d,
  0x69,0x7a,0x65,0x2d,0x32,0x22,0xd,0xa,0x20,0x20,0x78,0x6d,0x6c,0x6e,0x73,0x3d,
  0x22,0x68,0x74,0x74,0x70,0x3a,0x2f,0x2f,0x77,0x77,0x77,0x2e,0x77,0x33,0x2e,0x6f,
  0x72,0x67,0x2f,0x32,0x30,0x30,0x30,0x2f,0x73,0x76,0x67,0x22,0xd,0xa,0x20,0x20,
  0x77,0x69,0x64,0x74,0x68,0x3d,0x22,0x32,0x34,0x22,0xd,0xa,0x20,0x20,0x68,0x65,
  0x69,0x67,0x68,0x74,0x3d,0x22,0x32,0x34,0x22,0xd,0xa,0x20,0x20,0x76,0x69,0x65,
  0x77,0x42,0x6f,0x78,0x3d,0x22,0x30,0x20,0x30,0x20,0x32,0x34,0x20,0x32,0x34,0x22,
  0xd,0xa,0x20,0x20,0x66,0x69,0x6c,0x6c,0x3d,0x22,0x6e,0x6f,0x6e,0x65,0x22,0xd,
  0xa,0x20,0x20,0x73,0x74,0x72,0x6f,0x6b,0x65,0x3d,0x22,0x77,0x68,0x69,0x74,0x65,
  0x22,0xd,0xa,0x20,0x20,0x73,0x74,0x72,0x6f,0x6b,0x65,0x2d,0x77,0x69,0x64,0x74,
  0x68,0x3d,0x22,0x32,0x22,0xd,0xa,0x20,0x20,0x73,0x74,0x72,0x6f,0x6b,0x65,0x2d,
  0x6c,0x69,0x6e,0x65,0x63,0x61,0x70,0x3d,0x22,0x72,0x6f,0x75,0x6e,0x64,0x22,0xd,
  0xa,0x20,0x20,0x73,0x74,0x72,0x6f,0x6b,0x65,0x2d,0x6c,0x69,0x6e,0x65,0x6a,0x6f,
  0x69,0x6e,0x3d,0x22,0x72,0x6f,0x75,0x6e,0x64,0x22,0xd,0xa,0x3e,0xd,0xa,0x20,
  0x20,0x3c,0x70,0x61,0x74,0x68,0x20,0x64,0x3d,0x22,0x4d,0x31,0x35,0x20,0x33,0x68,
  0x36,0x76,0x36,0x22,0x20,0x2f,0x3e,0xd,0xa,0x20,0x20,0x3c,0x70,0x61,0x74,0x68,
  0x20,0x64,0x3d,0x22,0x6d,0x32,0x31,0x20,0x33,0x2d,0x37,0x20,0x37,0x22,0x20,0x2f,
  0x3e,0xd,0xa,0x20,0x20,0x3c,0x70,0x61,0x74,0x68,0x20,0x64,0x3d,0x22,0x6d,0x33,
  0x20,0x32,0x31,0x20,0x37,0x2d,0x37,0x22,0x20,0x2f,0x3e,0xd,0xa,0x20,0x20,0x3c,
  0x70,0x61,0x74,0x68,0x20,0x64,0x3d,0x22,0x4d,0x39,0x20,0x32,0x31,0x48,0x33,0x76,
  0x2d,0x36,0x22,0x20,0x2f,0x3e,0xd,0xa,0x3c,0x2f,0x73,0x76,0x67,0x3e,0xd,0xa,
  
    // pen.svg
  0x0,0x0,0x1,0xb2,
  0x3c,
  0x21,0x2d,0x2d,0x20,0x40,0x6c,0x69,0x63,0x65,0x6e,0x73,0x65,0x20,0x6c,0x75,0x63,
  0x69,0x64,0x65,0x2d,0x73,0x74,0x61,0x74,0x69,0x63,0x20,0x76,0x31,0x2e,0x33,0x31,
  0x2e,0x30,0x20,0x2d,0x20,0x49,0x53,0x43,0x20,0x2d,0x2d,0x3e,0xd,0xa,0x3c,0x73,
  0x76,0x67,0xd,0xa,0x20,0x20,0x63,0x6c,0x61,0x73,0x73,0x3d,0x22,0x6c,0x75,0x63,
  0x69,0x64,0x65,0x20,0x6c,0x75,0x63,0x69,0x64,0x65,0x2d,0x70,0x65,0x6e,0x22,0xd,
  0xa,0x20,0x20,0x78,0x6d,0x6c,0x6e,0x73,0x3d,0x22,0x68,0x74,0x74,0x70,0x3a,0x2f,
  0x2f,0x77,0x77,0x77,0x2e,0x77,0x33,0x2e,0x6f,0x72,0x67,0x2f,0x32,0x30,0x30,0x30,
  0x2f,0x73,0x76,0x67,0x22,0xd,0xa,0x20,0x20,0x77,0x69,0x64,0x74,0x68,0x3d,0x22,
  0x32,0x34,0x22,0xd,0xa,0x20,0x20,0x68,0x65,0x69,0x67,0x68,0x74,0x3d,0x22,0x32,
  0x34,0x22,0xd,0xa,0x20,0x20,0x76,0x69,0x65,0x77,0x42,0x6f,0x78,0x3d,0x22,0x30,
  0x20,0x30,0x20,0x32,0x34,0x20,0x32,0x34,0x22,0xd,0xa,0x20,0x20,0x66,0x69,0x6c,
  0x6c,0x3d,0x22,0x6e,0x6f,0x6e,0x65,0x22,0xd,0xa,0x20,0x20,0x73,0x74,0x72,0x6f,
  0x6b,0x65,0x3d,0x22,0x77,0x68,0x69,0x74,0x65,0x22,0xd,0xa,0x20,0x20,0x73,0x74,
  0x72,0x6f,0x6b,0x65,0x2d,0x77,0x69,0x64,0x74,0x68,0x3d,0x22,0x32,0x22,0xd,0xa,
  0x20,0x20,0x73,0x74,0x72,0x6f,0x6b,0x65,0x2d,0x6c,0x69,0x6e,0x65,0x63,0x61,0x70,
  0x3d,0x22,0x72,0x6f,0x75,0x6e,0x64,0x22,0xd,0xa,0x20,0x20,0x73,0x74,0x72,0x6f,
  0x6b,0x65,0x2d,0x6c,0x69,0x6e,0x65,0x6a,0x6f,0x69,0x6e,0x3d,0x22,0x72,0x6f,0x75,
  0x6e,0x64,0x22,0xd,0xa,0x3e,0xd,0xa,0x20,0x20,0x3c,0x70,0x61,0x74,0x68,0x20,
  0x64,0x3d,0x22,0x4d,0x32,0x31,0x2e,0x31,0x37,0x34,0x20,0x36,0x2e,0x38,0x31,0x32,
  0x61,0x31,0x20,0x31,0x20,0x30,0x20,0x30,0x20,0x30,0x2d,0x33,0x2e,0x39,0x38,0x36,
  0x2d,0x33,0x2e,0x39,0x38,0x37,0x4c,0x33,0x2e,0x38,0x34,0x32,0x20,0x31,0x36,0x2e,
  0x31,0x37,0x34,0x61,0x32,0x20,0x32,0x20,0x30,0x20,0x30,0x20,0x30,0x2d,0x2e,0x35,
  0x2e,0x38,0x33,0x6c,0x2d,0x31,0x2e,0x33,0x32,0x31,0x20,0x34,0x2e,0x33,0x35,0x32,
  0x61,0x2e,0x35,0x2e,0x35,0x20,0x30,0x20,0x30,0x20,0x30,0x20,0x2e,0x36,0x32,0x33,
  0x2e,0x36,0x32,0x32,0x6c,0x34,0x2e,0x33,0x35,0x33,0x2d,0x31,0x2e,0x33,0x32,0x61,
  0x32,0x20,0x32,0x20,0x30,0x20,0x30,0x20,0x30,0x20,0x2e,0x38,0x33,0x2d,0x2e,0x34,
  0x39,0x37,0x7a,0x22,0x20,0x2f,0x3e,0xd,0xa,0x3c,0x2f,0x73,0x76,0x67,0x3e,0xd,
  0xa,
    // import.svg
  0x0,0x0,0x1,0xb5,
  0x3c,
  0x21,0x2d,0x2d,0x20,0x40,0x6c,0x69,0x63,0x65,0x6e,0x73,0x65,0x20,0x6c,0x75,0x63,
  0x69,0x64,0x65,0x2d,0x73,0x74,0x61,0x74,0x69,0x63,0x20,0x76,0x31,0x2e,0x33,0x31,
  0x2e,0x30,0x20,0x2d,0x20,0x49,0x53,0x43,0x20,0x2d,0x2d,0x3e,0xd,0xa,0x3c,0x73,
  0x76,0x67,0xd,0xa,0x20,0x20,0x63,0x6c,0x61,0x73,0x73,0x3d,0x22,0x6c,0x75,0x63,
  0x69,0x64,0x65,0x20,0x6c,0x75,0x63,0x69,0x64,0x65,0x2d,0x69,0x6d,0x70,0x6f,0x72,
  0x74,0x22,0xd,0xa,0x20,0x20,0x78,0x6d,0x6c,0x6e,0x73,0x3d,0x22,0x68,0x74,0x74,
  0x70,0x3a,0x2f,0x2f,0x77,0x77,0x77,0x2e,0x77,0x33,0x2e,0x6f,0x72,0x67,0x2f,0x32,
  0x30,0x30,0x30,0x2f,0x73,0x76,0x67,0x22,0xd,0xa,0x20,0x20,0x77,0x69,0x64,0x74,
  0x68,0x3d,0x22,0x32,0x34,0x22,0xd,0xa,0x20,0x20,0x68,0x65,0x69,0x67,0x68,0x74,
  0x3d,0x22,0x32,0x34,0x22,0xd,0xa,0x20,0x20,0x76,0x69,0x65,0x77,0x42,0x6f,0x78,
  0x3d,0x22,0x30,0x20,0x30,0x20,0x32,0x34,0x20,0x32,0x34,0x22,0xd,0xa,0x20,0x20,
  0x66,0x69,0x6c,0x6c,0x3d,0x22,0x6e,0x6f,0x6e,0x65,0x22,0xd,0xa,0x20,0x20,0x73,
  0x74,0x72,0x6f,0x6b,0x65,0x3d,0x22,0x77,0x68,0x69,0x74,0x65,0x22,0xd,0xa,0x20,
  0x20,0x73,0x74,0x72,0x6f,0x6b,0x65,0x2d,0x77,0x69,0x64,0x74,0x68,0x3d,0x22,0x32,
  0x22,0xd,0xa,0x20,0x20,0x73,0x74,0x72,0x6f,0x6b,0x65,0x2d,0x6c,0x69,0x6e,0x65,
  0x63,0x61,0x70,0x3d,0x22,0x72,0x6f,0x75,0x6e,0x64,0x22,0xd,0xa,0x20,0x20,0x73,
  0x74,0x72,0x6f,0x6b,0x65,0x2d,0x6c,0x69,0x6e,0x65,0x6a,0x6f,0x69,0x6e,0x3d,0x22,
  0x72,0x6f,0x75,0x6e,0x64,0x22,0xd,0xa,0x3e,0xd,0xa,0x20,0x20,0x3c,0x70,0x61,
  0x74,0x68,0x20,0x64,0x3d,0x22,0x4d,0x31,0x32,0x20,0x33,0x76,0x31,0x32,0x22,0x20,
  0x2f,0x3e,0xd,0xa,0x20,0x20,0x3c,0x70,0x61,0x74,0x68,0x20,0x64,0x3d,0x22,0x6d,
  0x38,0x20,0x31,0x31,0x20,0x34,0x20,0x34,0x20,0x34,0x2d,0x34,0x22,0x20,0x2f,0x3e,
  0xd,0xa,0x20,0x20,0x3c,0x70,0x61,0x74,0x68,0x20,0x64,0x3d,0x22,0x4d,0x38,0x20,
  0x35,0x48,0x34,0x61,0x32,0x20,0x32,0x20,0x30,0x20,0x30,0x20,0x30,0x2d,0x32,0x20,
  0x32,0x76,0x31,0x30,0x61,0x32,0x20,0x32,0x20,0x30,0x20,0x30,0x20,0x30,0x20,0x32,
  0x20,0x32,0x68,0x31,0x36,0x61,0x32,0x20,0x32,0x20,0x30,0x20,0x30,0x20,0x30,0x20,
  0x32,0x2d,0x32,0x56,0x37,0x61,0x32,0x20,0x32,0x20,0x30,0x20,0x30,0x20,0x30,0x2d,
  0x32,0x2d,0x32,0x68,0x2d,0x34,0x22,0x20,0x2f,0x3e,0xd,0xa,0x3c,0x2f,0x73,0x76,
  0x67,0x3e,0xd,0xa,
    // chevrons-left.svg
  0x0,0x0,0x1,0x69,
  0x3c,
  0x21,0x2d,0x2d,0x20,0x40,0x6c,0x69,0x63,0x65,0x6e,0x73,0x65,0x20,0x6c,0x75,0x63,
  0x69,0x64,0x65,0x2d,0x73,0x74,0x61,0x74,0x69,0x63,0x20,0x76,0x31,0x2e,0x33,0x31,
  0x2e,0x30,0x20,0x2d,0x20,0x49,0x53,0x43,0x20,0x2d,0x2d,0x3e,0xd,0xa,0x3c,0x73,
  0x76,0x67,0xd,0xa,0x20,0x20,0x63,0x6c,0x61,0x73,0x73,0x3d,0x22,0x6c,0x75,0x63,
  0x69,0x64,0x65,0x20,0x6c,0x75,0x63,0x69,0x64,0x65,0x2d,0x63,0x68,0x65,0x76,0x72,
  0x6f,0x6e,0x73,0x2d,0x6c,0x65,0x66,0x74,0x22,0xd,0xa,0x20,0x20,0x78,0x6d,0x6c,
  0x6e,0x73,0x3d,0x22,0x68,0x74,0x74,0x70,0x3a,0x2f,0x2f,0x77,0x77,0x77,0x2e,0x77,
  0x33,0x2e,0x6f,0x72,0x67,0x2f,0x32,0x30,0x30,0x30,0x2f,0x73,0x76,0x67,0x22,0xd,
  0xa,0x20,0x20,0x77,0x69,0x64,0x74,0x68,0x3d,0x22,0x32,0x34,0x22,0xd,0xa,0x20,
  0x20,0x68,0x65,0x69,0x67,0x68,0x74,0x3d,0x22,0x32,0x34,0x22,0xd,0xa,0x20,0x20,
  0x76,0x69,0x65,0x77,0x42,0x6f,0x78,0x3d,0x22,0x30,0x20,0x30,0x20,0x32,0x34,0x20,
  0x32,0x34,0x22,0xd,0xa,0x20,0x20,0x66,0x69,0x6c,0x6c,0x3d,0x22,0x6e,0x6f,0x6e,
  0x65,0x22,0xd,0xa,0x20,0x20,0x73,0x74,0x72,0x6f,0x6b,0x65,0x3d,0x22,0x77,0x68,
  0x69,0x74,0x65,0x22,0xd,0xa,0x20,0x20,0x73,0x74,0x72,0x6f,0x6b,0x65,0x2d,0x77,
  0x69,0x64,0x74,0x68,0x3d,0x22,0x32,0x22,0xd,0xa,0x20,0x20,0x73,0x74,0x72,0x6f,
  0x6b,0x65,0x2d,0x6c,0x69,0x6e,0x65,0x63,0x61,0x70,0x3d,0x22,0x72,0x6f,0x75,0x6e,
  0x64,0x22,0xd,0xa,0x20,0x20,0x73,0x74,0x72,0x6f,0x6b,0x65,0x2d,0x6c,0x69,0x6e,
  0x65,0x6a,0x6f,0x69,0x6e,0x3d,0x22,0x72,0x6f,0x75,0x6e,0x64,0x22,0xd,0xa,0x3e,
  0xd,0xa,0x20,0x20,0x3c,0x70,0x61,0x74,0x68,0x20,0x64,0x3d,0x22,0x6d,0x31,0x31,
  0x20,0x31,0x37,0x2d,0x35,0x2d,0x35,0x20,0x35,0x2d,0x35,0x22,0x20,0x2f,0x3e,0xd,
  0xa,0x20,0x20,0x3c,0x70,0x61,0x74,0x68,0x20,0x64,0x3d,0x22,0x6d,0x31,0x38,0x20,
  0x31,0x37,0x2d,0x35,0x2d,0x35,0x20,0x35,0x2d,0x35,0x22,0x20,0x2f,0x3e,0xd,0xa,
  0x3c,0x2f,0x73,0x76,0x67,0x3e,0xd,0xa,
    // sliders-horizontal.svg
  0x0,0x0,0x2,0xf,
  0x3c,
  0x21,0x2d,0x2d,0x20,0x40,0x6c,0x69,0x63,0x65,0x6e,0x73,0x65,0x20,0x6c,0x75,0x63,
  0x69,0x64,0x65,0x2d,0x73,0x74,0x61,0x74,0x69,0x63,0x20,0x76,0x31,0x2e,0x33,0x31,
  0x2e,0x30,0x20,0x2d,0x20,0x49,0x53,0x43,0x20,0x2d,0x2d,0x3e,0xd,0xa,0x3c,0x73,
  0x76,0x67,0xd,0xa,0x20,0x20,0x63,0x6c,0x61,0x73,0x73,0x3d,0x22,0x6c,0x75,0x63,
  0x69,0x64,0x65,0x20,0x6c,0x75,0x63,0x69,0x64,0x65,0x2d,0x73,0x6c,0x69,0x64,0x65,
  0x72,0x73,0x2d,0x68,0x6f,0x72,0x69,0x7a,0x6f,0x6e,0x74,0x61,0x6c,0x22,0xd,0xa,
  0x20,0x20,0x78,0x6d,0x6c,0x6e,0x73,0x3d,0x22,0x68,0x74,0x74,0x70,0x3a,0x2f,0x2f,
  0x77,0x77,0x77,0x2e,0x77,0x33,0x2e,0x6f,0x72,0x67,0x2f,0x32,0x30,0x30,0x30,0x2f,
  0x73,0x76,0x67,0x22,0xd,0xa,0x20,0x20,0x77,0x69,0x64,0x74,0x68,0x3d,0x22,0x32,
  0x34,0x22,0xd,0xa,0x20,0x20,0x68,0x65,0x69,0x67,0x68,0x74,0x3d,0x22,0x32,0x34,
  0x22,0xd,0xa,0x20,0x20,0x76,0x69,0x65,0x77,0x42,0x6f,0x78,0x3d,0x22,0x30,0x20,
  0x30,0x20,0x32,0x34,0x20,0x32,0x34,0x22,0xd,0xa,0x20,0x20,0x66,0x69,0x6c,0x6c,
  0x3d,0x22,0x6e,0x6f,0x6e,0x65,0x22,0xd,0xa,0x20,0x20,0x73,0x74,0x72,0x6f,0x6b,
  0x65,0x3d,0x22,0x77,0x68,0x69,0x74,0x65,0x22,0xd,0xa,0x20,0x20,0x73,0x74,0x72,
  0x6f,0x6b,0x65,0x2d,0x77,0x69,0x64,0x74,0x68,0x3d,0x22,0x32,0x22,0xd,0xa,0x20,
  0x20,0x73,0x74,0x72,0x6f,0x6b,0x65,0x2d,0x6c,0x69,0x6e,0x65,0x63,0x61,0x70,0x3d,
  0x22,0x72,0x6f,0x75,0x6e,0x64,0x22,0xd,0xa,0x20,0x20,0x73,0x74,0x72,0x6f,0x6b,
  0x65,0x2d,0x6c,0x69,0x6e,0x65,0x6a,0x6f,0x69,0x6e,0x3d,0x22,0x72,0x6f,0x75,0x6e,
  0x64,0x22,0xd,0xa,0x3e,0xd,0xa,0x20,0x20,0x3c,0x70,0x61,0x74,0x68,0x20,0x64,
  0x3d,0x22,0x4d,0x31,0x30,0x20,0x35,0x48,0x33,0x22,0x20,0x2f,0x3e,0xd,0xa,0x20,
  0x20,0x3c,0x70,0x61,0x74,0x68,0x20,0x64,0x3d,0x22,0x4d,0x31,0x32,0x20,0x31,0x39,
  0x48,0x33,0x22,0x20,0x2f,0x3e,0xd,0xa,0x20,0x20,0x3c,0x70,0x61,0x74,0x68,0x20,
  0x64,0x3d,0x22,0x4d,0x31,0x34,0x20,0x33,0x76,0x34,0x22,0x20,0x2f,0x3e,0xd,0xa,
  0x20,0x20,0x3c,0x70,0x61,0x74,0x68,0x20,0x64,0x3d,0x22,0x4d,0x31,0x36,0x20,0x31,
  0x37,0x76,0x34,0x22,0x20,0x2f,0x3e,0xd,0xa,0x20,0x20,0x3c,0x70,0x61,0x74,0x68,
  0x20,0x64,0x3d,0x22,0x4d,0x32,0x31,0x20,0x31,0x32,0x68,0x2d,0x39,0x22,0x20,0x2f,
  0x3e,0xd,0xa,0x20,0x20,0x3c,0x70,0x61,0x74,0x68,0x20,0x64,0x3d,0x22,0x4d,0x32,
  0x31,0x20,0x31,0x39,0x68,0x2d,0x35,0x22,0x20,0x2f,0x3e,0xd,0xa,0x20,0x20,0x3c,
  0x70,0x61,0x74,0x68,0x20,0x64,0x3d,0x22,0x4d,0x32,0x31,0x20,0x35,0x68,0x2d,0x37,
  0x22,0x20,0x2f,0x3e,0xd,0xa,0x20,0x20,0x3c,0x70,0x61,0x74,0x68,0x20,0x64,0x3d,
  0x22,0x4d,0x38,0x20,0x31,0x30,0x76,0x34,0x22,0x20,0x2f,0x3e,0xd,0xa,0x20,0x20,
  0x3c,0x70,0x61,0x74,0x68,0x20,0x64,0x3d,0x22,0x4d,0x38,0x20,0x31,0x32,0x48,0x33,
  0x22,0x20,0x2f,0x3e,0xd,0xa,0x3c,0x2f,0x73,0x76,0x67,0x3e,0xd,0xa,
    // hand.svg
  0x0,0x0,0x2,0x39,
  0x3c,
  0x21,0x2d,0x2d,0x20,0x40,0x6c,0x69,0x63,0x65,0x6e,0x73,0x65,0x20,0x6c,0x75,0x63,
  0x69,0x64,0x65,0x2d,0x73,0x74,0x61,0x74,0x69,0x63,0x20,0x76,0x31,0x2e,0x33,0x31,
  0x2e,0x30,0x20,0x2d,0x20,0x49,0x53,0x43,0x20,0x2d,0x2d,0x3e,0xd,0xa,0x3c,0x73,
  0x76,0x67,0xd,0xa,0x20,0x20,0x63,0x6c,0x61,0x73,0x73,0x3d,0x22,0x6c,0x75,0x63,
  0x69,0x64,0x65,0x20,0x6c,0x75,0x63,0x69,0x64,0x65,0x2d,0x68,0x61,0x6e,0x64,0x22,
  0xd,0xa,0x20,0x20,0x78,0x6d,0x6c,0x6e,0x73,0x3d,0x22,0x68,0x74,0x74,0x70,0x3a,
  0x2f,0x2f,0x77,0x77,0x77,0x2e,0x77,0x33,0x2e,0x6f,0x72,0x67,0x2f,0x32,0x30,0x30,
  0x30,0x2f,0x73,0x76,0x67,0x22,0xd,0xa,0x20,0x20,0x77,0x69,0x64,0x74,0x68,0x3d,
  0x22,0x32,0x34,0x22,0xd,0xa,0x20,0x20,0x68,0x65,0x69,0x67,0x68,0x74,0x3d,0x22,
  0x32,0x34,0x22,0xd,0xa,0x20,0x20,0x76,0x69,0x65,0x77,0x42,0x6f,0x78,0x3d,0x22,
  0x30,0x20,0x30,0x20,0x32,0x34,0x20,0x32,0x34,0x22,0xd,0xa,0x20,0x20,0x66,0x69,
  0x6c,0x6c,0x3d,0x22,0x6e,0x6f,0x6e,0x65,0x22,0xd,0xa,0x20,0x20,0x73,0x74,0x72,
  0x6f,0x6b,0x65,0x3d,0x22,0x77,0x68,0x69,0x74,0x65,0x22,0xd,0xa,0x20,0x20,0x73,
  0x74,0x72,0x6f,0x6b,0x65,0x2d,0x77,0x69,0x64,0x74,0x68,0x3d,0x22,0x32,0x22,0xd,
  0xa,0x20,0x20,0x73,0x74,0x72,0x6f,0x6b,0x65,0x2d,0x6c,0x69,0x6e,0x65,0x63,0x61,
  0x70,0x3d,0x22,0x72,0x6f,0x75,0x6e,0x64,0x22,0xd,0xa,0x20,0x20,0x73,0x74,0x72,
  0x6f,0x6b,0x65,0x2d,0x6c,0x69,0x6e,0x65,0x6a,0x6f,0x69,0x6e,0x3d,0x22,0x72,0x6f,
  0x75,0x6e,0x64,0x22,0xd,0xa,0x3e,0xd,0xa,0x20,0x20,0x3c,0x70,0x61,0x74,0x68,
  0x20,0x64,0x3d,0x22,0x4d,0x31,0x38,0x20,0x31,0x31,0x56,0x36,0x61,0x32,0x20,0x32,
  0x20,0x30,0x20,0x30,0x20,0x30,0x2d,0x32,0x2d,0x32,0x61,0x32,0x20,0x32,0x20,0x30,
  0x20,0x30,0x20,0x30,0x2d,0x32,0x20,0x32,0x22,0x20,0x2f,0x3e,0xd,0xa,0x20,0x20,
  0x3c,0x70,0x61,0x74,0x68,0x20,0x64,0x3d,0x22,0x4d,0x31,0x34,0x20,0x31,0x30,0x56,
  0x34,0x61,0x32,0x20,0x32,0x20,0x30,0x20,0x30,0x20,0x30,0x2d,0x32,0x2d,0x32,0x61,
  0x32,0x20,0x32,0x20,0x30,0x20,0x30,0x20,0x30,0x2d,0x32,0x20,0x32,0x76,0x32,0x22,
  0x20,0x2f,0x3e,0xd,0xa,0x20,0x20,0x3c,0x70,0x61,0x74,0x68,0x20,0x64,0x3d,0x22,
  0x4d,0x31,0x30,0x20,0x31,0x30,0x2e,0x35,0x56,0x36,0x61,0x32,0x20,0x32,0x20,0x30,
  0x20,0x30,0x20,0x30,0x2d,0x32,0x2d,0x32,0x61,0x32,0x20,0x32,0x20,0x30,0x20,0x30,
  0x20,0x30,0x2d,0x32,0x20,0x32,0x76,0x38,0x22,0x20,0x2f,0x3e,0xd,0xa,0x20,0x20,
  0x3c,0x70,0x61,0x74,0x68,0x20,0x64,0x3d,0x22,0x4d,0x31,0x38,0x20,0x38,0x61,0x32,
  0x20,0x32,0x20,0x30,0x20,0x31,0x20,0x31,0x20,0x34,0x20,0x30,0x76,0x36,0x61,0x38,
  0x20,0x38,0x20,0x30,0x20,0x30,0x20,0x31,0x2d,0x38,0x20,0x38,0x68,0x2d,0x32,0x63,
  0x2d,0x32,0x2e,0x38,0x20,0x30,0x2d,0x34,0x2e,0x35,0x2d,0x2e,0x38,0x36,0x2d,0x35,
  0x2e,0x39,0x39,0x2d,0x32,0x2e,0x33,0x34,0x6c,0x2d,0x33,0x2e,0x36,0x2d,0x33,0x2e,
  0x36,0x61,0x32,0x20,0x32,0x20,0x30,0x20,0x30,0x20,0x31,0x20,0x32,0x2e,0x38,0x33,
  0x2d,0x32,0x2e,0x38,0x32,0x4c,0x37,0x20,0x31,0x35,0x22,0x20,0x2f,0x3e,0xd,0xa,
  0x3c,0x2f,0x73,0x76,0x67,0x3e,0xd,0xa,
    // zoom-out.svg
  0x0,0x0,0x1,0xa7,
  0x3c,
  0x21,0x2d,0x2d,0x20,0x40,0x6c,0x69,0x63,0x65,0x6e,0x73,0x65,0x20,0x6c,0x75,0x63,
  0x69,0x64,0x65,0x2d,0x73,0x74,0x61,0x74,0x69,0x63,0x20,0x76,0x31,0x2e,0x33,0x31,
  0x2e,0x30,0x20,0x2d,0x20,0x49,0x53,0x43,0x20,0x2d,0x2d,0x3e,0xd,0xa,0x3c,0x73,
  0x76,0x67,0xd,0xa,0x20,0x20,0x63,0x6c,0x61,0x73,0x73,0x3d,0x22,0x6c,0x75,0x63,
  0x69,0x64,0x65,0x20,0x6c,0x75,0x63,0x69,0x64,0x65,0x2d,0x7a,0x6f,0x6f,0x6d,0x2d,
  0x6f,0x75,0x74,0x22,0xd,0xa,0x20,0x20,0x78,0x6d,0x6c,0x6e,0x73,0x3d,0x22,0x68,
  0x74,0x74,0x70,0x3a,0x2f,0x2f,0x77,0x77,0x77,0x2e,0x77,0x33,0x2e,0x6f,0x72,0x67,
  0x2f,0x32,0x30,0x30,0x30,0x2f,0x73,0x76,0x67,0x22,0xd,0xa,0x20,0x20,0x77,0x69,
  0x64,0x74,0x68,0x3d,0x22,0x32,0x34,0x22,0xd,0xa,0x20,0x20,0x68,0x65,0x69,0x67,
  0x68,0x74,0x3d,0x22,0x32,0x34,0x22,0xd,0xa,0x20,0x20,0x76,0x69,0x65,0x77,0x42,
  0x6f,0x78,0x3d,0x22,0x30,0x20,0x30,0x20,0x32,0x34,0x20,0x32,0x34,0x22,0xd,0xa,
  0x20,0x20,0x66,0x69,0x6c,0x6c,0x3d,0x22,0x6e,0x6f,0x6e,0x65,0x22,0xd,0xa,0x20,
  0x20,0x73,0x74,0x72,0x6f,0x6b,0x65,0x3d,0x22,0x77,0x68,0x69,0x74,0x65,0x22,0xd,
  0xa,0x20,0x20,0x73,0x74,0x72,0x6f,0x6b,0x65,0x2d,0x77,0x69,0x64,0x74,0x68,0x3d,
  0x22,0x32,0x22,0xd,0xa,0x20,0x20,0x73,0x74,0x72,0x6f,0x6b,0x65,0x2d,0x6c,0x69,
  0x6e,0x65,0x63,0x61,0x70,0x3d,0x22,0x72,0x6f,0x75,0x6e,0x64,0x22,0xd,0xa,0x20,
  0x20,0x73,0x74,0x72,0x6f,0x6b,0x65,0x2d,0x6c,0x69,0x6e,0x65,0x6a,0x6f,0x69,0x6e,
  0x3d,0x22,0x72,0x6f,0x75,0x6e,0x64,0x22,0xd,0xa,0x3e,0xd,0xa,0x20,0x20,0x3c,
  0x63,0x69,0x72,0x63,0x6c,0x65,0x20,0x63,0x78,0x3d,0x22,0x31,0x31,0x22,0x20,0x63,
  0x79,0x3d,0x22,0x31,0x31,0x22,0x20,0x72,0x3d,0x22,0x38,0x22,0x20,0x2f,0x3e,0xd,
  0xa,0x20,0x20,0x3c,0x6c,0x69,0x6e,0x65,0x20,0x78,0x31,0x3d,0x22,0x32,0x31,0x22,
  0x20,0x78,0x32,0x3d,0x22,0x31,0x36,0x2e,0x36,0x35,0x22,0x20,0x79,0x31,0x3d,0x22,
  0x32,0x31,0x22,0x20,0x79,0x32,0x3d,0x22,0x31,0x36,0x2e,0x36,0x35,0x22,0x20,0x2f,
  0x3e,0xd,0xa,0x20,0x20,0x3c,0x6c,0x69,0x6e,0x65,0x20,0x78,0x31,0x3d,0x22,0x38,
  0x22,0x20,0x78,0x32,0x3d,0x22,0x31,0x34,0x22,0x20,0x79,0x31,0x3d,0x22,0x31,0x31,
  0x22,0x20,0x79,0x32,0x3d,0x22,0x31,0x31,0x22,0x20,0x2f,0x3e,0xd,0xa,0x3c,0x2f,
  0x73,0x76,0x67,0x3e,0xd,0xa,
    // plus.svg
  0x0,0x0,0x1,0x54,
  0x3c,
  0x21,0x2d,0x2d,0x20,0x40,0x6c,0x69,0x63,0x65,0x6e,0x73,0x65,0x20,0x6c,0x75,0x63,
  0x69,0x64,0x65,0x2d,0x73,0x74,0x61,0x74,0x69,0x63,0x20,0x76,0x31,0x2e,0x33,0x31,
  0x2e,0x30,0x20,0x2d,0x20,0x49,0x53,0x43,0x20,0x2d,0x2d,0x3e,0xd,0xa,0x3c,0x73,
  0x76,0x67,0xd,0xa,0x20,0x20,0x63,0x6c,0x61,0x73,0x73,0x3d,0x22,0x6c,0x75,0x63,
  0x69,0x64,0x65,0x20,0x6c,0x75,0x63,0x69,0x64,0x65,0x2d,0x70,0x6c,0x75,0x73,0x22,
  0xd,0xa,0x20,0x20,0x78,0x6d,0x6c,0x6e,0x73,0x3d,0x22,0x68,0x74,0x74,0x70,0x3a,
  0x2f,0x2f,0x77,0x77,0x77,0x2e,0x77,0x33,0x2e,0x6f,0x72,0x67,0x2f,0x32,0x30,0x30,
  0x30,0x2f,0x73,0x76,0x67,0x22,0xd,0xa,0x20,0x20,0x77,0x69,0x64,0x74,0x68,0x3d,
  0x22,0x32,0x34,0x22,0xd,0xa,0x20,0x20,0x68,0x65,0x69,0x67,0x68,0x74,0x3d,0x22,
  0x32,0x34,0x22,0xd,0xa,0x20,0x20,0x76,0x69,0x65,0x77,0x42,0x6f,0x78,0x3d,0x22,
  0x30,0x20,0x30,0x20,0x32,0x34,0x20,0x32,0x34,0x22,0xd,0xa,0x20,0x20,0x66,0x69,
  0x6c,0x6c,0x3d,0x22,0x6e,0x6f,0x6e,0x65,0x22,0xd,0xa,0x20,0x20,0x73,0x74,0x72,
  0x6f,0x6b,0x65,0x3d,0x22,0x77,0x68,0x69,0x74,0x65,0x22,0xd,0xa,0x20,0x20,0x73,
  0x74,0x72,0x6f,0x6b,0x65,0x2d,0x77,0x69,0x64,0x74,0x68,0x3d,0x22,0x32,0x22,0xd,
  0xa,0x20,0x20,0x73,0x74,0x72,0x6f,0x6b,0x65,0x2d,0x6c,0x69,0x6e,0x65,0x63,0x61,
  0x70,0x3d,0x22,0x72,0x6f,0x75,0x6e,0x64,0x22,0xd,0xa,0x20,0x20,0x73,0x74,0x72,
  0x6f,0x6b,0x65,0x2d,0x6c,0x69,0x6e,0x65,0x6a,0x6f,0x69,0x6e,0x3d,0x22,0x72,0x6f,
  0x75,0x6e,0x64,0x22,0xd,0xa,0x3e,0xd,0xa,0x20,0x20,0x3c,0x70,0x61,0x74,0x68,
  0x20,0x64,0x3d,0x22,0x4d,0x35,0x20,0x31,0x32,0x68,0x31,0x34,0x22,0x20,0x2f,0x3e,
  0xd,0xa,0x20,0x20,0x3c,0x70,0x61,0x74,0x68,0x20,0x64,0x3d,0x22,0x4d,0x31,0x32,
  0x20,0x35,0x76,0x31,0x34,0x22,0x20,0x2f,0x3e,0xd,0xa,0x3c,0x2f,0x73,0x76,0x67,
  0x3e,0xd,0xa,
  
};

static const unsigned char qt_resource_name[] = {
  // qml
  0x0,0x3,
  0x0,0x0,0x78,0x3c,
  0x0,0x71,
  0x0,0x6d,0x0,0x6c,
    // assets
  0x0,0x6,
  0x6,0x8a,0x9c,0xb3,
  0x0,0x61,
  0x0,0x73,0x0,0x73,0x0,0x65,0x0,0x74,0x0,0x73,
    // icons
  0x0,0x5,
  0x0,0x6f,0xa6,0x53,
  0x0,0x69,
  0x0,0x63,0x0,0x6f,0x0,0x6e,0x0,0x73,
    // moon.svg
  0x0,0x8,
  0x6,0x61,0x54,0x47,
  0x0,0x6d,
  0x0,0x6f,0x0,0x6f,0x0,0x6e,0x0,0x2e,0x0,0x73,0x0,0x76,0x0,0x67,
    // filter.svg
  0x0,0xa,
  0xa,0xc8,0xfa,0xa7,
  0x0,0x66,
  0x0,0x69,0x0,0x6c,0x0,0x74,0x0,0x65,0x0,0x72,0x0,0x2e,0x0,0x73,0x0,0x76,0x0,0x67,
    // skip-forward.svg
  0x0,0x10,
  0xe,0xe3,0x1,0x67,
  0x0,0x73,
  0x0,0x6b,0x0,0x69,0x0,0x70,0x0,0x2d,0x0,0x66,0x0,0x6f,0x0,0x72,0x0,0x77,0x0,0x61,0x0,0x72,0x0,0x64,0x0,0x2e,0x0,0x73,0x0,0x76,0x0,0x67,
    // skip-back.svg
  0x0,0xd,
  0x3,0xde,0x3c,0x27,
  0x0,0x73,
  0x0,0x6b,0x0,0x69,0x0,0x70,0x0,0x2d,0x0,0x62,0x0,0x61,0x0,0x63,0x0,0x6b,0x0,0x2e,0x0,0x73,0x0,0x76,0x0,0x67,
    // chevron-left.svg
  0x0,0x10,
  0x0,0xe1,0x39,0xa7,
  0x0,0x63,
  0x0,0x68,0x0,0x65,0x0,0x76,0x0,0x72,0x0,0x6f,0x0,0x6e,0x0,0x2d,0x0,0x6c,0x0,0x65,0x0,0x66,0x0,0x74,0x0,0x2e,0x0,0x73,0x0,0x76,0x0,0x67,
    // play.svg
  0x0,0x8,
  0x2,0x8c,0x54,0x27,
  0x0,0x70,
  0x0,0x6c,0x0,0x61,0x0,0x79,0x0,0x2e,0x0,0x73,0x0,0x76,0x0,0x67,
    // lock.svg
  0x0,0x8,
  0x5,0x9e,0x54,0xa7,
  0x0,0x6c,
  0x0,0x6f,0x0,0x63,0x0,0x6b,0x0,0x2e,0x0,0x73,0x0,0x76,0x0,0x67,
    // subtitles.svg
  0x0,0xd,
  0x7,0xb9,0x3a,0x47,
  0x0,0x73,
  0x0,0x75,0x0,0x62,0x0,0x74,0x0,0x69,0x0,0x74,0x0,0x6c,0x0,0x65,0x0,0x73,0x0,0x2e,0x0,0x73,0x0,0x76,0x0,0x67,
    // arrow-right-left.svg
  0x0,0x14,
  0x2,0x33,0x1c,0xe7,
  0x0,0x61,
  0x0,0x72,0x0,0x72,0x0,0x6f,0x0,0x77,0x0,0x2d,0x0,0x72,0x0,0x69,0x0,0x67,0x0,0x68,0x0,0x74,0x0,0x2d,0x0,0x6c,0x0,0x65,0x0,0x66,0x0,0x74,0x0,0x2e,
  0x0,0x73,0x0,0x76,0x0,0x67,
    // chevron-down.svg
  0x0,0x10,
  0xe,0x17,0x6,0x87,
  0x0,0x63,
  0x0,0x68,0x0,0x65,0x0,0x76,0x0,0x72,0x0,0x6f,0x0,0x6e,0x0,0x2d,0x0,0x64,0x0,0x6f,0x0,0x77,0x0,0x6e,0x0,0x2e,0x0,0x73,0x0,0x76,0x0,0x67,
    // pause.svg
  0x0,0x9,
  0xc,0x98,0xb7,0xc7,
  0x0,0x70,
  0x0,0x61,0x0,0x75,0x0,0x73,0x0,0x65,0x0,0x2e,0x0,0x73,0x0,0x76,0x0,0x67,
    // ripple-edit-tool.svg
  0x0,0x14,
  0x4,0xe3,0x1f,0xc7,
  0x0,0x72,
  0x0,0x69,0x0,0x70,0x0,0x70,0x0,0x6c,0x0,0x65,0x0,0x2d,0x0,0x65,0x0,0x64,0x0,0x69,0x0,0x74,0x0,0x2d,0x0,0x74,0x0,0x6f,0x0,0x6f,0x0,0x6c,0x0,0x2e,
  0x0,0x73,0x0,0x76,0x0,0x67,
    // alert-circle.svg
  0x0,0x10,
  0xc,0xdd,0x10,0xe7,
  0x0,0x61,
  0x0,0x6c,0x0,0x65,0x0,0x72,0x0,0x74,0x0,0x2d,0x0,0x63,0x0,0x69,0x0,0x72,0x0,0x63,0x0,0x6c,0x0,0x65,0x0,0x2e,0x0,0x73,0x0,0x76,0x0,0x67,
    // share-2.svg
  0x0,0xb,
  0x8,0xf6,0x8b,0xc7,
  0x0,0x73,
  0x0,0x68,0x0,0x61,0x0,0x72,0x0,0x65,0x0,0x2d,0x0,0x32,0x0,0x2e,0x0,0x73,0x0,0x76,0x0,0x67,
    // sun.svg
  0x0,0x7,
  0xa,0xc1,0x5a,0x27,
  0x0,0x73,
  0x0,0x75,0x0,0x6e,0x0,0x2e,0x0,0x73,0x0,0x76,0x0,0x67,
    // square.svg
  0x0,0xa,
  0x8,0x8b,0xb,0xa7,
  0x0,0x73,
  0x0,0x71,0x0,0x75,0x0,0x61,0x0,0x72,0x0,0x65,0x0,0x2e,0x0,0x73,0x0,0x76,0x0,0x67,
    // chevron-up.svg
  0x0,0xe,
  0x9,0x58,0x6c,0x87,
  0x0,0x63,
  0x0,0x68,0x0,0x65,0x0,0x76,0x0,0x72,0x0,0x6f,0x0,0x6e,0x0,0x2d,0x0,0x75,0x0,0x70,0x0,0x2e,0x0,0x73,0x0,0x76,0x0,0x67,
    // volume-x.svg
  0x0,0xc,
  0xb,0xe7,0x22,0xa7,
  0x0,0x76,
  0x0,0x6f,0x0,0x6c,0x0,0x75,0x0,0x6d,0x0,0x65,0x0,0x2d,0x0,0x78,0x0,0x2e,0x0,0x73,0x0,0x76,0x0,0x67,
    // clock.svg
  0x0,0x9,
  0x5,0x9e,0x8e,0xa7,
  0x0,0x63,
  0x0,0x6c,0x0,0x6f,0x0,0x63,0x0,0x6b,0x0,0x2e,0x0,0x73,0x0,0x76,0x0,0x67,
    // eye-off.svg
  0x0,0xb,
  0x5,0x10,0xaa,0x47,
  0x0,0x65,
  0x0,0x79,0x0,0x65,0x0,0x2d,0x0,0x6f,0x0,0x66,0x0,0x66,0x0,0x2e,0x0,0x73,0x0,0x76,0x0,0x67,
    // chevrons-right.svg
  0x0,0x12,
  0xb,0x20,0xfd,0x47,
  0x0,0x63,
  0x0,0x68,0x0,0x65,0x0,0x76,0x0,0x72,0x0,0x6f,0x0,0x6e,0x0,0x73,0x0,0x2d,0x0,0x72,0x0,0x69,0x0,0x67,0x0,0x68,0x0,0x74,0x0,0x2e,0x0,0x73,0x0,0x76,
  0x0,0x67,
    // rewind.svg
  0x0,0xa,
  0x0,0x48,0x43,0x7,
  0x0,0x72,
  0x0,0x65,0x0,0x77,0x0,0x69,0x0,0x6e,0x0,0x64,0x0,0x2e,0x0,0x73,0x0,0x76,0x0,0x67,
    // mouse-pointer-2.svg
  0x0,0x13,
  0xa,0x17,0x8d,0xe7,
  0x0,0x6d,
  0x0,0x6f,0x0,0x75,0x0,0x73,0x0,0x65,0x0,0x2d,0x0,0x70,0x0,0x6f,0x0,0x69,0x0,0x6e,0x0,0x74,0x0,0x65,0x0,0x72,0x0,0x2d,0x0,0x32,0x0,0x2e,0x0,0x73,
  0x0,0x76,0x0,0x67,
    // trim-start.svg
  0x0,0xe,
  0xa,0x97,0xd1,0x67,
  0x0,0x74,
  0x0,0x72,0x0,0x69,0x0,0x6d,0x0,0x2d,0x0,0x73,0x0,0x74,0x0,0x61,0x0,0x72,0x0,0x74,0x0,0x2e,0x0,0x73,0x0,0x76,0x0,0x67,
    // x.svg
  0x0,0x5,
  0x0,0x7b,0x5a,0xc7,
  0x0,0x78,
  0x0,0x2e,0x0,0x73,0x0,0x76,0x0,0x67,
    // trim-end.svg
  0x0,0xc,
  0x7,0x35,0x5a,0xa7,
  0x0,0x74,
  0x0,0x72,0x0,0x69,0x0,0x6d,0x0,0x2d,0x0,0x65,0x0,0x6e,0x0,0x64,0x0,0x2e,0x0,0x73,0x0,0x76,0x0,0x67,
    // menu.svg
  0x0,0x8,
  0xc,0x58,0x54,0xa7,
  0x0,0x6d,
  0x0,0x65,0x0,0x6e,0x0,0x75,0x0,0x2e,0x0,0x73,0x0,0x76,0x0,0x67,
    // chevrons-left-right.svg
  0x0,0x17,
  0xc,0x83,0x3d,0x47,
  0x0,0x63,
  0x0,0x68,0x0,0x65,0x0,0x76,0x0,0x72,0x0,0x6f,0x0,0x6e,0x0,0x73,0x0,0x2d,0x0,0x6c,0x0,0x65,0x0,0x66,0x0,0x74,0x0,0x2d,0x0,0x72,0x0,0x69,0x0,0x67,
  0x0,0x68,0x0,0x74,0x0,0x2e,0x0,0x73,0x0,0x76,0x0,0x67,
    // redo-2.svg
  0x0,0xa,
  0x2,0xa,0x4d,0xa7,
  0x0,0x72,
  0x0,0x65,0x0,0x64,0x0,0x6f,0x0,0x2d,0x0,0x32,0x0,0x2e,0x0,0x73,0x0,0x76,0x0,0x67,
    // chevron-right.svg
  0x0,0x11,
  0xe,0x92,0x78,0x47,
  0x0,0x63,
  0x0,0x68,0x0,0x65,0x0,0x76,0x0,0x72,0x0,0x6f,0x0,0x6e,0x0,0x2d,0x0,0x72,0x0,0x69,0x0,0x67,0x0,0x68,0x0,0x74,0x0,0x2e,0x0,0x73,0x0,0x76,0x0,0x67,
  
    // home.svg
  0x0,0x8,
  0x6,0x38,0x57,0x27,
  0x0,0x68,
  0x0,0x6f,0x0,0x6d,0x0,0x65,0x0,0x2e,0x0,0x73,0x0,0x76,0x0,0x67,
    // list-video.svg
  0x0,0xe,
  0xc,0x10,0xdf,0xe7,
  0x0,0x6c,
  0x0,0x69,0x0,0x73,0x0,0x74,0x0,0x2d,0x0,0x76,0x0,0x69,0x0,0x64,0x0,0x65,0x0,0x6f,0x0,0x2e,0x0,0x73,0x0,0x76,0x0,0x67,
    // razor-tool.svg
  0x0,0xe,
  0x8,0x73,0xed,0x87,
  0x0,0x72,
  0x0,0x61,0x0,0x7a,0x0,0x6f,0x0,0x72,0x0,0x2d,0x0,0x74,0x0,0x6f,0x0,0x6f,0x0,0x6c,0x0,0x2e,0x0,0x73,0x0,0x76,0x0,0x67,
    // type.svg
  0x0,0x8,
  0x0,0x68,0x55,0x47,
  0x0,0x74,
  0x0,0x79,0x0,0x70,0x0,0x65,0x0,0x2e,0x0,0x73,0x0,0x76,0x0,0x67,
    // file-up.svg
  0x0,0xb,
  0x4,0x19,0x5f,0xc7,
  0x0,0x66,
  0x0,0x69,0x0,0x6c,0x0,0x65,0x0,0x2d,0x0,0x75,0x0,0x70,0x0,0x2e,0x0,0x73,0x0,0x76,0x0,0x67,
    // film.svg
  0x0,0x8,
  0x0,0x30,0x57,0x67,
  0x0,0x66,
  0x0,0x69,0x0,0x6c,0x0,0x6d,0x0,0x2e,0x0,0x73,0x0,0x76,0x0,0x67,
    // volume-2.svg
  0x0,0xc,
  0xb,0xa9,0x22,0xa7,
  0x0,0x76,
  0x0,0x6f,0x0,0x6c,0x0,0x75,0x0,0x6d,0x0,0x65,0x0,0x2d,0x0,0x32,0x0,0x2e,0x0,0x73,0x0,0x76,0x0,0x67,
    // more-horizontal.svg
  0x0,0x13,
  0x6,0xff,0x72,0x7,
  0x0,0x6d,
  0x0,0x6f,0x0,0x72,0x0,0x65,0x0,0x2d,0x0,0x68,0x0,0x6f,0x0,0x72,0x0,0x69,0x0,0x7a,0x0,0x6f,0x0,0x6e,0x0,0x74,0x0,0x61,0x0,0x6c,0x0,0x2e,0x0,0x73,
  0x0,0x76,0x0,0x67,
    // unlock.svg
  0x0,0xa,
  0x5,0x95,0xd0,0xa7,
  0x0,0x75,
  0x0,0x6e,0x0,0x6c,0x0,0x6f,0x0,0x63,0x0,0x6b,0x0,0x2e,0x0,0x73,0x0,0x76,0x0,0x67,
    // arrow-up-down.svg
  0x0,0x11,
  0x4,0x1b,0x58,0x7,
  0x0,0x61,
  0x0,0x72,0x0,0x72,0x0,0x6f,0x0,0x77,0x0,0x2d,0x0,0x75,0x0,0x70,0x0,0x2d,0x0,0x64,0x0,0x6f,0x0,0x77,0x0,0x6e,0x0,0x2e,0x0,0x73,0x0,0x76,0x0,0x67,
  
    // fast-forward.svg
  0x0,0x10,
  0x6,0xe6,0xab,0xe7,
  0x0,0x66,
  0x0,0x61,0x0,0x73,0x0,0x74,0x0,0x2d,0x0,0x66,0x0,0x6f,0x0,0x72,0x0,0x77,0x0,0x61,0x0,0x72,0x0,0x64,0x0,0x2e,0x0,0x73,0x0,0x76,0x0,0x67,
    // track-select-tool.svg
  0x0,0x15,
  0x1,0x51,0x48,0xa7,
  0x0,0x74,
  0x0,0x72,0x0,0x61,0x0,0x63,0x0,0x6b,0x0,0x2d,0x0,0x73,0x0,0x65,0x0,0x6c,0x0,0x65,0x0,0x63,0x0,0x74,0x0,0x2d,0x0,0x74,0x0,0x6f,0x0,0x6f,0x0,0x6c,
  0x0,0x2e,0x0,0x73,0x0,0x76,0x0,0x67,
    // music.svg
  0x0,0x9,
  0x9,0xf6,0xb3,0x47,
  0x0,0x6d,
  0x0,0x75,0x0,0x73,0x0,0x69,0x0,0x63,0x0,0x2e,0x0,0x73,0x0,0x76,0x0,0x67,
    // folder.svg
  0x0,0xa,
  0xa,0xc8,0xf6,0x87,
  0x0,0x66,
  0x0,0x6f,0x0,0x6c,0x0,0x64,0x0,0x65,0x0,0x72,0x0,0x2e,0x0,0x73,0x0,0x76,0x0,0x67,
    // settings.svg
  0x0,0xc,
  0xb,0xdf,0x2c,0xc7,
  0x0,0x73,
  0x0,0x65,0x0,0x74,0x0,0x74,0x0,0x69,0x0,0x6e,0x0,0x67,0x0,0x73,0x0,0x2e,0x0,0x73,0x0,0x76,0x0,0x67,
    // selection-tool.svg
  0x0,0x12,
  0x1,0xa3,0xd2,0xc7,
  0x0,0x73,
  0x0,0x65,0x0,0x6c,0x0,0x65,0x0,0x63,0x0,0x74,0x0,0x69,0x0,0x6f,0x0,0x6e,0x0,0x2d,0x0,0x74,0x0,0x6f,0x0,0x6f,0x0,0x6c,0x0,0x2e,0x0,0x73,0x0,0x76,
  0x0,0x67,
    // zoom-in.svg
  0x0,0xb,
  0x3,0x3,0x96,0xc7,
  0x0,0x7a,
  0x0,0x6f,0x0,0x6f,0x0,0x6d,0x0,0x2d,0x0,0x69,0x0,0x6e,0x0,0x2e,0x0,0x73,0x0,0x76,0x0,0x67,
    // folder-open.svg
  0x0,0xf,
  0x4,0x18,0x4f,0x87,
  0x0,0x66,
  0x0,0x6f,0x0,0x6c,0x0,0x64,0x0,0x65,0x0,0x72,0x0,0x2d,0x0,0x6f,0x0,0x70,0x0,0x65,0x0,0x6e,0x0,0x2e,0x0,0x73,0x0,0x76,0x0,0x67,
    // scissors.svg
  0x0,0xc,
  0x9,0xa2,0x4f,0x87,
  0x0,0x73,
  0x0,0x63,0x0,0x69,0x0,0x73,0x0,0x73,0x0,0x6f,0x0,0x72,0x0,0x73,0x0,0x2e,0x0,0x73,0x0,0x76,0x0,0x67,
    // eye.svg
  0x0,0x7,
  0xc,0xf8,0x5a,0x7,
  0x0,0x65,
  0x0,0x79,0x0,0x65,0x0,0x2e,0x0,0x73,0x0,0x76,0x0,0x67,
    // edit-2.svg
  0x0,0xa,
  0x7,0x8,0x2c,0xc7,
  0x0,0x65,
  0x0,0x64,0x0,0x69,0x0,0x74,0x0,0x2d,0x0,0x32,0x0,0x2e,0x0,0x73,0x0,0x76,0x0,0x67,
    // pen-tool.svg
  0x0,0xc,
  0xc,0x87,0x73,0xa7,
  0x0,0x70,
  0x0,0x65,0x0,0x6e,0x0,0x2d,0x0,0x74,0x0,0x6f,0x0,0x6f,0x0,0x6c,0x0,0x2e,0x0,0x73,0x0,0x76,0x0,0x67,
    // image.svg
  0x0,0x9,
  0x7,0xd8,0xba,0xa7,
  0x0,0x69,
  0x0,0x6d,0x0,0x61,0x0,0x67,0x0,0x65,0x0,0x2e,0x0,0x73,0x0,0x76,0x0,0x67,
    // undo-2.svg
  0x0,0xa,
  0x2,0xa,0xd3,0xa7,
  0x0,0x75,
  0x0,0x6e,0x0,0x64,0x0,0x6f,0x0,0x2d,0x0,0x32,0x0,0x2e,0x0,0x73,0x0,0x76,0x0,0x67,
    // search.svg
  0x0,0xa,
  0x8,0x94,0x6d,0xc7,
  0x0,0x73,
  0x0,0x65,0x0,0x61,0x0,0x72,0x0,0x63,0x0,0x68,0x0,0x2e,0x0,0x73,0x0,0x76,0x0,0x67,
    // check.svg
  0x0,0x9,
  0xb,0x9e,0x89,0x7,
  0x0,0x63,
  0x0,0x68,0x0,0x65,0x0,0x63,0x0,0x6b,0x0,0x2e,0x0,0x73,0x0,0x76,0x0,0x67,
    // circle.svg
  0x0,0xa,
  0xa,0x2d,0x1b,0xc7,
  0x0,0x63,
  0x0,0x69,0x0,0x72,0x0,0x63,0x0,0x6c,0x0,0x65,0x0,0x2e,0x0,0x73,0x0,0x76,0x0,0x67,
    // cloud-download.svg
  0x0,0x12,
  0x8,0x97,0x3d,0x47,
  0x0,0x63,
  0x0,0x6c,0x0,0x6f,0x0,0x75,0x0,0x64,0x0,0x2d,0x0,0x64,0x0,0x6f,0x0,0x77,0x0,0x6e,0x0,0x6c,0x0,0x6f,0x0,0x61,0x0,0x64,0x0,0x2e,0x0,0x73,0x0,0x76,
  0x0,0x67,
    // trash-2.svg
  0x0,0xb,
  0xb,0xf2,0x4b,0xe7,
  0x0,0x74,
  0x0,0x72,0x0,0x61,0x0,0x73,0x0,0x68,0x0,0x2d,0x0,0x32,0x0,0x2e,0x0,0x73,0x0,0x76,0x0,0x67,
    // maximize-2.svg
  0x0,0xe,
  0x9,0xe5,0xc4,0x27,
  0x0,0x6d,
  0x0,0x61,0x0,0x78,0x0,0x69,0x0,0x6d,0x0,0x69,0x0,0x7a,0x0,0x65,0x0,0x2d,0x0,0x32,0x0,0x2e,0x0,0x73,0x0,0x76,0x0,0x67,
    // pen.svg
  0x0,0x7,
  0x6,0xc1,0x5a,0x27,
  0x0,0x70,
  0x0,0x65,0x0,0x6e,0x0,0x2e,0x0,0x73,0x0,0x76,0x0,0x67,
    // import.svg
  0x0,0xa,
  0x6,0x99,0x52,0x27,
  0x0,0x69,
  0x0,0x6d,0x0,0x70,0x0,0x6f,0x0,0x72,0x0,0x74,0x0,0x2e,0x0,0x73,0x0,0x76,0x0,0x67,
    // chevrons-left.svg
  0x0,0x11,
  0x8,0xba,0x21,0xe7,
  0x0,0x63,
  0x0,0x68,0x0,0x65,0x0,0x76,0x0,0x72,0x0,0x6f,0x0,0x6e,0x0,0x73,0x0,0x2d,0x0,0x6c,0x0,0x65,0x0,0x66,0x0,0x74,0x0,0x2e,0x0,0x73,0x0,0x76,0x0,0x67,
  
    // sliders-horizontal.svg
  0x0,0x16,
  0xc,0x45,0xee,0x67,
  0x0,0x73,
  0x0,0x6c,0x0,0x69,0x0,0x64,0x0,0x65,0x0,0x72,0x0,0x73,0x0,0x2d,0x0,0x68,0x0,0x6f,0x0,0x72,0x0,0x69,0x0,0x7a,0x0,0x6f,0x0,0x6e,0x0,0x74,0x0,0x61,
  0x0,0x6c,0x0,0x2e,0x0,0x73,0x0,0x76,0x0,0x67,
    // hand.svg
  0x0,0x8,
  0x8,0x47,0x57,0x7,
  0x0,0x68,
  0x0,0x61,0x0,0x6e,0x0,0x64,0x0,0x2e,0x0,0x73,0x0,0x76,0x0,0x67,
    // zoom-out.svg
  0x0,0xc,
  0x6,0xeb,0x9a,0x67,
  0x0,0x7a,
  0x0,0x6f,0x0,0x6f,0x0,0x6d,0x0,0x2d,0x0,0x6f,0x0,0x75,0x0,0x74,0x0,0x2e,0x0,0x73,0x0,0x76,0x0,0x67,
    // plus.svg
  0x0,0x8,
  0x3,0xc6,0x54,0x27,
  0x0,0x70,
  0x0,0x6c,0x0,0x75,0x0,0x73,0x0,0x2e,0x0,0x73,0x0,0x76,0x0,0x67,
  
};

static const unsigned char qt_resource_struct[] = {
  // :
  0x0,0x0,0x0,0x0,0x0,0x2,0x0,0x0,0x0,0x1,0x0,0x0,0x0,0x1,
0x0,0x0,0x0,0x0,0x0,0x0,0x0,0x0,
  // :/qml
  0x0,0x0,0x0,0x0,0x0,0x2,0x0,0x0,0x0,0x1,0x0,0x0,0x0,0x2,
0x0,0x0,0x0,0x0,0x0,0x0,0x0,0x0,
  // :/qml/assets
  0x0,0x0,0x0,0xc,0x0,0x2,0x0,0x0,0x0,0x1,0x0,0x0,0x0,0x3,
0x0,0x0,0x0,0x0,0x0,0x0,0x0,0x0,
  // :/qml/assets/icons
  0x0,0x0,0x0,0x1e,0x0,0x2,0x0,0x0,0x0,0x43,0x0,0x0,0x0,0x4,
0x0,0x0,0x0,0x0,0x0,0x0,0x0,0x0,
  // :/qml/assets/icons/film.svg
  0x0,0x0,0x4,0x6c,0x0,0x0,0x0,0x0,0x0,0x1,0x0,0x0,0x37,0xa6,
0x0,0x0,0x1,0xa0,0x6,0x1d,0x19,0xe7,
  // :/qml/assets/icons/rewind.svg
  0x0,0x0,0x2,0xbe,0x0,0x0,0x0,0x0,0x0,0x1,0x0,0x0,0x20,0x48,
0x0,0x0,0x1,0xa0,0x6,0x1d,0x1c,0x4d,
  // :/qml/assets/icons/type.svg
  0x0,0x0,0x4,0x3a,0x0,0x0,0x0,0x0,0x0,0x1,0x0,0x0,0x34,0xf,
0x0,0x0,0x1,0xa0,0x6,0x1d,0x1d,0xdf,
  // :/qml/assets/icons/x.svg
  0x0,0x0,0x3,0x26,0x0,0x0,0x0,0x0,0x0,0x1,0x0,0x0,0x25,0xe3,
0x0,0x0,0x1,0xa0,0x6,0x1d,0x1e,0xe0,
  // :/qml/assets/icons/chevron-left.svg
  0x0,0x0,0x0,0xa4,0x0,0x0,0x0,0x0,0x0,0x1,0x0,0x0,0x6,0xc9,
0x0,0x0,0x1,0xa0,0x6,0x1d,0x18,0x40,
  // :/qml/assets/icons/track-select-tool.svg
  0x0,0x0,0x5,0x34,0x0,0x0,0x0,0x0,0x0,0x1,0x0,0x0,0x42,0x8f,
0x0,0x0,0x1,0xa0,0xa,0x27,0x62,0x44,
  // :/qml/assets/icons/selection-tool.svg
  0x0,0x0,0x5,0xb4,0x0,0x0,0x0,0x0,0x0,0x1,0x0,0x0,0x49,0x30,
0x0,0x0,0x1,0xa0,0xa,0x27,0xd2,0xaa,
  // :/qml/assets/icons/redo-2.svg
  0x0,0x0,0x3,0x9e,0x0,0x0,0x0,0x0,0x0,0x1,0x0,0x0,0x2c,0x1c,
0x0,0x0,0x1,0xa0,0x6,0x1d,0x1c,0x2e,
  // :/qml/assets/icons/undo-2.svg
  0x0,0x0,0x6,0xa0,0x0,0x0,0x0,0x0,0x0,0x1,0x0,0x0,0x56,0x99,
0x0,0x0,0x1,0xa0,0x6,0x1d,0x1e,0x1a,
  // :/qml/assets/icons/arrow-right-left.svg
  0x0,0x0,0x1,0x16,0x0,0x0,0x0,0x0,0x0,0x1,0x0,0x0,0xc,0xc3,
0x0,0x0,0x1,0xa0,0x6,0x1d,0x17,0xd4,
  // :/qml/assets/icons/play.svg
  0x0,0x0,0x0,0xca,0x0,0x0,0x0,0x0,0x0,0x1,0x0,0x0,0x8,0x16,
0x0,0x0,0x1,0xa0,0x6,0x1d,0x1b,0xce,
  // :/qml/assets/icons/zoom-in.svg
  0x0,0x0,0x5,0xde,0x0,0x0,0x0,0x0,0x0,0x1,0x0,0x0,0x49,0xdd,
0x0,0x0,0x1,0xa0,0x6,0x1d,0x1f,0x6,
  // :/qml/assets/icons/plus.svg
  0x0,0x0,0x8,0x2a,0x0,0x0,0x0,0x0,0x0,0x1,0x0,0x0,0x6b,0x88,
0x0,0x0,0x1,0xa0,0x6,0x1d,0x1c,0x0,
  // :/qml/assets/icons/skip-back.svg
  0x0,0x0,0x0,0x84,0x0,0x0,0x0,0x0,0x0,0x1,0x0,0x0,0x5,0x1d,
0x0,0x0,0x1,0xa0,0x6,0x1d,0x1c,0xe0,
  // :/qml/assets/icons/folder-open.svg
  0x0,0x0,0x5,0xfa,0x0,0x0,0x0,0x0,0x0,0x1,0x0,0x0,0x4b,0xb2,
0x0,0x0,0x1,0xa0,0xc,0x23,0xde,0x4d,
  // :/qml/assets/icons/file-up.svg
  0x0,0x0,0x4,0x50,0x0,0x0,0x0,0x0,0x0,0x1,0x0,0x0,0x35,0x9e,
0x0,0x0,0x1,0xa0,0x6,0x1d,0x19,0xc6,
  // :/qml/assets/icons/arrow-up-down.svg
  0x0,0x0,0x4,0xe6,0x0,0x0,0x0,0x0,0x0,0x1,0x0,0x0,0x3f,0x17,
0x0,0x0,0x1,0xa0,0x6,0x1d,0x17,0xf2,
  // :/qml/assets/icons/ripple-edit-tool.svg
  0x0,0x0,0x1,0x82,0x0,0x0,0x0,0x0,0x0,0x1,0x0,0x0,0x10,0xc7,
0x0,0x0,0x1,0xa0,0xa,0x27,0x62,0x4c,
  // :/qml/assets/icons/eye-off.svg
  0x0,0x0,0x2,0x78,0x0,0x0,0x0,0x0,0x0,0x1,0x0,0x0,0x1c,0x86,
0x0,0x0,0x1,0xa0,0x6,0x1d,0x19,0x9c,
  // :/qml/assets/icons/unlock.svg
  0x0,0x0,0x4,0xcc,0x0,0x0,0x0,0x0,0x0,0x1,0x0,0x0,0x3d,0x89,
0x0,0x0,0x1,0xa0,0x6,0x1d,0x1e,0x51,
  // :/qml/assets/icons/lock.svg
  0x0,0x0,0x0,0xe0,0x0,0x0,0x0,0x0,0x0,0x1,0x0,0x0,0x9,0x9f,
0x0,0x0,0x1,0xa0,0x6,0x1d,0x1a,0x30,
  // :/qml/assets/icons/clock.svg
  0x0,0x0,0x2,0x60,0x0,0x0,0x0,0x0,0x0,0x1,0x0,0x0,0x1b,0xa7,
0x0,0x0,0x1,0xa0,0x27,0xfb,0x93,0x73,
  // :/qml/assets/icons/home.svg
  0x0,0x0,0x3,0xe0,0x0,0x0,0x0,0x0,0x0,0x1,0x0,0x0,0x2e,0xf7,
0x0,0x0,0x1,0xa0,0x6,0x1d,0x1a,0xe,
  // :/qml/assets/icons/moon.svg
  0x0,0x0,0x0,0x2e,0x0,0x0,0x0,0x0,0x0,0x1,0x0,0x0,0x0,0x0,
0x0,0x0,0x1,0xa0,0x6,0x1d,0x1a,0x8c,
  // :/qml/assets/icons/import.svg
  0x0,0x0,0x7,0x82,0x0,0x0,0x0,0x0,0x0,0x1,0x0,0x0,0x62,0x67,
0x0,0x0,0x1,0xa0,0x6,0x1d,0x1a,0x1b,
  // :/qml/assets/icons/pen.svg
  0x0,0x0,0x7,0x6e,0x0,0x0,0x0,0x0,0x0,0x1,0x0,0x0,0x60,0xb1,
0x0,0x0,0x1,0xa0,0x6,0x1d,0x1b,0x64,
  // :/qml/assets/icons/fast-forward.svg
  0x0,0x0,0x5,0xe,0x0,0x0,0x0,0x0,0x0,0x1,0x0,0x0,0x40,0xb3,
0x0,0x0,0x1,0xa0,0x6,0x1d,0x19,0xb4,
  // :/qml/assets/icons/zoom-out.svg
  0x0,0x0,0x8,0xc,0x0,0x0,0x0,0x0,0x0,0x1,0x0,0x0,0x69,0xdd,
0x0,0x0,0x1,0xa0,0x6,0x1d,0x1f,0x2e,
  // :/qml/assets/icons/more-horizontal.svg
  0x0,0x0,0x4,0xa0,0x0,0x0,0x0,0x0,0x0,0x1,0x0,0x0,0x3b,0xed,
0x0,0x0,0x1,0xa0,0x6,0x1d,0x1a,0xbd,
  // :/qml/assets/icons/edit-2.svg
  0x0,0x0,0x6,0x50,0x0,0x0,0x0,0x0,0x0,0x1,0x0,0x0,0x50,0xa2,
0x0,0x0,0x1,0xa0,0x6,0x1d,0x19,0x22,
  // :/qml/assets/icons/trim-end.svg
  0x0,0x0,0x3,0x36,0x0,0x0,0x0,0x0,0x0,0x1,0x0,0x0,0x27,0x3c,
0x0,0x0,0x1,0xa0,0x8,0xb2,0x84,0x99,
  // :/qml/assets/icons/subtitles.svg
  0x0,0x0,0x0,0xf6,0x0,0x0,0x0,0x0,0x0,0x1,0x0,0x0,0xb,0x2c,
0x0,0x0,0x1,0xa0,0x6,0x1d,0x1d,0x4d,
  // :/qml/assets/icons/image.svg
  0x0,0x0,0x6,0x88,0x0,0x0,0x0,0x0,0x0,0x1,0x0,0x0,0x54,0xd9,
0x0,0x0,0x1,0xa0,0x6,0x1d,0x1a,0x15,
  // :/qml/assets/icons/hand.svg
  0x0,0x0,0x7,0xf6,0x0,0x0,0x0,0x0,0x0,0x1,0x0,0x0,0x67,0xa0,
0x0,0x0,0x1,0xa0,0x6,0x1d,0x1a,0x8,
  // :/qml/assets/icons/razor-tool.svg
  0x0,0x0,0x4,0x18,0x0,0x0,0x0,0x0,0x0,0x1,0x0,0x0,0x32,0xb4,
0x0,0x0,0x1,0xa0,0xa,0x27,0x62,0x50,
  // :/qml/assets/icons/square.svg
  0x0,0x0,0x2,0x6,0x0,0x0,0x0,0x0,0x0,0x1,0x0,0x0,0x17,0xee,
0x0,0x0,0x1,0xa0,0x27,0xfc,0x72,0xdd,
  // :/qml/assets/icons/search.svg
  0x0,0x0,0x6,0xba,0x0,0x0,0x0,0x0,0x0,0x1,0x0,0x0,0x58,0x28,
0x0,0x0,0x1,0xa0,0x6,0x1d,0x1c,0x90,
  // :/qml/assets/icons/cloud-download.svg
  0x0,0x0,0x7,0x6,0x0,0x0,0x0,0x0,0x0,0x1,0x0,0x0,0x5b,0x75,
0x0,0x0,0x1,0xa0,0x2d,0x16,0x7c,0x25,
  // :/qml/assets/icons/chevrons-left.svg
  0x0,0x0,0x7,0x9c,0x0,0x0,0x0,0x0,0x0,0x1,0x0,0x0,0x64,0x20,
0x0,0x0,0x1,0xa0,0x6,0x1d,0x18,0x9c,
  // :/qml/assets/icons/share-2.svg
  0x0,0x0,0x1,0xd6,0x0,0x0,0x0,0x0,0x0,0x1,0x0,0x0,0x13,0xab,
0x0,0x0,0x1,0xa0,0x6,0x1d,0x1c,0xca,
  // :/qml/assets/icons/chevron-up.svg
  0x0,0x0,0x2,0x20,0x0,0x0,0x0,0x0,0x0,0x1,0x0,0x0,0x18,0x99,
0x0,0x0,0x1,0xa0,0x8,0x76,0xbe,0x2d,
  // :/qml/assets/icons/scissors.svg
  0x0,0x0,0x6,0x1e,0x0,0x0,0x0,0x0,0x0,0x1,0x0,0x0,0x4d,0x11,
0x0,0x0,0x1,0xa0,0x6,0x1d,0x1c,0x72,
  // :/qml/assets/icons/maximize-2.svg
  0x0,0x0,0x7,0x4c,0x0,0x0,0x0,0x0,0x0,0x1,0x0,0x0,0x5f,0x1c,
0x0,0x0,0x1,0xa0,0x6,0x1d,0x1a,0x46,
  // :/qml/assets/icons/music.svg
  0x0,0x0,0x5,0x64,0x0,0x0,0x0,0x0,0x0,0x1,0x0,0x0,0x43,0xc6,
0x0,0x0,0x1,0xa0,0x6,0x1d,0x1b,0x3,
  // :/qml/assets/icons/mouse-pointer-2.svg
  0x0,0x0,0x2,0xd8,0x0,0x0,0x0,0x0,0x0,0x1,0x0,0x0,0x22,0x20,
0x0,0x0,0x1,0xa0,0x6,0x1d,0x1a,0xe0,
  // :/qml/assets/icons/circle.svg
  0x0,0x0,0x6,0xec,0x0,0x0,0x0,0x0,0x0,0x1,0x0,0x0,0x5a,0xdc,
0x0,0x0,0x1,0xa0,0x27,0xfc,0x72,0xd7,
  // :/qml/assets/icons/trim-start.svg
  0x0,0x0,0x3,0x4,0x0,0x0,0x0,0x0,0x0,0x1,0x0,0x0,0x23,0xe6,
0x0,0x0,0x1,0xa0,0x8,0xb2,0x84,0x99,
  // :/qml/assets/icons/sun.svg
  0x0,0x0,0x1,0xf2,0x0,0x0,0x0,0x0,0x0,0x1,0x0,0x0,0x15,0xab,
0x0,0x0,0x1,0xa0,0x6,0x1d,0x1d,0x7a,
  // :/qml/assets/icons/folder.svg
  0x0,0x0,0x5,0x7c,0x0,0x0,0x0,0x0,0x0,0x1,0x0,0x0,0x45,0x54,
0x0,0x0,0x1,0xa0,0xc,0x23,0xde,0x4b,
  // :/qml/assets/icons/filter.svg
  0x0,0x0,0x0,0x44,0x0,0x0,0x0,0x0,0x0,0x1,0x0,0x0,0x1,0xa5,
0x0,0x0,0x1,0xa0,0x6,0x1d,0x19,0xf6,
  // :/qml/assets/icons/chevrons-right.svg
  0x0,0x0,0x2,0x94,0x0,0x0,0x0,0x0,0x0,0x1,0x0,0x0,0x1e,0xdb,
0x0,0x0,0x1,0xa0,0x6,0x1d,0x18,0xf5,
  // :/qml/assets/icons/check.svg
  0x0,0x0,0x6,0xd4,0x0,0x0,0x0,0x0,0x0,0x1,0x0,0x0,0x59,0x95,
0x0,0x0,0x1,0xa0,0x6,0x1d,0x18,0x15,
  // :/qml/assets/icons/volume-2.svg
  0x0,0x0,0x4,0x82,0x0,0x0,0x0,0x0,0x0,0x1,0x0,0x0,0x39,0xb4,
0x0,0x0,0x1,0xa0,0x6,0x1d,0x1e,0x86,
  // :/qml/assets/icons/settings.svg
  0x0,0x0,0x5,0x96,0x0,0x0,0x0,0x0,0x0,0x1,0x0,0x0,0x46,0x8a,
0x0,0x0,0x1,0xa0,0x6,0x1d,0x1c,0xb0,
  // :/qml/assets/icons/volume-x.svg
  0x0,0x0,0x2,0x42,0x0,0x0,0x0,0x0,0x0,0x1,0x0,0x0,0x19,0x6e,
0x0,0x0,0x1,0xa0,0x6,0x1d,0x1e,0xb3,
  // :/qml/assets/icons/trash-2.svg
  0x0,0x0,0x7,0x30,0x0,0x0,0x0,0x0,0x0,0x1,0x0,0x0,0x5d,0x39,
0x0,0x0,0x1,0xa0,0x6,0x1d,0x1d,0xae,
  // :/qml/assets/icons/list-video.svg
  0x0,0x0,0x3,0xf6,0x0,0x0,0x0,0x0,0x0,0x1,0x0,0x0,0x30,0xce,
0x0,0x0,0x1,0xa0,0x6,0x1d,0x1a,0x2e,
  // :/qml/assets/icons/sliders-horizontal.svg
  0x0,0x0,0x7,0xc4,0x0,0x0,0x0,0x0,0x0,0x1,0x0,0x0,0x65,0x8d,
0x0,0x0,0x1,0xa0,0x6,0x1d,0x1d,0x23,
  // :/qml/assets/icons/menu.svg
  0x0,0x0,0x3,0x54,0x0,0x0,0x0,0x0,0x0,0x1,0x0,0x0,0x29,0x3c,
0x0,0x0,0x1,0xa0,0x6,0x1d,0x1a,0x65,
  // :/qml/assets/icons/chevrons-left-right.svg
  0x0,0x0,0x3,0x6a,0x0,0x0,0x0,0x0,0x0,0x1,0x0,0x0,0x2a,0xac,
0x0,0x0,0x1,0xa0,0x6,0x1d,0x18,0xc4,
  // :/qml/assets/icons/pen-tool.svg
  0x0,0x0,0x6,0x6a,0x0,0x0,0x0,0x0,0x0,0x1,0x0,0x0,0x52,0x5b,
0x0,0x0,0x1,0xa0,0x6,0x1d,0x1b,0x94,
  // :/qml/assets/icons/pause.svg
  0x0,0x0,0x1,0x6a,0x0,0x0,0x0,0x0,0x0,0x1,0x0,0x0,0xf,0x35,
0x0,0x0,0x1,0xa0,0x6,0x1d,0x1b,0x2f,
  // :/qml/assets/icons/alert-circle.svg
  0x0,0x0,0x1,0xb0,0x0,0x0,0x0,0x0,0x0,0x1,0x0,0x0,0x11,0xfe,
0x0,0x0,0x1,0xa0,0x6,0x1d,0x17,0xbb,
  // :/qml/assets/icons/eye.svg
  0x0,0x0,0x6,0x3c,0x0,0x0,0x0,0x0,0x0,0x1,0x0,0x0,0x4e,0xe3,
0x0,0x0,0x1,0xa0,0x6,0x1d,0x19,0x4d,
  // :/qml/assets/icons/chevron-down.svg
  0x0,0x0,0x1,0x44,0x0,0x0,0x0,0x0,0x0,0x1,0x0,0x0,0xe,0x62,
0x0,0x0,0x1,0xa0,0x8,0x76,0xbe,0x28,
  // :/qml/assets/icons/chevron-right.svg
  0x0,0x0,0x3,0xb8,0x0,0x0,0x0,0x0,0x0,0x1,0x0,0x0,0x2d,0xaa,
0x0,0x0,0x1,0xa0,0x6,0x1d,0x18,0x77,
  // :/qml/assets/icons/skip-forward.svg
  0x0,0x0,0x0,0x5e,0x0,0x0,0x0,0x0,0x0,0x1,0x0,0x0,0x3,0x70,
0x0,0x0,0x1,0xa0,0x6,0x1d,0x1d,0x6,

};

#ifdef QT_NAMESPACE
#  define QT_RCC_PREPEND_NAMESPACE(name) ::QT_NAMESPACE::name
#  define QT_RCC_MANGLE_NAMESPACE0(x) x
#  define QT_RCC_MANGLE_NAMESPACE1(a, b) a##_##b
#  define QT_RCC_MANGLE_NAMESPACE2(a, b) QT_RCC_MANGLE_NAMESPACE1(a,b)
#  define QT_RCC_MANGLE_NAMESPACE(name) QT_RCC_MANGLE_NAMESPACE2( \
        QT_RCC_MANGLE_NAMESPACE0(name), QT_RCC_MANGLE_NAMESPACE0(QT_NAMESPACE))
#else
#   define QT_RCC_PREPEND_NAMESPACE(name) name
#   define QT_RCC_MANGLE_NAMESPACE(name) name
#endif

#if defined(QT_INLINE_NAMESPACE)
inline namespace QT_NAMESPACE {
#elif defined(QT_NAMESPACE)
namespace QT_NAMESPACE {
#endif

bool qRegisterResourceData(int, const unsigned char *, const unsigned char *, const unsigned char *);
bool qUnregisterResourceData(int, const unsigned char *, const unsigned char *, const unsigned char *);

#ifdef QT_NAMESPACE
}
#endif

int QT_RCC_MANGLE_NAMESPACE(qInitResources_cutpro_frontend_component_assets)();
int QT_RCC_MANGLE_NAMESPACE(qInitResources_cutpro_frontend_component_assets)()
{
    int version = 3;
    QT_RCC_PREPEND_NAMESPACE(qRegisterResourceData)
        (version, qt_resource_struct, qt_resource_name, qt_resource_data);
    return 1;
}

int QT_RCC_MANGLE_NAMESPACE(qCleanupResources_cutpro_frontend_component_assets)();
int QT_RCC_MANGLE_NAMESPACE(qCleanupResources_cutpro_frontend_component_assets)()
{
    int version = 3;
    QT_RCC_PREPEND_NAMESPACE(qUnregisterResourceData)
       (version, qt_resource_struct, qt_resource_name, qt_resource_data);
    return 1;
}

#ifdef __clang__
#   pragma clang diagnostic push
#   pragma clang diagnostic ignored "-Wexit-time-destructors"
#endif

namespace {
   struct initializer {
       initializer() { QT_RCC_MANGLE_NAMESPACE(qInitResources_cutpro_frontend_component_assets)(); }
       ~initializer() { QT_RCC_MANGLE_NAMESPACE(qCleanupResources_cutpro_frontend_component_assets)(); }
   } dummy;
}

#ifdef __clang__
#   pragma clang diagnostic pop
#endif
