16:54:20.435 CrashReporterHost: watching pid 7420 from pid 29540 | reports -> C:/Users/USER/AppData/Local/Antigravity/Cut Pro/crash-reports
16:54:20.475 Cut Pro: native C++/Qt backend, coreVersion = 0.1.2 | built = Aug 30 2026 16:53:05 | executable = C:/premier-pro/python-app/dist/Cut Pro 2026/cutpro.exe
16:54:20.807 GUI thread unresponsive for 446 ms, "churning through": "QQmlApplicationEngine::load(qrc:/qml/main.qml)"
16:54:20.809   the innermost frame has only been open 318 ms of the 446 ms stall, so the thread is entering and leaving frames rather than stuck in one: the fix is to do it fewer times, not to move it off the thread.
16:54:20.876   GUI thread backtrace, innermost first (14 frames):
16:54:20.876     #0  "ntdll.dll!NtWaitForSingleObject+0x14"
16:54:20.876     #1  "KERNELBASE.dll!WaitForSingleObjectEx+0xaf"
16:54:20.876     #2  "Qt6Core.dll!QWaitCondition::wait(QMutex*, QDeadlineTimer)+0x9a"
16:54:20.876     #3  "Qt6Qml.dll+0x2afd89 (nearest export: QQmlJS::Parser::parse(int)+0x137a9)"
16:54:20.876     #4  "Qt6Qml.dll!QQmlTypeLoader::loadThread(QQmlRefPointer<QQmlDataBlob> const&)+0x6d6"
16:54:20.876     #5  "Qt6Qml.dll!QQmlTypeLoader::getType(QUrl const&, QQmlTypeLoader::Mode)+0x22b"
16:54:20.876     #6  "Qt6Qml.dll!QQmlComponentPrivate::loadUrl(QUrl const&, QQmlComponent::CompilationMode)+0x1a4"
16:54:20.876     #7  "Qt6Qml.dll!QQmlApplicationEnginePrivate::startLoad(QUrl const&, QByteArray const&, bool)+0x93"
16:54:20.876     #8  "Qt6Qml.dll!QQmlApplicationEngine::load(QUrl const&)+0x3d"
16:54:20.876     #9  "cutpro.exe+0x2d3d"
16:54:20.876     #10  "cutpro.exe+0x12ef"
16:54:20.876     #11  "cutpro.exe+0x1406"
16:54:20.878     #12  "KERNEL32.DLL!BaseThreadInitThunk+0x17"
16:54:20.878     #13  "ntdll.dll!RtlUserThreadStart+0x2c"
16:54:21.308 GUI thread unresponsive for 945 ms, "wedged in": "QQmlApplicationEngine::load(qrc:/qml/main.qml)"
16:54:21.309   GUI thread backtrace, innermost first (14 frames):
16:54:21.309     #0  "ntdll.dll!NtWaitForSingleObject+0x14"
16:54:21.309     #1  "KERNELBASE.dll!WaitForSingleObjectEx+0xaf"
16:54:21.309     #2  "Qt6Core.dll!QWaitCondition::wait(QMutex*, QDeadlineTimer)+0x9a"
16:54:21.309     #3  "Qt6Qml.dll+0x2afd89 (nearest export: QQmlJS::Parser::parse(int)+0x137a9)"
16:54:21.310     #4  "Qt6Qml.dll!QQmlTypeLoader::loadThread(QQmlRefPointer<QQmlDataBlob> const&)+0x6d6"
16:54:21.310     #5  "Qt6Qml.dll!QQmlTypeLoader::getType(QUrl const&, QQmlTypeLoader::Mode)+0x22b"
16:54:21.310     #6  "Qt6Qml.dll!QQmlComponentPrivate::loadUrl(QUrl const&, QQmlComponent::CompilationMode)+0x1a4"
16:54:21.310     #7  "Qt6Qml.dll!QQmlApplicationEnginePrivate::startLoad(QUrl const&, QByteArray const&, bool)+0x93"
16:54:21.310     #8  "Qt6Qml.dll!QQmlApplicationEngine::load(QUrl const&)+0x3d"
16:54:21.310     #9  "cutpro.exe+0x2d3d"
16:54:21.310     #10  "cutpro.exe+0x12ef"
16:54:21.310     #11  "cutpro.exe+0x1406"
16:54:21.310     #12  "KERNEL32.DLL!BaseThreadInitThunk+0x17"
16:54:21.310     #13  "ntdll.dll!RtlUserThreadStart+0x2c"
16:54:22.257 GUI thread unresponsive for 1894 ms, "wedged in": "QQmlApplicationEngine::load(qrc:/qml/main.qml)"
16:54:22.259   GUI thread backtrace, innermost first (14 frames):
16:54:22.260     #0  "ntdll.dll!NtWaitForSingleObject+0x14"
16:54:22.260     #1  "KERNELBASE.dll!WaitForSingleObjectEx+0xaf"
16:54:22.260     #2  "Qt6Core.dll!QWaitCondition::wait(QMutex*, QDeadlineTimer)+0x9a"
16:54:22.260     #3  "Qt6Qml.dll+0x2afd89 (nearest export: QQmlJS::Parser::parse(int)+0x137a9)"
16:54:22.260     #4  "Qt6Qml.dll!QQmlTypeLoader::loadThread(QQmlRefPointer<QQmlDataBlob> const&)+0x6d6"
16:54:22.260     #5  "Qt6Qml.dll!QQmlTypeLoader::getType(QUrl const&, QQmlTypeLoader::Mode)+0x22b"
16:54:22.261     #6  "Qt6Qml.dll!QQmlComponentPrivate::loadUrl(QUrl const&, QQmlComponent::CompilationMode)+0x1a4"
16:54:22.261     #7  "Qt6Qml.dll!QQmlApplicationEnginePrivate::startLoad(QUrl const&, QByteArray const&, bool)+0x93"
16:54:22.261     #8  "Qt6Qml.dll!QQmlApplicationEngine::load(QUrl const&)+0x3d"
16:54:22.261     #9  "cutpro.exe+0x2d3d"
16:54:22.261     #10  "cutpro.exe+0x12ef"
16:54:22.261     #11  "cutpro.exe+0x1406"
16:54:22.261     #12  "KERNEL32.DLL!BaseThreadInitThunk+0x17"
16:54:22.261     #13  "ntdll.dll!RtlUserThreadStart+0x2c"
16:54:22.385 GUI thread STILL blocked after 2022 ms, "wedged in": "QQmlApplicationEngine::load(qrc:/qml/main.qml)" - during launch, before any window exists: this delays startup but cannot show as "Not Responding".
16:54:22.387   GUI thread backtrace, innermost first (14 frames):
16:54:22.387     #0  "ntdll.dll!NtWaitForSingleObject+0x14"
16:54:22.387     #1  "KERNELBASE.dll!WaitForSingleObjectEx+0xaf"
16:54:22.387     #2  "Qt6Core.dll!QWaitCondition::wait(QMutex*, QDeadlineTimer)+0x9a"
16:54:22.387     #3  "Qt6Qml.dll+0x2afd89 (nearest export: QQmlJS::Parser::parse(int)+0x137a9)"
16:54:22.387     #4  "Qt6Qml.dll!QQmlTypeLoader::loadThread(QQmlRefPointer<QQmlDataBlob> const&)+0x6d6"
16:54:22.387     #5  "Qt6Qml.dll!QQmlTypeLoader::getType(QUrl const&, QQmlTypeLoader::Mode)+0x22b"
16:54:22.387     #6  "Qt6Qml.dll!QQmlComponentPrivate::loadUrl(QUrl const&, QQmlComponent::CompilationMode)+0x1a4"
16:54:22.389     #7  "Qt6Qml.dll!QQmlApplicationEnginePrivate::startLoad(QUrl const&, QByteArray const&, bool)+0x93"
16:54:22.389     #8  "Qt6Qml.dll!QQmlApplicationEngine::load(QUrl const&)+0x3d"
16:54:22.389     #9  "cutpro.exe+0x2d3d"
16:54:22.389     #10  "cutpro.exe+0x12ef"
16:54:22.390     #11  "cutpro.exe+0x1406"
16:54:22.390     #12  "KERNEL32.DLL!BaseThreadInitThunk+0x17"
16:54:22.390     #13  "ntdll.dll!RtlUserThreadStart+0x2c"
16:54:24.445 GUI thread STILL blocked after 4083 ms, "wedged in": "QQmlApplicationEngine::load(qrc:/qml/main.qml)" - during launch, before any window exists: this delays startup but cannot show as "Not Responding".
16:54:24.622   GUI thread backtrace, innermost first (48 frames):
16:54:24.622     #0  "ntdll.dll!ZwCreateFile+0x14"
16:54:24.622     #1  "KERNELBASE.dll!GetDriveTypeW+0xe57"
16:54:24.622     #2  "KERNELBASE.dll!CreateFileW+0x97"
16:54:24.622     #3  "DWrite.dll+0x1bcc3"
16:54:24.622     #4  "DWrite.dll+0x1bbea"
16:54:24.624     #5  "DWrite.dll+0x1a959"
16:54:24.624     #6  "DWrite.dll+0x1a7cf"
16:54:24.624     #7  "DWrite.dll+0x4b5de"
16:54:24.624     #8  "DWrite.dll+0x6e100"
16:54:24.626     #9  "DWrite.dll+0x6e04d"
16:54:24.628     #10  "DWrite.dll+0xac1e3"
16:54:24.628     #11  "DWrite.dll+0x43654"
16:54:24.628     #12  "DWrite.dll+0x434e3"
16:54:24.628     #13  "DWrite.dll+0x426da"
16:54:24.628     #14  "DWrite.dll+0xd8832"
16:54:24.628     #15  "Qt6Gui.dll!QWindowsDirectWriteFontDatabase::populateFontDatabase()+0x523"
16:54:24.628     #16  "Qt6Gui.dll!QFontDatabasePrivate::ensureFontDatabase()+0xa7"
16:54:24.628     #17  "Qt6Gui.dll!QFontDatabasePrivate::findFont(QFontDef const&, int, bool)+0x6e"
16:54:24.628     #18  "Qt6Gui.dll!QFontDatabasePrivate::load(QFontPrivate const*, int)+0x7fd"
16:54:24.628     #19  "Qt6Gui.dll!QFontPrivate::engineForScript(int) const+0xc3"
16:54:24.628     #20  "Qt6Gui.dll!QFontMetricsF::height() const+0x17"
16:54:24.628     #21  "Qt6Quick.dll!QQuickTextPrivate::lineHeightOffset() const+0x3d"
16:54:24.628     #22  "Qt6Quick.dll!QQuickTextPrivate::updateSize()+0xc9"
16:54:24.628     #23  "Qt6Quick.dll!QQuickTextPrivate::updateLayout()+0x1f0"
16:54:24.628     #24  "Qt6Qml.dll!QQmlObjectCreator::finalize(QQmlInstantiationInterrupt&)+0x6da"
16:54:24.628     #25  "Qt6Qml.dll!QQmlComponentPrivate::complete(QQmlEnginePrivate*, QQmlComponentPrivate::ConstructionState*)+0x74"
16:54:24.628     #26  "Qt6Qml.dll!QQmlComponentPrivate::completeDeferred(QQmlEnginePrivate*, std::vector<QQmlComponentPrivate::ConstructionState, std::allocator<QQmlComponentPrivate::ConstructionState> >*)+0x2f"
16:54:24.628     #27  "Qt6QuickTemplates2.dll!QtQuickPrivate::completeDeferred(QObject*, QString const&, QQuickUntypedDeferredPointer*, QQmlEngine*)+0xc9"
16:54:24.630     #28  "Qt6QuickTemplates2.dll!QQuickPopupItemPrivate::executeContentItem(bool)+0x12f"
16:54:24.630     #29  "Qt6QuickTemplates2.dll!QQuickControl::componentComplete()+0x46"
16:54:24.630     #30  "Qt6QuickTemplates2.dll!QQuickPane::componentComplete()+0x12"
16:54:24.630     #31  "Qt6QuickTemplates2.dll!QQuickPage::componentComplete()+0x12"
16:54:24.630     #32  "Qt6QuickTemplates2.dll!QQuickPopup::componentComplete()+0xca"
16:54:24.630     #33  "Qt6Qml.dll!QQmlObjectCreator::finalize(QQmlInstantiationInterrupt&)+0x6da"
16:54:24.630     #34  "Qt6Qml.dll!QQmlComponentPrivate::complete(QQmlEnginePrivate*, QQmlComponentPrivate::ConstructionState*)+0x74"
16:54:24.630     #35  "Qt6Qml.dll!QQmlComponentPrivate::completeCreate()+0x2ae"
16:54:24.630     #36  "Qt6Qml.dll!QQmlComponentPrivate::createWithProperties(QObject*, QMap<QString, QVariant> const&, QQmlContext*, QQmlComponentPrivate::CreateBehavior, bool)+0xc4"
16:54:24.630     #37  "Qt6Qml.dll!QQmlComponent::create(QQmlContext*)+0x46"
16:54:24.630     #38  "Qt6QuickTemplates2.dll!QQuickToolTip::accessibilityActiveChanged(bool)+0x1cf"
16:54:24.630     #39  "Qt6QuickTemplates2.dll+0x1070a7 (nearest export: QQuickComboBox::qt_metacall(QMetaObject::Call, int, void**)+0x248a7)"
16:54:24.630     #40  "Qt6QuickTemplates2.dll+0x10eb9a (nearest export: QQuickComboBox::qt_metacall(QMetaObject::Call, int, void**)+0x2c39a)"
16:54:24.630     #41  "Qt6Core.dll+0x3fd299 (nearest export: z_adler32_combine64+0x6b4b9)"
16:54:24.630     #42  "Qt6Quick.dll!QQuickColorGroup::qt_static_metacall(QObject*, QMetaObject::Call, int, void**)+0xcca"
16:54:24.630     #43  "Qt6Qml.dll!QQmlNotifier::notify(QQmlData*, int)+0x7db"
16:54:24.630     #44  "Qt6Qml.dll+0x20fe13 (nearest export: QQmlObjectCreator::setPropertyValue(QQmlPropertyData const*, QV4::CompiledData::Binding const*)+0x13d3)"
16:54:24.630     #45  "Qt6Qml.dll!QQmlObjectCreator::setPropertyBinding(QQmlPropertyData const*, QV4::CompiledData::Binding const*)+0x107"
16:54:24.630     #46  "Qt6Qml.dll!QQmlObjectCreator::setupBindings(QFlags<QQmlObjectCreator::BindingMode>)+0x53e"
16:54:24.630     #47  "Qt6Qml.dll!QQmlObjectCreator::populateInstance(int, QObject*, QObject*, QQmlPropertyData const*, QV4::CompiledData::Binding const*)+0x230"
16:54:24.916 Using Qt multimedia with FFmpeg version 7.1.3 LGPL version 2.1 or later
16:54:37.493 [mov,mp4,m4a,3gp,3g2,mj2 @ 00000164f7cfdf40] st: 1 edit list: 1 Missing key frame while searching for timestamp: 0
16:54:37.493 [mov,mp4,m4a,3gp,3g2,mj2 @ 00000164f7cfdf40] st: 1 edit list 1 Cannot find an index entry before timestamp: 0.
16:54:40.746 monitor: source key  -> clip_506631bb7f3d|C:/Users/USER/Downloads/Video/The Weakest Boy Enters Demon Slayer Academy With a God’s Power - manhwa recap.mp4|video|0|0|4652814|
16:54:40.747 playback: session.stop decoder idle, picture at -1 ms from MonitorPanel.qml:1034 (onActiveSourceKeyChanged) <- TimelinePanel.qml:1754
16:54:40.812 [mov,mp4,m4a,3gp,3g2,mj2 @ 00000164f7cfe740] st: 1 edit list: 1 Missing key frame while searching for timestamp: 0
16:54:40.812 [mov,mp4,m4a,3gp,3g2,mj2 @ 00000164f7cfe740] st: 1 edit list 1 Cannot find an index entry before timestamp: 0.
16:54:41.383 GUI thread unresponsive for 454 ms, "wedged in": "ClipEffectControlsPanel.rebuildRows"
16:54:41.408   GUI thread backtrace, innermost first (48 frames):
16:54:41.408     #0  "ntdll.dll!RtlFreeHeap+0x20"
16:54:41.408     #1  "msvcrt.dll!free+0x1c"
16:54:41.408     #2  "Qt6Core.dll+0x45888c (nearest export: z_adler32_combine64+0xc6aac)"
16:54:41.408     #3  "Qt6Core.dll!QNonContiguousByteDevice::qt_metacall(QMetaObject::Call, int, void**)+0x5ab"
16:54:41.408     #4  "Qt6Core.dll!QFileInfo::exists(QString const&)+0x3fb"
16:54:41.408     #5  "Qt6Core.dll!QFileSelectorPrivate::selectionHelper(QString const&, QString const&, QList<QString> const&, QChar)+0x6fa"
16:54:41.408     #6  "Qt6Core.dll!QFileSelectorPrivate::select(QString const&) const+0x16f"
16:54:41.408     #7  "Qt6Core.dll!QFileSelector::select(QUrl const&) const+0x5d4"
16:54:41.408     #8  "Qt6Qml.dll!QQmlFileSelectorInterceptor::intercept(QUrl const&, QQmlAbstractUrlInterceptor::DataType)+0x56"
16:54:41.408     #9  "Qt6Qml.dll+0x266636 (nearest export: QQmlType::isExtendedType() const+0x18396)"
16:54:41.408     #10  "Qt6Qml.dll!QQmlTypeLoader::interceptUrl(QUrl const&, QQmlAbstractUrlInterceptor::DataType) const+0x36"
16:54:41.408     #11  "Qt6Qml.dll!QQmlEngine::interceptUrl(QUrl const&, QQmlAbstractUrlInterceptor::DataType) const+0x3d"
16:54:41.408     #12  "Qt6Qml.dll!QQmlContextData::resolvedUrl(QUrl const&) const+0xde"
16:54:41.408     #13  "Qt6Qml.dll!QQmlContext::resolvedUrl(QUrl const&) const+0x29"
16:54:41.408     #14  "Qt6Quick.dll!QQuickImageBase::loadPixmap(QUrl const&, QFlags<QQuickImageBase::LoadPixmapOption>)+0xbb"
16:54:41.408     #15  "Qt6QuickControls2Impl.dll!QQuickIconImage::load()+0x269"
16:54:41.408     #16  "Qt6QuickControls2Impl.dll!QQuickIconLabel::componentComplete()+0x34"
16:54:41.408     #17  "Qt6Qml.dll!QQmlObjectCreator::finalize(QQmlInstantiationInterrupt&)+0x6da"
16:54:41.408     #18  "Qt6Qml.dll!QQmlComponentPrivate::complete(QQmlEnginePrivate*, QQmlComponentPrivate::ConstructionState*)+0x74"
16:54:41.408     #19  "Qt6Qml.dll!QQmlComponentPrivate::completeDeferred(QQmlEnginePrivate*, std::vector<QQmlComponentPrivate::ConstructionState, std::allocator<QQmlComponentPrivate::ConstructionState> >*)+0x2f"
16:54:41.408     #20  "Qt6QuickTemplates2.dll!QtQuickPrivate::completeDeferred(QObject*, QString const&, QQuickUntypedDeferredPointer*, QQmlEngine*)+0xc9"
16:54:41.408     #21  "Qt6QuickTemplates2.dll!QQuickControlPrivate::executeContentItem(bool)+0x12b"
16:54:41.408     #22  "Qt6QuickTemplates2.dll!QQuickControl::componentComplete()+0x46"
16:54:41.408     #23  "Qt6Qml.dll!QQmlObjectCreator::finalize(QQmlInstantiationInterrupt&)+0x6da"
16:54:41.408     #24  "Qt6Qml.dll!QQmlIncubatorPrivate::incubate(QQmlInstantiationInterrupt&)+0x4b8"
16:54:41.408     #25  "Qt6Qml.dll!QQmlEnginePrivate::incubate(QQmlIncubator&, QQmlRefPointer<QQmlContextData> const&)+0x246"
16:54:41.408     #26  "Qt6QmlModels.dll!QQmlDelegateModel::cancel(int)+0x88b"
16:54:41.408     #27  "Qt6Quick.dll!QQuickRepeater::clear()+0x370"
16:54:41.408     #28  "Qt6Quick.dll!QQuickRepeater::setModel(QVariant const&)+0x290"
16:54:41.408     #29  "Qt6Qml.dll+0x42a5af (nearest export: QQmlLocale::registerStringLocaleCompare(QV4::ExecutionEngine*)+0x1462df)"
16:54:41.408     #30  "Qt6Qml.dll!QQmlPropertyPrivate::write(QObject*, QQmlPropertyData const&, QVariant const&, QQmlRefPointer<QQmlContextData> const&, QFlags<QQmlPropertyData::WriteFlag>)+0xb88"
16:54:41.408     #31  "Qt6Qml.dll!QQmlBinding::slowWrite(QQmlPropertyData const&, QQmlPropertyData const&, QV4::Value const&, bool, QFlags<QQmlPropertyData::WriteFlag>)+0x54f"
16:54:41.410     #32  "Qt6Qml.dll+0x347e9a (nearest export: QQmlLocale::registerStringLocaleCompare(QV4::ExecutionEngine*)+0x63bca)"
16:54:41.410     #33  "Qt6Qml.dll!QQmlBinding::doUpdate(QQmlJavaScriptExpression::DeleteWatcher const&, QFlags<QQmlPropertyData::WriteFlag>, QV4::Scope&)+0x19f"
16:54:41.410     #34  "Qt6Qml.dll!QQmlBinding::update(QFlags<QQmlPropertyData::WriteFlag>)+0x211"
16:54:41.410     #35  "Qt6Qml.dll!QQmlNotifier::emitNotify(QQmlNotifierEndpoint*, void**)+0x215"
16:54:41.410     #36  "Qt6Core.dll+0x3fcf21 (nearest export: z_adler32_combine64+0x6b141)"
16:54:41.410     #37  "Qt6Qml.dll!QV4::QObjectWrapper::setProperty(QV4::ExecutionEngine*, QObject*, QQmlPropertyData const*, QV4::Value const&)+0x91d"
16:54:41.410     #38  "Qt6Qml.dll!QV4::QObjectWrapper::setQmlProperty(QV4::ExecutionEngine*, QQmlRefPointer<QQmlContextData> const&, QObject*, QV4::String*, QFlags<QV4::QObjectWrapper::Flag>, QV4::Value const&)+0x11e"
16:54:41.410     #39  "Qt6Qml.dll!QV4::QObjectWrapper::virtualPut(QV4::Managed*, QV4::PropertyKey, QV4::Value const&, QV4::Value*)+0x19a"
16:54:41.410     #40  "Qt6Qml.dll!QV4::Object::virtualResolveLookupSetter(QV4::Object*, QV4::ExecutionEngine*, QV4::Lookup*, QV4::Value const&)+0x168"
16:54:41.410     #41  "Qt6Qml.dll+0x162fb3 (nearest export: qt_v4DebuggerHook+0x4fc3)"
16:54:41.410     #42  "Qt6Qml.dll+0x165c9f (nearest export: qt_v4DebuggerHook+0x7caf)"
16:54:41.410     #43  "Qt6Qml.dll!QV4::Function::updateInternalClass(QV4::ExecutionEngine*, QList<QByteArray> const&)+0xb00"
16:54:41.410     #44  "Qt6Qml.dll+0x1613dc (nearest export: qt_v4DebuggerHook+0x33ec)"
16:54:41.410     #45  "Qt6Qml.dll+0x165c9f (nearest export: qt_v4DebuggerHook+0x7caf)"
16:54:41.410     #46  "Qt6Qml.dll!QV4::ExecutableCompilationUnit::createNamedObjectsPerComponent(int)+0x82f"
16:54:41.410     #47  "Qt6Qml.dll!QV4::Function::call(QObject*, void**, QMetaType const*, int, QV4::ExecutionContext*)+0x293"
16:54:41.525 [mov,mp4,m4a,3gp,3g2,mj2 @ 00000164f7cff200] st: 1 edit list: 1 Missing key frame while searching for timestamp: 0
16:54:41.525 [mov,mp4,m4a,3gp,3g2,mj2 @ 00000164f7cff200] st: 1 edit list 1 Cannot find an index entry before timestamp: 0.
16:54:42.612 playback: playing false -> true at playhead 0 ms [+1864 ms] from MonitorPanel.qml:536 (startPlayback) <- MonitorPanel.qml:1870 (onClicked)
16:54:42.612 monitor: playing -> true at 0
16:54:42.612 monitor: playback session at playhead 0 clip clip_506631bb7f3d
16:54:42.612 playback: session.start The Weakest Boy Enters Demon Slayer Academy With a God’s Power - manhwa recap.mp4 at source 0 ms, kind video [+1 ms] from MonitorPanel.qml:645 (startProcessPlayback) <- MonitorPanel.qml:968 (onPlayingChanged) <- MonitorPanel.qml:536 (startPlayback) <- MonitorPanel.qml:1870 (onClicked)
16:54:42.665 [mov,mp4,m4a,3gp,3g2,mj2 @ 00000164f7cfe480] st: 1 edit list: 1 Missing key frame while searching for timestamp: 0
16:54:42.665 [mov,mp4,m4a,3gp,3g2,mj2 @ 00000164f7cfe480] st: 1 edit list 1 Cannot find an index entry before timestamp: 0.
16:54:43.072 preview playback: first frame after 455 ms, at source 0 ms (requested 0 ms)
16:54:43.072 playback: frame at source 0 ms, advanced 0 ms of media in -1 ms of wall clock
16:54:43.121 playback: playhead.jump 0 -> 125 ms (+125) [+507 ms] from MonitorPanel.qml:938 (onTriggered)
16:54:43.124 playback: playhead is 0 ms AHEAD of the picture (playhead 125 ms, picture 125 ms)
16:54:43.190 playback: playhead.jump 125 -> 333 ms (+208) [+69 ms] from MonitorPanel.qml:938 (onTriggered)
16:54:44.131 playback: playhead is 0 ms AHEAD of the picture (playhead 1291 ms, picture 1291 ms)
16:54:45.162 playback: playhead is 0 ms AHEAD of the picture (playhead 2333 ms, picture 2333 ms)
16:54:46.162 playback: playhead is 0 ms AHEAD of the picture (playhead 3333 ms, picture 3333 ms)
16:54:47.172 playback: playhead is 1 ms AHEAD of the picture (playhead 4334 ms, picture 4333 ms)
16:54:47.852 playback: playing true -> false at playhead 5000 ms [+4661 ms] from MonitorPanel.qml:1868 (onClicked)
16:54:47.852 monitor: playing -> false at 5000
16:54:47.853 playback: session.stop decoder running, picture at 5000 ms [+1 ms] from MonitorPanel.qml:1003 (onPlayingChanged) <- MonitorPanel.qml:1868 (onClicked)
16:54:48.763 playback: playing false -> true at playhead 5000 ms [+911 ms] from MonitorPanel.qml:536 (startPlayback) <- MonitorPanel.qml:1870 (onClicked)
16:54:48.765 monitor: playing -> true at 5000
16:54:48.765 monitor: playback session at playhead 5000 clip clip_506631bb7f3d
16:54:48.765 playback: session.start The Weakest Boy Enters Demon Slayer Academy With a God’s Power - manhwa recap.mp4 at source 5000 ms, kind video [+1 ms] from MonitorPanel.qml:645 (startProcessPlayback) <- MonitorPanel.qml:968 (onPlayingChanged) <- MonitorPanel.qml:536 (startPlayback) <- MonitorPanel.qml:1870 (onClicked)
16:54:48.831 [mov,mp4,m4a,3gp,3g2,mj2 @ 00000164f7cfd700] st: 1 edit list: 1 Missing key frame while searching for timestamp: 0
16:54:48.832 [mov,mp4,m4a,3gp,3g2,mj2 @ 00000164f7cfd700] st: 1 edit list 1 Cannot find an index entry before timestamp: 0.
16:54:49.095 preview playback: first frame after 318 ms, at source 5000 ms (requested 5000 ms)
16:54:49.095 playback: frame at source 5000 ms, advanced 0 ms of media in 1274 ms of wall clock
16:54:49.142 playback: playhead.jump 5000 -> 5166 ms (+166) [+377 ms] from MonitorPanel.qml:938 (onTriggered)
16:54:49.145 playback: playhead is 0 ms AHEAD of the picture (playhead 5166 ms, picture 5166 ms)
16:54:49.385 playback: playhead is 50 ms AHEAD of the picture (playhead 5466 ms, picture 5416 ms)
16:54:49.443 playback: playhead is 0 ms AHEAD of the picture (playhead 5500 ms, picture 5500 ms)
16:54:49.543 playback: playhead is 49 ms AHEAD of the picture (playhead 5632 ms, picture 5583 ms)
16:54:49.594 playback: playhead is 1 ms AHEAD of the picture (playhead 5667 ms, picture 5666 ms)
16:54:49.643 playback: playhead is 50 ms AHEAD of the picture (playhead 5716 ms, picture 5666 ms)
16:54:49.701 playback: playhead is 0 ms AHEAD of the picture (playhead 5750 ms, picture 5750 ms)
16:54:49.801 playback: playhead is 47 ms AHEAD of the picture (playhead 5880 ms, picture 5833 ms)
16:54:49.851 playback: playhead is 0 ms AHEAD of the picture (playhead 5916 ms, picture 5916 ms)
16:54:49.952 playback: playhead is 50 ms AHEAD of the picture (playhead 6050 ms, picture 6000 ms)
16:54:50.002 playback: playhead is 0 ms AHEAD of the picture (playhead 6083 ms, picture 6083 ms)
16:54:50.052 playback: playhead is 50 ms AHEAD of the picture (playhead 6133 ms, picture 6083 ms)
16:54:50.110 playback: playhead is 0 ms AHEAD of the picture (playhead 6166 ms, picture 6166 ms)
16:54:50.210 playback: playhead is 48 ms AHEAD of the picture (playhead 6298 ms, picture 6250 ms)
16:54:50.268 playback: playhead is 0 ms AHEAD of the picture (playhead 6333 ms, picture 6333 ms)
16:54:50.664 GUI thread unresponsive for 452 ms, "stalled somewhere unmarked": "no marked scope"
16:54:50.679   GUI thread backtrace, innermost first (28 frames):
16:54:50.679     #0  "ntdll.dll!NtWaitForSingleObject+0x14"
16:54:50.679     #1  "KERNELBASE.dll!WaitForSingleObjectEx+0xaf"
16:54:50.679     #2  "Qt6Core.dll!QWaitCondition::wait(QMutex*, QDeadlineTimer)+0x9a"
16:54:50.679     #3  "Qt6Quick.dll+0x2682a5 (nearest export: QQuickOpenGLUtils::resetOpenGLState()+0x92a5)"
16:54:50.679     #4  "Qt6Quick.dll+0x269d9f (nearest export: QQuickOpenGLUtils::resetOpenGLState()+0xad9f)"
16:54:50.679     #5  "Qt6Gui.dll!QWindow::event(QEvent*)+0x138"
16:54:50.679     #6  "Qt6Core.dll!QCoreApplication::notifyInternal2(QObject*, QEvent*)+0x19a"
16:54:50.679     #7  "Qt6Gui.dll!QGuiApplicationPrivate::processExposeEvent(QWindowSystemInterfacePrivate::ExposeEvent*)+0x1b1"
16:54:50.679     #8  "Qt6Gui.dll!QWindowSystemInterface::sendWindowSystemEvents(QFlags<QEventLoop::ProcessEventsFlag>)+0x30c"
16:54:50.679     #9  "Qt6Gui.dll!QWindowSystemInterface::flushWindowSystemEvents(QFlags<QEventLoop::ProcessEventsFlag>)+0x15f"
16:54:50.679     #10  "qwindows.dll+0x5bbeb (nearest export: qt_plugin_instance+0x59f4b)"
16:54:50.679     #11  "qwindows.dll+0xb8220 (nearest export: qt_plugin_instance+0xb6580)"
16:54:50.679     #12  "qwindows.dll+0x752c (nearest export: qt_plugin_instance+0x588c)"
16:54:50.679     #13  "USER32.dll!CallWindowProcW+0x6a6"
16:54:50.679     #14  "USER32.dll+0x14b4c (nearest export: GetFocus+0x1e3c)"
16:54:50.679     #15  "USER32.dll!GetWindowDpiAwarenessContext+0x4d3"
16:54:50.679     #16  "ntdll.dll!KiUserCallbackDispatcher+0x24"
16:54:50.679     #17  "win32u.dll!NtUserDispatchMessage+0x14"
16:54:50.679     #18  "USER32.dll!IsWindowUnicode+0x378"
16:54:50.679     #19  "Qt6Core.dll!QEventDispatcherWin32::processEvents(QFlags<QEventLoop::ProcessEventsFlag>)+0x692"
16:54:50.679     #20  "Qt6Gui.dll!QWindowsGuiEventDispatcher::processEvents(QFlags<QEventLoop::ProcessEventsFlag>)+0x19"
16:54:50.681     #21  "Qt6Core.dll!QEventLoop::exec(QFlags<QEventLoop::ProcessEventsFlag>)+0x232"
16:54:50.681     #22  "Qt6Core.dll!QCoreApplication::exec()+0x96"
16:54:50.681     #23  "cutpro.exe+0x2df1"
16:54:50.681     #24  "cutpro.exe+0x12ef"
16:54:50.681     #25  "cutpro.exe+0x1406"
16:54:50.681     #26  "KERNEL32.DLL!BaseThreadInitThunk+0x17"
16:54:50.681     #27  "ntdll.dll!RtlUserThreadStart+0x2c"
16:54:50.899 playback: playhead.jump 6333 -> 7000 ms (+667) [+1756 ms] from MonitorPanel.qml:938 (onTriggered)
16:54:50.968 playback: playhead is 67 ms AHEAD of the picture (playhead 7067 ms, picture 7000 ms)
16:54:51.015 playback: playhead is 0 ms AHEAD of the picture (playhead 7083 ms, picture 7083 ms)
16:54:51.064 playback: playhead is 49 ms AHEAD of the picture (playhead 7132 ms, picture 7083 ms)
16:54:51.111 playback: playhead is 0 ms AHEAD of the picture (playhead 7166 ms, picture 7166 ms)
16:54:51.206 playback: playhead is 48 ms AHEAD of the picture (playhead 7298 ms, picture 7250 ms)
16:54:51.255 playback: playhead is 0 ms AHEAD of the picture (playhead 7333 ms, picture 7333 ms)
16:54:51.303 playback: playhead is 48 ms AHEAD of the picture (playhead 7381 ms, picture 7333 ms)
16:54:51.351 playback: playhead is 0 ms AHEAD of the picture (playhead 7416 ms, picture 7416 ms)
16:54:51.446 playback: playhead is 45 ms AHEAD of the picture (playhead 7545 ms, picture 7500 ms)
16:54:51.496 playback: playhead is 1 ms AHEAD of the picture (playhead 7584 ms, picture 7583 ms)
16:54:51.544 playback: playhead is 49 ms AHEAD of the picture (playhead 7632 ms, picture 7583 ms)
16:54:51.590 playback: playhead is 0 ms AHEAD of the picture (playhead 7666 ms, picture 7666 ms)
16:54:51.641 playback: playhead is 50 ms AHEAD of the picture (playhead 7716 ms, picture 7666 ms)
16:54:51.695 playback: playhead is 0 ms AHEAD of the picture (playhead 7750 ms, picture 7750 ms)
16:54:51.794 playback: playhead is 45 ms AHEAD of the picture (playhead 7878 ms, picture 7833 ms)
16:54:51.841 playback: playhead is 0 ms AHEAD of the picture (playhead 7916 ms, picture 7916 ms)
16:54:51.886 playback: playhead is 47 ms AHEAD of the picture (playhead 7963 ms, picture 7916 ms)
16:54:51.937 playback: playhead is 0 ms AHEAD of the picture (playhead 8000 ms, picture 8000 ms)
16:54:52.032 playback: playhead is 47 ms AHEAD of the picture (playhead 8130 ms, picture 8083 ms)
16:54:52.085 playback: playhead is 0 ms AHEAD of the picture (playhead 8166 ms, picture 8166 ms)
16:54:52.127 playback: playhead is 42 ms AHEAD of the picture (playhead 8208 ms, picture 8166 ms)
16:54:52.177 playback: playhead is 0 ms AHEAD of the picture (playhead 8250 ms, picture 8250 ms)
16:54:52.222 playback: playhead is 45 ms AHEAD of the picture (playhead 8295 ms, picture 8250 ms)
16:54:52.271 playback: playhead is 0 ms AHEAD of the picture (playhead 8333 ms, picture 8333 ms)
16:54:52.367 playback: playhead is 47 ms AHEAD of the picture (playhead 8463 ms, picture 8416 ms)
16:54:52.417 playback: playhead is 0 ms AHEAD of the picture (playhead 8500 ms, picture 8500 ms)
16:54:52.464 playback: playhead is 47 ms AHEAD of the picture (playhead 8547 ms, picture 8500 ms)
16:54:52.511 playback: playhead is 0 ms AHEAD of the picture (playhead 8583 ms, picture 8583 ms)
16:54:52.623 playback: playhead is 46 ms AHEAD of the picture (playhead 8712 ms, picture 8666 ms)
16:54:52.704 playback: playhead is 0 ms AHEAD of the picture (playhead 8750 ms, picture 8750 ms)
16:54:52.806 playback: playhead is 47 ms AHEAD of the picture (playhead 8880 ms, picture 8833 ms)
16:54:52.854 playback: playhead is 0 ms AHEAD of the picture (playhead 8916 ms, picture 8916 ms)
16:54:52.952 playback: playhead is 49 ms AHEAD of the picture (playhead 9049 ms, picture 9000 ms)
16:54:53.002 playback: playhead is 0 ms AHEAD of the picture (playhead 9083 ms, picture 9083 ms)
16:54:53.047 playback: playhead is 46 ms AHEAD of the picture (playhead 9129 ms, picture 9083 ms)
16:54:53.111 playback: playhead is 0 ms AHEAD of the picture (playhead 9166 ms, picture 9166 ms)
16:54:53.207 playback: playhead is 46 ms AHEAD of the picture (playhead 9296 ms, picture 9250 ms)
16:54:53.256 playback: playhead is 0 ms AHEAD of the picture (playhead 9333 ms, picture 9333 ms)
16:54:53.304 playback: playhead is 47 ms AHEAD of the picture (playhead 9380 ms, picture 9333 ms)
16:54:53.350 playback: playhead is 0 ms AHEAD of the picture (playhead 9416 ms, picture 9416 ms)
16:54:53.406 playback: playhead is 49 ms AHEAD of the picture (playhead 9465 ms, picture 9416 ms)
16:54:53.448 playback: playhead is 0 ms AHEAD of the picture (playhead 9500 ms, picture 9500 ms)
16:54:53.545 playback: playhead is 49 ms AHEAD of the picture (playhead 9632 ms, picture 9583 ms)
16:54:53.599 playback: playhead is 0 ms AHEAD of the picture (playhead 9666 ms, picture 9666 ms)
16:54:53.647 playback: playhead is 48 ms AHEAD of the picture (playhead 9714 ms, picture 9666 ms)
16:54:53.731 playback: playhead is 0 ms AHEAD of the picture (playhead 9750 ms, picture 9750 ms)
16:54:53.879 playback: playhead is 48 ms AHEAD of the picture (playhead 9964 ms, picture 9916 ms)
16:54:53.927 playback: playhead is 0 ms AHEAD of the picture (playhead 10000 ms, picture 10000 ms)
16:54:53.976 playback: playhead is 49 ms AHEAD of the picture (playhead 10049 ms, picture 10000 ms)
16:54:54.022 playback: playhead is 0 ms AHEAD of the picture (playhead 10083 ms, picture 10083 ms)
16:54:54.137 playback: playhead is 67 ms AHEAD of the picture (playhead 10233 ms, picture 10166 ms)
16:54:54.183 playback: playhead is 0 ms AHEAD of the picture (playhead 10250 ms, picture 10250 ms)
16:54:54.279 playback: playhead is 46 ms AHEAD of the picture (playhead 10379 ms, picture 10333 ms)
16:54:54.327 playback: playhead is 0 ms AHEAD of the picture (playhead 10416 ms, picture 10416 ms)
16:54:54.376 playback: playhead is 48 ms AHEAD of the picture (playhead 10464 ms, picture 10416 ms)
16:54:54.423 playback: playhead is 0 ms AHEAD of the picture (playhead 10500 ms, picture 10500 ms)
16:54:54.472 playback: playhead is 49 ms AHEAD of the picture (playhead 10549 ms, picture 10500 ms)
16:54:54.520 playback: playhead is 0 ms AHEAD of the picture (playhead 10583 ms, picture 10583 ms)
16:54:54.622 playback: playhead is 51 ms AHEAD of the picture (playhead 10717 ms, picture 10666 ms)
16:54:54.703 playback: playhead is 0 ms AHEAD of the picture (playhead 10750 ms, picture 10750 ms)
16:54:55.113 playback: frame at source 10916 ms, advanced 83 ms of media in 381 ms of wall clock
16:54:55.125 playback: playhead.jump 10750 -> 10917 ms (+167) [+4225 ms] from MonitorPanel.qml:938 (onTriggered)
16:54:55.189 playback: playhead.jump 10917 -> 11250 ms (+333) [+64 ms] from MonitorPanel.qml:938 (onTriggered)
16:54:55.289 playback: playhead is 48 ms AHEAD of the picture (playhead 11381 ms, picture 11333 ms)
16:54:55.337 playback: playhead is 0 ms AHEAD of the picture (playhead 11416 ms, picture 11416 ms)
16:54:55.382 playback: playhead is 47 ms AHEAD of the picture (playhead 11463 ms, picture 11416 ms)
16:54:55.432 playback: playhead is 0 ms AHEAD of the picture (playhead 11500 ms, picture 11500 ms)
16:54:55.480 playback: playhead is 48 ms AHEAD of the picture (playhead 11548 ms, picture 11500 ms)
16:54:55.527 playback: playhead is 0 ms AHEAD of the picture (playhead 11583 ms, picture 11583 ms)
16:54:55.622 playback: playhead is 47 ms AHEAD of the picture (playhead 11713 ms, picture 11666 ms)
16:54:55.670 playback: playhead is 0 ms AHEAD of the picture (playhead 11750 ms, picture 11750 ms)
16:54:55.719 playback: playhead is 48 ms AHEAD of the picture (playhead 11798 ms, picture 11750 ms)
16:54:55.768 playback: playhead is 0 ms AHEAD of the picture (playhead 11833 ms, picture 11833 ms)
16:54:55.863 playback: playhead is 45 ms AHEAD of the picture (playhead 11961 ms, picture 11916 ms)
16:54:55.913 playback: playhead is 0 ms AHEAD of the picture (playhead 12000 ms, picture 12000 ms)
16:54:55.959 playback: playhead is 49 ms AHEAD of the picture (playhead 12049 ms, picture 12000 ms)
16:54:56.008 playback: playhead is 0 ms AHEAD of the picture (playhead 12083 ms, picture 12083 ms)
16:54:56.056 playback: playhead is 49 ms AHEAD of the picture (playhead 12132 ms, picture 12083 ms)
16:54:56.104 playback: playhead is 0 ms AHEAD of the picture (playhead 12166 ms, picture 12166 ms)
16:54:56.199 playback: playhead is 46 ms AHEAD of the picture (playhead 12296 ms, picture 12250 ms)
16:54:56.246 playback: playhead is 0 ms AHEAD of the picture (playhead 12333 ms, picture 12333 ms)
16:54:56.295 playback: playhead is 48 ms AHEAD of the picture (playhead 12381 ms, picture 12333 ms)
16:54:56.360 playback: playhead is 0 ms AHEAD of the picture (playhead 12416 ms, picture 12416 ms)
16:54:56.446 playback: playhead is 42 ms AHEAD of the picture (playhead 12542 ms, picture 12500 ms)
16:54:56.497 playback: playhead is 0 ms AHEAD of the picture (playhead 12583 ms, picture 12583 ms)
16:54:56.544 playback: playhead is 47 ms AHEAD of the picture (playhead 12630 ms, picture 12583 ms)
16:54:56.591 playback: playhead is 0 ms AHEAD of the picture (playhead 12666 ms, picture 12666 ms)
16:54:56.648 playback: playhead is 56 ms AHEAD of the picture (playhead 12722 ms, picture 12666 ms)
16:54:56.727 playback: playhead is 0 ms AHEAD of the picture (playhead 12750 ms, picture 12750 ms)
16:54:56.871 playback: playhead is 47 ms AHEAD of the picture (playhead 12963 ms, picture 12916 ms)
16:54:56.919 playback: playhead is 0 ms AHEAD of the picture (playhead 13000 ms, picture 13000 ms)
16:54:56.968 playback: playhead is 49 ms AHEAD of the picture (playhead 13049 ms, picture 13000 ms)
16:54:57.015 playback: playhead is 0 ms AHEAD of the picture (playhead 13083 ms, picture 13083 ms)
16:54:57.062 playback: playhead is 48 ms AHEAD of the picture (playhead 13131 ms, picture 13083 ms)
16:54:57.110 playback: playhead is 0 ms AHEAD of the picture (playhead 13166 ms, picture 13166 ms)
16:54:57.819 GUI thread unresponsive for 400 ms, "stalled somewhere unmarked": "no marked scope"
16:54:57.831   GUI thread backtrace, innermost first (48 frames):
16:54:57.831     #0  "Qt6Core.dll!QUnicodeTools::initCharAttributes(QStringView, QUnicodeTools::ScriptItem const*, long long, QCharAttributes*, QFlags<QUnicodeTools::CharAttributeOption>)+0x3e1"
16:54:57.831     #1  "Qt6Gui.dll+0x388db6 (nearest export: QTextDocumentWriter::write(QTextDocumentFragment const&)+0x1236)"
16:54:57.832     #2  "Qt6Gui.dll!QTextLine::layout_helper(int)+0x205"
16:54:57.832     #3  "Qt6Gui.dll+0x377a7e (nearest export: QTextDocumentLayout::contentHasAlignment() const+0xa07e)"
16:54:57.832     #4  "Qt6Gui.dll+0x3798b3 (nearest export: QTextDocumentLayout::contentHasAlignment() const+0xbeb3)"
16:54:57.832     #5  "Qt6Gui.dll+0x381f52 (nearest export: QTextDocumentLayout::contentHasAlignment() const+0x14552)"
16:54:57.832     #6  "Qt6Gui.dll+0x38262e (nearest export: QTextDocumentLayout::contentHasAlignment() const+0x14c2e)"
16:54:57.832     #7  "Qt6Gui.dll!QTextDocumentLayout::doLayout(int, int, int)+0x107"
16:54:57.832     #8  "Qt6Gui.dll!QTextDocumentLayout::documentChanged(int, int, int)+0x5b6"
16:54:57.832     #9  "Qt6Gui.dll!QTextDocument::setTextWidth(double)+0xe4"
16:54:57.832     #10  "Qt6Quick.dll!QQuickTextEdit::updateSize()+0x578"
16:54:57.832     #11  "Qt6Quick.dll!QQuickTextEdit::geometryChange(QRectF const&, QRectF const&)+0x60"
16:54:57.832     #12  "Qt6Quick.dll!QQuickItem::setWidth(double)+0x11f"
16:54:57.832     #13  "Qt6Quick.dll+0x1bb0a (nearest export: QQuickAnchors::resetCenterIn()+0x102a)"
16:54:57.832     #14  "Qt6Quick.dll!QQuickAnchors::setAlignWhenCentered(bool)+0x2b8"
16:54:57.832     #15  "Qt6Quick.dll!QQuickItem::geometryChange(QRectF const&, QRectF const&)+0x194"
16:54:57.832     #16  "Qt6Quick.dll!QQuickItem::setWidth(double)+0x11f"
16:54:57.832     #17  "Qt6Quick.dll+0x3d0c0f (nearest export: QQuickInputMethod::qt_metacall(QMetaObject::Call, int, void**)+0x9ebaf)"
16:54:57.832     #18  "Qt6Core.dll!QPropertyBindingError::QPropertyBindingError(QPropertyBindingError::Type, QString const&)+0x38c"
16:54:57.832     #19  "Qt6Core.dll!QPropertyBindingError::QPropertyBindingError(QPropertyBindingError::Type, QString const&)+0x2b0"
16:54:57.832     #20  "Qt6Core.dll!QPropertyBindingError::QPropertyBindingError(QPropertyBindingError::Type, QString const&)+0x2b0"
16:54:57.832     #21  "Qt6Core.dll!QtPrivate::QPropertyBindingData::notifyObserver_helper(QUntypedPropertyData*, QBindingStorage*, QPropertyObserverPointer, QVarLengthArray<QPropertyBindingPrivatePtr, 256ll>&) const+0x11f"
16:54:57.832     #22  "Qt6Quick.dll+0x3d0d36 (nearest export: QQuickInputMethod::qt_metacall(QMetaObject::Call, int, void**)+0x9ecd6)"
16:54:57.832     #23  "Qt6Quick.dll!QQuickItem::geometryChange(QRectF const&, QRectF const&)+0x20f"
16:54:57.832     #24  "Qt6QuickTemplates2.dll!QQuickControl::geometryChange(QRectF const&, QRectF const&)+0x24"
16:54:57.833     #25  "Qt6Quick.dll!QQuickItem::setWidth(double)+0x11f"
16:54:57.833     #26  "Qt6Quick.dll+0x1bb0a (nearest export: QQuickAnchors::resetCenterIn()+0x102a)"
16:54:57.833     #27  "Qt6Quick.dll!QQuickAnchors::setAlignWhenCentered(bool)+0x2b8"
16:54:57.833     #28  "Qt6Quick.dll!QQuickItem::geometryChange(QRectF const&, QRectF const&)+0x194"
16:54:57.833     #29  "Qt6Quick.dll!QQuickItem::setSize(QSizeF const&)+0xda"
16:54:57.833     #30  "Qt6Quick.dll!QQuickWindow::resizeEvent(QResizeEvent*)+0x47"
16:54:57.833     #31  "Qt6Gui.dll!QWindow::event(QEvent*)+0x138"
16:54:57.833     #32  "Qt6Core.dll!QCoreApplication::notifyInternal2(QObject*, QEvent*)+0x19a"
16:54:57.833     #33  "Qt6Gui.dll!QGuiApplicationPrivate::processGeometryChangeEvent(QWindowSystemInterfacePrivate::GeometryChangeEvent*)+0x1a7"
16:54:57.833     #34  "Qt6Gui.dll!QWindowSystemInterface::sendWindowSystemEvents(QFlags<QEventLoop::ProcessEventsFlag>)+0x30c"
16:54:57.833     #35  "Qt6Gui.dll!QWindowSystemInterface::flushWindowSystemEvents(QFlags<QEventLoop::ProcessEventsFlag>)+0x15f"
16:54:57.833     #36  "qwindows.dll+0x5bbeb (nearest export: qt_plugin_instance+0x59f4b)"
16:54:57.833     #37  "qwindows.dll+0xb8220 (nearest export: qt_plugin_instance+0xb6580)"
16:54:57.833     #38  "qwindows.dll+0x752c (nearest export: qt_plugin_instance+0x588c)"
16:54:57.833     #39  "USER32.dll!CallWindowProcW+0x6a6"
16:54:57.833     #40  "USER32.dll+0x14b4c (nearest export: GetFocus+0x1e3c)"
16:54:57.833     #41  "USER32.dll!GetWindowDpiAwarenessContext+0x4d3"
16:54:57.833     #42  "ntdll.dll!KiUserCallbackDispatcher+0x24"
16:54:57.834     #43  "win32u.dll!NtUserMessageCall+0x14"
16:54:57.834     #44  "USER32.dll!IsWindowEnabled+0x3ab"
16:54:57.834     #45  "USER32.dll!IsWindowEnabled+0x244"
16:54:57.834     #46  "UxTheme.dll+0x67bd (nearest export: Ordinal75+0x2dbd)"
16:54:57.834     #47  "UxTheme.dll+0x589e6 (nearest export: Ordinal90+0x16e6)"
16:54:58.507 playback: playhead.jump 13250 -> 14583 ms (+1333) [+3317 ms] from MonitorPanel.qml:938 (onTriggered)
16:54:58.509 playback: playhead is 0 ms AHEAD of the picture (playhead 14583 ms, picture 14583 ms)
16:54:58.616 playback: playhead is 47 ms AHEAD of the picture (playhead 14713 ms, picture 14666 ms)
16:54:58.693 playback: playhead is 0 ms AHEAD of the picture (playhead 14750 ms, picture 14750 ms)
16:54:58.816 playback: playhead is 49 ms AHEAD of the picture (playhead 14882 ms, picture 14833 ms)
16:54:58.862 playback: playhead is 0 ms AHEAD of the picture (playhead 14916 ms, picture 14916 ms)
16:54:58.960 playback: playhead is 44 ms AHEAD of the picture (playhead 15044 ms, picture 15000 ms)
16:54:59.015 playback: playhead is 0 ms AHEAD of the picture (playhead 15083 ms, picture 15083 ms)
16:54:59.063 playback: playhead is 49 ms AHEAD of the picture (playhead 15132 ms, picture 15083 ms)
16:54:59.136 playback: playhead is 0 ms AHEAD of the picture (playhead 15166 ms, picture 15166 ms)
16:54:59.294 playback: playhead is 48 ms AHEAD of the picture (playhead 15381 ms, picture 15333 ms)
16:54:59.343 playback: playhead is 0 ms AHEAD of the picture (playhead 15416 ms, picture 15416 ms)
16:54:59.393 playback: playhead is 48 ms AHEAD of the picture (playhead 15464 ms, picture 15416 ms)
16:54:59.452 playback: playhead is 0 ms AHEAD of the picture (playhead 15500 ms, picture 15500 ms)
16:54:59.543 playback: playhead is 47 ms AHEAD of the picture (playhead 15630 ms, picture 15583 ms)
16:54:59.590 playback: playhead is 0 ms AHEAD of the picture (playhead 15666 ms, picture 15666 ms)
16:54:59.639 playback: playhead is 48 ms AHEAD of the picture (playhead 15714 ms, picture 15666 ms)
16:54:59.688 playback: playhead is 0 ms AHEAD of the picture (playhead 15750 ms, picture 15750 ms)
16:54:59.795 playback: playhead is 57 ms AHEAD of the picture (playhead 15890 ms, picture 15833 ms)
16:54:59.847 playback: playhead is 0 ms AHEAD of the picture (playhead 15916 ms, picture 15916 ms)
16:54:59.896 playback: playhead is 49 ms AHEAD of the picture (playhead 15965 ms, picture 15916 ms)
16:54:59.954 playback: playhead is 0 ms AHEAD of the picture (playhead 16000 ms, picture 16000 ms)
16:55:00.050 playback: playhead is 47 ms AHEAD of the picture (playhead 16130 ms, picture 16083 ms)
16:55:00.103 playback: playhead is 0 ms AHEAD of the picture (playhead 16166 ms, picture 16166 ms)
16:55:00.204 playback: playhead is 45 ms AHEAD of the picture (playhead 16295 ms, picture 16250 ms)
16:55:00.247 playback: playhead is 0 ms AHEAD of the picture (playhead 16333 ms, picture 16333 ms)
16:55:00.295 playback: playhead is 48 ms AHEAD of the picture (playhead 16381 ms, picture 16333 ms)
16:55:00.523 playback: playhead.jump 16381 -> 16583 ms (+202) [+2015 ms] from MonitorPanel.qml:938 (onTriggered)
16:55:00.525 playback: playhead is 0 ms AHEAD of the picture (playhead 16583 ms, picture 16583 ms)
16:55:00.647 playback: playhead is 47 ms AHEAD of the picture (playhead 16713 ms, picture 16666 ms)
16:55:00.823 playback: playhead.jump 16713 -> 16916 ms (+203) [+300 ms] from MonitorPanel.qml:938 (onTriggered)
16:55:00.826 playback: playhead is 0 ms AHEAD of the picture (playhead 16916 ms, picture 16916 ms)
16:55:00.949 playback: playhead is 45 ms AHEAD of the picture (playhead 17045 ms, picture 17000 ms)
16:55:00.998 playback: playhead is 0 ms AHEAD of the picture (playhead 17083 ms, picture 17083 ms)
16:55:01.055 playback: playhead is 57 ms AHEAD of the picture (playhead 17140 ms, picture 17083 ms)
16:55:01.105 playback: playhead is 0 ms AHEAD of the picture (playhead 17166 ms, picture 17166 ms)
16:55:01.224 playback: playhead is 49 ms AHEAD of the picture (playhead 17299 ms, picture 17250 ms)
16:55:01.272 playback: playhead is 0 ms AHEAD of the picture (playhead 17333 ms, picture 17333 ms)
16:55:01.383 playback: playhead is 48 ms AHEAD of the picture (playhead 17464 ms, picture 17416 ms)
16:55:01.424 playback: playhead is 0 ms AHEAD of the picture (playhead 17500 ms, picture 17500 ms)
16:55:01.471 playback: playhead is 47 ms AHEAD of the picture (playhead 17547 ms, picture 17500 ms)
16:55:01.519 playback: playhead is 0 ms AHEAD of the picture (playhead 17583 ms, picture 17583 ms)
16:55:01.614 playback: playhead is 47 ms AHEAD of the picture (playhead 17713 ms, picture 17666 ms)
16:55:01.662 playback: playhead is 0 ms AHEAD of the picture (playhead 17750 ms, picture 17750 ms)
16:55:01.712 playback: playhead is 48 ms AHEAD of the picture (playhead 17798 ms, picture 17750 ms)
16:55:01.759 playback: playhead is 0 ms AHEAD of the picture (playhead 17833 ms, picture 17833 ms)
16:55:01.806 playback: playhead is 48 ms AHEAD of the picture (playhead 17881 ms, picture 17833 ms)
16:55:01.854 playback: playhead is 0 ms AHEAD of the picture (playhead 17916 ms, picture 17916 ms)
16:55:01.951 playback: playhead is 48 ms AHEAD of the picture (playhead 18048 ms, picture 18000 ms)
16:55:01.999 playback: playhead is 0 ms AHEAD of the picture (playhead 18083 ms, picture 18083 ms)
16:55:02.049 playback: playhead is 48 ms AHEAD of the picture (playhead 18131 ms, picture 18083 ms)
16:55:02.097 playback: playhead is 0 ms AHEAD of the picture (playhead 18166 ms, picture 18166 ms)
16:55:02.143 playback: playhead is 44 ms AHEAD of the picture (playhead 18210 ms, picture 18166 ms)
16:55:02.191 playback: playhead is 0 ms AHEAD of the picture (playhead 18250 ms, picture 18250 ms)
16:55:02.288 playback: playhead is 47 ms AHEAD of the picture (playhead 18380 ms, picture 18333 ms)
16:55:02.335 playback: playhead is 0 ms AHEAD of the picture (playhead 18416 ms, picture 18416 ms)
16:55:02.386 playback: playhead is 51 ms AHEAD of the picture (playhead 18467 ms, picture 18416 ms)
16:55:02.431 playback: playhead is 0 ms AHEAD of the picture (playhead 18500 ms, picture 18500 ms)
16:55:02.483 playback: playhead is 50 ms AHEAD of the picture (playhead 18550 ms, picture 18500 ms)
16:55:02.528 playback: playhead is 0 ms AHEAD of the picture (playhead 18583 ms, picture 18583 ms)
16:55:02.624 playback: playhead is 44 ms AHEAD of the picture (playhead 18710 ms, picture 18666 ms)
16:55:02.703 playback: playhead is 0 ms AHEAD of the picture (playhead 18750 ms, picture 18750 ms)
16:55:02.800 playback: playhead is 45 ms AHEAD of the picture (playhead 18878 ms, picture 18833 ms)
16:55:02.846 playback: playhead is 0 ms AHEAD of the picture (playhead 18916 ms, picture 18916 ms)
16:55:02.895 playback: playhead is 49 ms AHEAD of the picture (playhead 18965 ms, picture 18916 ms)
16:55:02.944 playback: playhead is 0 ms AHEAD of the picture (playhead 19000 ms, picture 19000 ms)
16:55:03.040 playback: playhead is 49 ms AHEAD of the picture (playhead 19132 ms, picture 19083 ms)
16:55:03.088 playback: playhead is 0 ms AHEAD of the picture (playhead 19166 ms, picture 19166 ms)
16:55:03.136 playback: playhead is 49 ms AHEAD of the picture (playhead 19215 ms, picture 19166 ms)
16:55:03.187 playback: playhead is 0 ms AHEAD of the picture (playhead 19250 ms, picture 19250 ms)
16:55:03.289 playback: playhead is 52 ms AHEAD of the picture (playhead 19385 ms, picture 19333 ms)
16:55:03.337 playback: playhead is 0 ms AHEAD of the picture (playhead 19416 ms, picture 19416 ms)
16:55:03.386 playback: playhead is 51 ms AHEAD of the picture (playhead 19467 ms, picture 19416 ms)
16:55:03.433 playback: playhead is 0 ms AHEAD of the picture (playhead 19500 ms, picture 19500 ms)
16:55:03.479 playback: playhead is 47 ms AHEAD of the picture (playhead 19547 ms, picture 19500 ms)
16:55:03.528 playback: playhead is 0 ms AHEAD of the picture (playhead 19583 ms, picture 19583 ms)
16:55:03.807 playback: playhead is 48 ms AHEAD of the picture (playhead 19881 ms, picture 19833 ms)
16:55:03.856 playback: playhead is 0 ms AHEAD of the picture (playhead 19916 ms, picture 19916 ms)
16:55:03.953 playback: playhead is 46 ms AHEAD of the picture (playhead 20046 ms, picture 20000 ms)
16:55:03.998 playback: playhead is 0 ms AHEAD of the picture (playhead 20083 ms, picture 20083 ms)
16:55:04.046 playback: playhead is 50 ms AHEAD of the picture (playhead 20133 ms, picture 20083 ms)
16:55:04.101 playback: playhead is 0 ms AHEAD of the picture (playhead 20166 ms, picture 20166 ms)
16:55:04.143 playback: playhead is 42 ms AHEAD of the picture (playhead 20208 ms, picture 20166 ms)
16:55:04.191 playback: playhead is 0 ms AHEAD of the picture (playhead 20250 ms, picture 20250 ms)
16:55:04.394 playback: playhead is 58 ms AHEAD of the picture (playhead 20474 ms, picture 20416 ms)
16:55:04.439 playback: playhead is 0 ms AHEAD of the picture (playhead 20500 ms, picture 20500 ms)
16:55:04.536 playback: playhead is 46 ms AHEAD of the picture (playhead 20629 ms, picture 20583 ms)
16:55:04.592 playback: playhead is 0 ms AHEAD of the picture (playhead 20666 ms, picture 20666 ms)
16:55:04.644 playback: playhead is 49 ms AHEAD of the picture (playhead 20715 ms, picture 20666 ms)
16:55:04.752 playback: playhead is 0 ms AHEAD of the picture (playhead 20833 ms, picture 20833 ms)
16:55:04.802 playback: playhead is 49 ms AHEAD of the picture (playhead 20882 ms, picture 20833 ms)
16:55:04.848 playback: playhead is 0 ms AHEAD of the picture (playhead 20916 ms, picture 20916 ms)
16:55:04.899 playback: playhead is 49 ms AHEAD of the picture (playhead 20965 ms, picture 20916 ms)
16:55:04.945 playback: playhead is 0 ms AHEAD of the picture (playhead 21000 ms, picture 21000 ms)
16:55:05.039 playback: playhead is 48 ms AHEAD of the picture (playhead 21131 ms, picture 21083 ms)
16:55:05.092 playback: playhead is 0 ms AHEAD of the picture (playhead 21166 ms, picture 21166 ms)
16:55:05.137 playback: playhead is 44 ms AHEAD of the picture (playhead 21210 ms, picture 21166 ms)
16:55:05.183 playback: playhead is 0 ms AHEAD of the picture (playhead 21250 ms, picture 21250 ms)
16:55:05.235 playback: playhead is 51 ms AHEAD of the picture (playhead 21301 ms, picture 21250 ms)
16:55:05.282 playback: playhead is 0 ms AHEAD of the picture (playhead 21333 ms, picture 21333 ms)
16:55:05.377 playback: playhead is 47 ms AHEAD of the picture (playhead 21463 ms, picture 21416 ms)
16:55:05.427 playback: playhead is 0 ms AHEAD of the picture (playhead 21500 ms, picture 21500 ms)
16:55:05.473 playback: playhead is 46 ms AHEAD of the picture (playhead 21546 ms, picture 21500 ms)
16:55:05.527 playback: playhead is 0 ms AHEAD of the picture (playhead 21583 ms, picture 21583 ms)
16:55:05.641 playback: playhead is 45 ms AHEAD of the picture (playhead 21711 ms, picture 21666 ms)
16:55:05.679 playback: playhead is 1 ms AHEAD of the picture (playhead 21751 ms, picture 21750 ms)
16:55:05.729 playback: playhead is 48 ms AHEAD of the picture (playhead 21798 ms, picture 21750 ms)
16:55:05.796 playback: playhead is 0 ms AHEAD of the picture (playhead 21833 ms, picture 21833 ms)
16:55:05.888 playback: playhead is 48 ms AHEAD of the picture (playhead 21964 ms, picture 21916 ms)
16:55:05.936 playback: playhead is 0 ms AHEAD of the picture (playhead 22000 ms, picture 22000 ms)
16:55:06.039 playback: playhead is 53 ms AHEAD of the picture (playhead 22136 ms, picture 22083 ms)
16:55:06.097 playback: playhead is 0 ms AHEAD of the picture (playhead 22166 ms, picture 22166 ms)
16:55:06.145 playback: playhead is 51 ms AHEAD of the picture (playhead 22217 ms, picture 22166 ms)
16:55:06.192 playback: playhead is 0 ms AHEAD of the picture (playhead 22250 ms, picture 22250 ms)
16:55:06.287 playback: playhead is 48 ms AHEAD of the picture (playhead 22381 ms, picture 22333 ms)
16:55:06.338 playback: playhead is 0 ms AHEAD of the picture (playhead 22416 ms, picture 22416 ms)
16:55:06.386 playback: playhead is 47 ms AHEAD of the picture (playhead 22463 ms, picture 22416 ms)
16:55:06.430 playback: playhead is 0 ms AHEAD of the picture (playhead 22500 ms, picture 22500 ms)
16:55:06.482 playback: playhead is 50 ms AHEAD of the picture (playhead 22550 ms, picture 22500 ms)
16:55:06.537 playback: playhead is 0 ms AHEAD of the picture (playhead 22583 ms, picture 22583 ms)
16:55:06.642 playback: playhead is 46 ms AHEAD of the picture (playhead 22712 ms, picture 22666 ms)
16:55:06.749 playback: playhead.jump 22712 -> 22833 ms (+121) [+5926 ms] from MonitorPanel.qml:938 (onTriggered)
16:55:06.754 playback: playhead is 0 ms AHEAD of the picture (playhead 22833 ms, picture 22833 ms)
16:55:06.795 playback: playhead is 42 ms AHEAD of the picture (playhead 22875 ms, picture 22833 ms)
16:55:06.840 playback: playhead is 0 ms AHEAD of the picture (playhead 22916 ms, picture 22916 ms)
16:55:06.888 playback: playhead is 48 ms AHEAD of the picture (playhead 22964 ms, picture 22916 ms)
16:55:06.946 playback: playhead is 0 ms AHEAD of the picture (playhead 23000 ms, picture 23000 ms)
16:55:07.145 playback: playhead is 45 ms AHEAD of the picture (playhead 23211 ms, picture 23166 ms)
16:55:07.199 playback: playhead is 0 ms AHEAD of the picture (playhead 23250 ms, picture 23250 ms)
16:55:07.296 playback: playhead is 48 ms AHEAD of the picture (playhead 23381 ms, picture 23333 ms)
16:55:07.345 playback: playhead is 0 ms AHEAD of the picture (playhead 23416 ms, picture 23416 ms)
16:55:07.393 playback: playhead is 48 ms AHEAD of the picture (playhead 23464 ms, picture 23416 ms)
16:55:07.439 playback: playhead is 0 ms AHEAD of the picture (playhead 23500 ms, picture 23500 ms)
16:55:07.544 playback: playhead is 50 ms AHEAD of the picture (playhead 23633 ms, picture 23583 ms)
16:55:07.599 playback: playhead is 0 ms AHEAD of the picture (playhead 23666 ms, picture 23666 ms)
16:55:07.648 playback: playhead is 48 ms AHEAD of the picture (playhead 23714 ms, picture 23666 ms)
16:55:07.698 playback: playhead is 0 ms AHEAD of the picture (playhead 23750 ms, picture 23750 ms)
16:55:07.792 playback: playhead is 42 ms AHEAD of the picture (playhead 23875 ms, picture 23833 ms)
16:55:07.844 playback: playhead is 0 ms AHEAD of the picture (playhead 23916 ms, picture 23916 ms)
16:55:07.892 playback: playhead is 47 ms AHEAD of the picture (playhead 23963 ms, picture 23916 ms)
16:55:07.944 playback: playhead is 0 ms AHEAD of the picture (playhead 24000 ms, picture 24000 ms)
16:55:08.032 playback: playhead is 45 ms AHEAD of the picture (playhead 24128 ms, picture 24083 ms)
16:55:08.079 playback: playhead is 0 ms AHEAD of the picture (playhead 24166 ms, picture 24166 ms)
16:55:08.128 playback: playhead is 48 ms AHEAD of the picture (playhead 24214 ms, picture 24166 ms)
16:55:08.179 playback: playhead is 0 ms AHEAD of the picture (playhead 24250 ms, picture 24250 ms)
16:55:08.233 playback: playhead is 46 ms AHEAD of the picture (playhead 24296 ms, picture 24250 ms)
16:55:08.280 playback: playhead is 0 ms AHEAD of the picture (playhead 24333 ms, picture 24333 ms)
16:55:08.377 playback: playhead is 47 ms AHEAD of the picture (playhead 24463 ms, picture 24416 ms)
16:55:08.424 playback: playhead is 0 ms AHEAD of the picture (playhead 24500 ms, picture 24500 ms)
16:55:08.471 playback: playhead is 48 ms AHEAD of the picture (playhead 24548 ms, picture 24500 ms)
16:55:08.519 playback: playhead is 0 ms AHEAD of the picture (playhead 24583 ms, picture 24583 ms)
16:55:08.623 playback: playhead is 54 ms AHEAD of the picture (playhead 24720 ms, picture 24666 ms)
16:55:08.729 playback: playhead is 0 ms AHEAD of the picture (playhead 24750 ms, picture 24750 ms)
16:55:08.882 playback: playhead is 50 ms AHEAD of the picture (playhead 24966 ms, picture 24916 ms)
16:55:08.935 playback: playhead is 1 ms AHEAD of the picture (playhead 25001 ms, picture 25000 ms)
16:55:08.977 playback: playhead is 42 ms AHEAD of the picture (playhead 25042 ms, picture 25000 ms)
16:55:09.023 playback: playhead is 0 ms AHEAD of the picture (playhead 25083 ms, picture 25083 ms)
16:55:09.120 playback: playhead is 48 ms AHEAD of the picture (playhead 25214 ms, picture 25166 ms)
16:55:09.169 playback: playhead is 0 ms AHEAD of the picture (playhead 25250 ms, picture 25250 ms)
16:55:09.215 playback: playhead is 48 ms AHEAD of the picture (playhead 25298 ms, picture 25250 ms)
16:55:09.263 playback: playhead is 0 ms AHEAD of the picture (playhead 25333 ms, picture 25333 ms)
16:55:09.312 playback: playhead is 47 ms AHEAD of the picture (playhead 25380 ms, picture 25333 ms)
16:55:09.370 playback: playhead is 0 ms AHEAD of the picture (playhead 25416 ms, picture 25416 ms)
16:55:09.465 playback: playhead is 47 ms AHEAD of the picture (playhead 25547 ms, picture 25500 ms)
16:55:09.513 playback: playhead is 0 ms AHEAD of the picture (playhead 25583 ms, picture 25583 ms)
16:55:09.561 playback: playhead is 47 ms AHEAD of the picture (playhead 25630 ms, picture 25583 ms)
16:55:09.615 playback: playhead is 0 ms AHEAD of the picture (playhead 25666 ms, picture 25666 ms)
16:55:09.712 playback: playhead is 48 ms AHEAD of the picture (playhead 25798 ms, picture 25750 ms)
16:55:09.768 playback: playhead is 0 ms AHEAD of the picture (playhead 25833 ms, picture 25833 ms)
16:55:09.864 playback: playhead is 44 ms AHEAD of the picture (playhead 25960 ms, picture 25916 ms)
16:55:09.912 playback: playhead is 0 ms AHEAD of the picture (playhead 26000 ms, picture 26000 ms)
16:55:10.209 playback: playhead is 49 ms AHEAD of the picture (playhead 26299 ms, picture 26250 ms)
16:55:10.301 playback: playhead is 0 ms AHEAD of the picture (playhead 26333 ms, picture 26333 ms)
16:55:10.455 playback: playhead is 49 ms AHEAD of the picture (playhead 26549 ms, picture 26500 ms)
16:55:10.504 playback: playhead is 0 ms AHEAD of the picture (playhead 26583 ms, picture 26583 ms)
16:55:10.552 playback: playhead is 46 ms AHEAD of the picture (playhead 26629 ms, picture 26583 ms)
16:55:10.597 playback: playhead is 0 ms AHEAD of the picture (playhead 26666 ms, picture 26666 ms)
16:55:10.812 playback: playhead is 48 ms AHEAD of the picture (playhead 26881 ms, picture 26833 ms)
16:55:10.858 playback: playhead is 0 ms AHEAD of the picture (playhead 26916 ms, picture 26916 ms)
16:55:10.968 playback: playhead is 53 ms AHEAD of the picture (playhead 27053 ms, picture 27000 ms)
16:55:11.008 playback: playhead is 0 ms AHEAD of the picture (playhead 27083 ms, picture 27083 ms)
16:55:11.056 playback: playhead is 49 ms AHEAD of the picture (playhead 27132 ms, picture 27083 ms)
16:55:11.105 playback: playhead is 0 ms AHEAD of the picture (playhead 27166 ms, picture 27166 ms)
16:55:11.199 playback: playhead is 45 ms AHEAD of the picture (playhead 27295 ms, picture 27250 ms)
16:55:11.256 playback: playhead is 0 ms AHEAD of the picture (playhead 27333 ms, picture 27333 ms)
16:55:11.296 playback: playhead is 40 ms AHEAD of the picture (playhead 27373 ms, picture 27333 ms)
16:55:11.344 playback: playhead is 0 ms AHEAD of the picture (playhead 27416 ms, picture 27416 ms)
16:55:11.455 playback: playhead is 46 ms AHEAD of the picture (playhead 27546 ms, picture 27500 ms)
16:55:11.495 playback: playing true -> false at playhead 27546 ms [+4745 ms] from MonitorPanel.qml:1868 (onClicked)
16:55:11.495 monitor: playing -> false at 27546
16:55:11.496 playback: session.stop decoder running, picture at 27583 ms [+1 ms] from MonitorPanel.qml:1003 (onPlayingChanged) <- MonitorPanel.qml:1868 (onClicked)
16:55:12.111 playback: playing false -> true at playhead 27546 ms [+615 ms] from MonitorPanel.qml:536 (startPlayback) <- MonitorPanel.qml:1870 (onClicked)
16:55:12.112 monitor: playing -> true at 27546
16:55:12.112 monitor: playback session at playhead 27546 clip clip_506631bb7f3d
16:55:12.112 playback: session.start The Weakest Boy Enters Demon Slayer Academy With a God’s Power - manhwa recap.mp4 at source 27546 ms, kind video [+0 ms] from MonitorPanel.qml:645 (startProcessPlayback) <- MonitorPanel.qml:968 (onPlayingChanged) <- MonitorPanel.qml:536 (startPlayback) <- MonitorPanel.qml:1870 (onClicked)
16:55:12.218 [mov,mp4,m4a,3gp,3g2,mj2 @ 00000164f7cfdf40] st: 1 edit list: 1 Missing key frame while searching for timestamp: 0
16:55:12.219 [mov,mp4,m4a,3gp,3g2,mj2 @ 00000164f7cfdf40] st: 1 edit list 1 Cannot find an index entry before timestamp: 0.
16:55:12.419 preview playback: first frame after 304 ms, at source 27583 ms (requested 27546 ms)
16:55:12.420 playback: frame at source 27583 ms, advanced 0 ms of media in 939 ms of wall clock
16:55:12.461 playback: playhead.jump 27546 -> 27750 ms (+204) [+349 ms] from MonitorPanel.qml:938 (onTriggered)
16:55:12.463 playback: playhead is 0 ms AHEAD of the picture (playhead 27750 ms, picture 27750 ms)
16:55:12.511 playback: playhead is 48 ms AHEAD of the picture (playhead 27798 ms, picture 27750 ms)
16:55:12.559 playback: playhead is 0 ms AHEAD of the picture (playhead 27833 ms, picture 27833 ms)
16:55:12.607 playback: playhead is 48 ms AHEAD of the picture (playhead 27881 ms, picture 27833 ms)
16:55:12.690 playback: playhead is 0 ms AHEAD of the picture (playhead 27916 ms, picture 27916 ms)
16:55:12.830 playback: playhead is 47 ms AHEAD of the picture (playhead 28130 ms, picture 28083 ms)
16:55:12.879 playback: playhead is 0 ms AHEAD of the picture (playhead 28166 ms, picture 28166 ms)
16:55:12.927 playback: playhead is 47 ms AHEAD of the picture (playhead 28213 ms, picture 28166 ms)
16:55:12.976 playback: playhead is 0 ms AHEAD of the picture (playhead 28250 ms, picture 28250 ms)
16:55:13.024 playback: playhead is 47 ms AHEAD of the picture (playhead 28297 ms, picture 28250 ms)
16:55:13.071 playback: playhead is 0 ms AHEAD of the picture (playhead 28333 ms, picture 28333 ms)
16:55:13.169 playback: playhead is 48 ms AHEAD of the picture (playhead 28464 ms, picture 28416 ms)
16:55:13.215 playback: playhead is 0 ms AHEAD of the picture (playhead 28500 ms, picture 28500 ms)
16:55:13.262 playback: playhead is 48 ms AHEAD of the picture (playhead 28548 ms, picture 28500 ms)
16:55:13.310 playback: playhead is 0 ms AHEAD of the picture (playhead 28583 ms, picture 28583 ms)
16:55:13.408 playback: playhead is 48 ms AHEAD of the picture (playhead 28714 ms, picture 28666 ms)
16:55:13.455 playback: playhead is 0 ms AHEAD of the picture (playhead 28750 ms, picture 28750 ms)
16:55:13.503 playback: playhead is 48 ms AHEAD of the picture (playhead 28798 ms, picture 28750 ms)
16:55:13.551 playback: playhead is 0 ms AHEAD of the picture (playhead 28833 ms, picture 28833 ms)
16:55:13.600 playback: playhead is 48 ms AHEAD of the picture (playhead 28881 ms, picture 28833 ms)
16:55:13.647 playback: playhead is 0 ms AHEAD of the picture (playhead 28916 ms, picture 28916 ms)
16:55:13.745 playback: playhead is 50 ms AHEAD of the picture (playhead 29050 ms, picture 29000 ms)
16:55:13.792 playback: playhead is 0 ms AHEAD of the picture (playhead 29083 ms, picture 29083 ms)
16:55:13.839 playback: playhead is 47 ms AHEAD of the picture (playhead 29130 ms, picture 29083 ms)
16:55:13.887 playback: playhead is 0 ms AHEAD of the picture (playhead 29166 ms, picture 29166 ms)
16:55:13.922 playback: playing true -> false at playhead 29166 ms [+1459 ms] from MonitorPanel.qml:1868 (onClicked)
16:55:13.922 monitor: playing -> false at 29166
16:55:13.922 playback: session.stop decoder running, picture at 29166 ms [+0 ms] from MonitorPanel.qml:1003 (onPlayingChanged) <- MonitorPanel.qml:1868 (onClicked)
16:55:14.604 playback: playing false -> true at playhead 29166 ms [+682 ms] from MonitorPanel.qml:536 (startPlayback) <- MonitorPanel.qml:1870 (onClicked)
16:55:14.604 monitor: playing -> true at 29166
16:55:14.604 monitor: playback session at playhead 29166 clip clip_506631bb7f3d
16:55:14.604 playback: session.start The Weakest Boy Enters Demon Slayer Academy With a God’s Power - manhwa recap.mp4 at source 29166 ms, kind video [+1 ms] from MonitorPanel.qml:645 (startProcessPlayback) <- MonitorPanel.qml:968 (onPlayingChanged) <- MonitorPanel.qml:536 (startPlayback) <- MonitorPanel.qml:1870 (onClicked)
16:55:14.653 [mov,mp4,m4a,3gp,3g2,mj2 @ 00000164f7cfd700] st: 1 edit list: 1 Missing key frame while searching for timestamp: 0
16:55:14.653 [mov,mp4,m4a,3gp,3g2,mj2 @ 00000164f7cfd700] st: 1 edit list 1 Cannot find an index entry before timestamp: 0.
16:55:14.889 preview playback: first frame after 281 ms, at source 29166 ms (requested 29166 ms)
16:55:14.890 playback: frame at source 29166 ms, advanced 0 ms of media in 1034 ms of wall clock
16:55:14.936 playback: playhead is 0 ms AHEAD of the picture (playhead 29250 ms, picture 29250 ms)
16:55:14.983 playback: playhead.jump 29250 -> 29416 ms (+166) [+377 ms] from MonitorPanel.qml:938 (onTriggered)
16:55:15.080 playback: playhead is 47 ms AHEAD of the picture (playhead 29547 ms, picture 29500 ms)
16:55:15.129 playback: playhead is 0 ms AHEAD of the picture (playhead 29583 ms, picture 29583 ms)
16:55:15.176 playback: playhead is 47 ms AHEAD of the picture (playhead 29630 ms, picture 29583 ms)
16:55:15.222 playback: playhead is 0 ms AHEAD of the picture (playhead 29666 ms, picture 29666 ms)
16:55:15.271 playback: playhead is 48 ms AHEAD of the picture (playhead 29714 ms, picture 29666 ms)
16:55:15.319 playback: playhead is 0 ms AHEAD of the picture (playhead 29750 ms, picture 29750 ms)
16:55:15.379 playback: playing true -> false at playhead 29834 ms [+397 ms] from MonitorPanel.qml:1868 (onClicked)
16:55:15.379 monitor: playing -> false at 29834
16:55:15.483 playback: session.stop decoder idle, picture at 29833 ms [+103 ms] from MonitorPanel.qml:1003 (onPlayingChanged) <- MonitorPanel.qml:1868 (onClicked)
16:55:15.930 playback: playing false -> true at playhead 29833 ms [+447 ms] from MonitorPanel.qml:536 (startPlayback) <- MonitorPanel.qml:1870 (onClicked)
16:55:15.930 monitor: playing -> true at 29833
16:55:15.930 monitor: playback session at playhead 29833 clip clip_506631bb7f3d
16:55:15.931 playback: session.start The Weakest Boy Enters Demon Slayer Academy With a God’s Power - manhwa recap.mp4 at source 29833 ms, kind video [+0 ms] from MonitorPanel.qml:645 (startProcessPlayback) <- MonitorPanel.qml:968 (onPlayingChanged) <- MonitorPanel.qml:536 (startPlayback) <- MonitorPanel.qml:1870 (onClicked)
16:55:15.977 [mov,mp4,m4a,3gp,3g2,mj2 @ 00000164f7cfd700] st: 1 edit list: 1 Missing key frame while searching for timestamp: 0
16:55:15.977 [mov,mp4,m4a,3gp,3g2,mj2 @ 00000164f7cfd700] st: 1 edit list 1 Cannot find an index entry before timestamp: 0.
16:55:16.213 preview playback: first frame after 279 ms, at source 29833 ms (requested 29833 ms)
16:55:16.213 playback: frame at source 29833 ms, advanced 0 ms of media in 850 ms of wall clock
16:55:16.287 playback: playhead.jump 29916 -> 30083 ms (+167) [+356 ms] from MonitorPanel.qml:938 (onTriggered)
16:55:16.335 playback: playhead is 46 ms AHEAD of the picture (playhead 30129 ms, picture 30083 ms)
16:55:16.384 playback: playhead is 0 ms AHEAD of the picture (playhead 30166 ms, picture 30166 ms)
16:55:16.431 playback: playhead is 48 ms AHEAD of the picture (playhead 30214 ms, picture 30166 ms)
16:55:16.479 playback: playhead is 0 ms AHEAD of the picture (playhead 30250 ms, picture 30250 ms)
16:55:16.527 playback: playhead is 48 ms AHEAD of the picture (playhead 30298 ms, picture 30250 ms)
16:55:16.576 playback: playhead is 1 ms AHEAD of the picture (playhead 30334 ms, picture 30333 ms)
16:55:16.696 playback: playhead is 73 ms AHEAD of the picture (playhead 30489 ms, picture 30416 ms)
16:55:16.743 playback: playhead is 0 ms AHEAD of the picture (playhead 30500 ms, picture 30500 ms)
16:55:16.839 playback: playhead is 47 ms AHEAD of the picture (playhead 30630 ms, picture 30583 ms)
16:55:16.887 playback: playhead is 0 ms AHEAD of the picture (playhead 30666 ms, picture 30666 ms)
16:55:16.935 playback: playhead is 48 ms AHEAD of the picture (playhead 30714 ms, picture 30666 ms)
16:55:16.984 playback: playhead is 0 ms AHEAD of the picture (playhead 30750 ms, picture 30750 ms)
16:55:17.031 playback: playhead is 47 ms AHEAD of the picture (playhead 30797 ms, picture 30750 ms)
16:55:17.079 playback: playhead is 0 ms AHEAD of the picture (playhead 30833 ms, picture 30833 ms)
16:55:17.176 playback: playhead is 48 ms AHEAD of the picture (playhead 30964 ms, picture 30916 ms)
16:55:17.222 playback: playhead is 0 ms AHEAD of the picture (playhead 31000 ms, picture 31000 ms)
16:55:17.270 playback: playhead is 48 ms AHEAD of the picture (playhead 31048 ms, picture 31000 ms)
16:55:17.319 playback: playhead is 0 ms AHEAD of the picture (playhead 31083 ms, picture 31083 ms)
16:55:17.368 playback: playhead is 49 ms AHEAD of the picture (playhead 31132 ms, picture 31083 ms)
16:55:17.415 playback: playhead is 0 ms AHEAD of the picture (playhead 31166 ms, picture 31166 ms)
16:55:17.512 playback: playhead is 47 ms AHEAD of the picture (playhead 31297 ms, picture 31250 ms)
16:55:17.545 playback: playing true -> false at playhead 31297 ms [+1257 ms] from MonitorPanel.qml:1868 (onClicked)
16:55:17.546 monitor: playing -> false at 31297
16:55:17.546 playback: session.stop decoder running, picture at 31333 ms [+0 ms] from MonitorPanel.qml:1003 (onPlayingChanged) <- MonitorPanel.qml:1868 (onClicked)
16:55:17.953 playback: playing false -> true at playhead 31297 ms [+407 ms] from MonitorPanel.qml:536 (startPlayback) <- MonitorPanel.qml:1870 (onClicked)
16:55:17.953 monitor: playing -> true at 31297
16:55:17.953 monitor: playback session at playhead 31297 clip clip_506631bb7f3d
16:55:17.953 playback: session.start The Weakest Boy Enters Demon Slayer Academy With a God’s Power - manhwa recap.mp4 at source 31297 ms, kind video [+0 ms] from MonitorPanel.qml:645 (startProcessPlayback) <- MonitorPanel.qml:968 (onPlayingChanged) <- MonitorPanel.qml:536 (startPlayback) <- MonitorPanel.qml:1870 (onClicked)
16:55:18.009 [mov,mp4,m4a,3gp,3g2,mj2 @ 00000164f7cfd700] st: 1 edit list: 1 Missing key frame while searching for timestamp: 0
16:55:18.009 [mov,mp4,m4a,3gp,3g2,mj2 @ 00000164f7cfd700] st: 1 edit list 1 Cannot find an index entry before timestamp: 0.
16:55:18.289 preview playback: first frame after 332 ms, at source 31333 ms (requested 31297 ms)
16:55:18.289 playback: frame at source 31333 ms, advanced 0 ms of media in 755 ms of wall clock
16:55:18.303 playback: playhead is 0 ms AHEAD of the picture (playhead 31333 ms, picture 31333 ms)
16:55:18.351 playback: playhead.jump 31333 -> 31583 ms (+250) [+396 ms] from MonitorPanel.qml:938 (onTriggered)
16:55:18.447 playback: playhead is 45 ms AHEAD of the picture (playhead 31711 ms, picture 31666 ms)
16:55:18.495 playback: playhead is 0 ms AHEAD of the picture (playhead 31750 ms, picture 31750 ms)
16:55:18.543 playback: playhead is 47 ms AHEAD of the picture (playhead 31797 ms, picture 31750 ms)
16:55:18.592 playback: playhead is 0 ms AHEAD of the picture (playhead 31833 ms, picture 31833 ms)
16:55:18.638 playback: playhead is 47 ms AHEAD of the picture (playhead 31880 ms, picture 31833 ms)
16:55:18.719 playback: playhead is 0 ms AHEAD of the picture (playhead 31916 ms, picture 31916 ms)
16:55:18.865 playback: playhead is 47 ms AHEAD of the picture (playhead 32130 ms, picture 32083 ms)
16:55:18.914 playback: playhead is 0 ms AHEAD of the picture (playhead 32166 ms, picture 32166 ms)
16:55:18.959 playback: playhead is 45 ms AHEAD of the picture (playhead 32211 ms, picture 32166 ms)
16:55:19.007 playback: playhead is 0 ms AHEAD of the picture (playhead 32250 ms, picture 32250 ms)
16:55:19.056 playback: playhead is 49 ms AHEAD of the picture (playhead 32299 ms, picture 32250 ms)
16:55:19.130 playback: playhead is 0 ms AHEAD of the picture (playhead 32333 ms, picture 32333 ms)
16:55:19.279 playback: playhead is 47 ms AHEAD of the picture (playhead 32547 ms, picture 32500 ms)
16:55:19.328 playback: playhead is 0 ms AHEAD of the picture (playhead 32583 ms, picture 32583 ms)
16:55:19.379 playback: playhead is 53 ms AHEAD of the picture (playhead 32636 ms, picture 32583 ms)
16:55:19.422 playback: playhead is 0 ms AHEAD of the picture (playhead 32666 ms, picture 32666 ms)
16:55:19.481 playback: playhead is 50 ms AHEAD of the picture (playhead 32716 ms, picture 32666 ms)
16:55:19.519 playback: playhead is 0 ms AHEAD of the picture (playhead 32750 ms, picture 32750 ms)
16:55:19.623 playback: playhead is 51 ms AHEAD of the picture (playhead 32884 ms, picture 32833 ms)
16:55:19.671 playback: playhead is 0 ms AHEAD of the picture (playhead 32916 ms, picture 32916 ms)
16:55:19.718 playback: playhead is 48 ms AHEAD of the picture (playhead 32964 ms, picture 32916 ms)
16:55:19.767 playback: playhead is 0 ms AHEAD of the picture (playhead 33000 ms, picture 33000 ms)
16:55:19.862 playback: playhead is 47 ms AHEAD of the picture (playhead 33130 ms, picture 33083 ms)
16:55:19.913 playback: playhead is 0 ms AHEAD of the picture (playhead 33166 ms, picture 33166 ms)
16:55:19.959 playback: playhead is 47 ms AHEAD of the picture (playhead 33213 ms, picture 33166 ms)
16:55:20.006 playback: playhead is 0 ms AHEAD of the picture (playhead 33250 ms, picture 33250 ms)
16:55:20.055 playback: playhead is 48 ms AHEAD of the picture (playhead 33298 ms, picture 33250 ms)
16:55:20.104 playback: playhead is 0 ms AHEAD of the picture (playhead 33333 ms, picture 33333 ms)
16:55:20.200 playback: playhead is 48 ms AHEAD of the picture (playhead 33464 ms, picture 33416 ms)
16:55:20.246 playback: playhead is 0 ms AHEAD of the picture (playhead 33500 ms, picture 33500 ms)
16:55:20.294 playback: playhead is 48 ms AHEAD of the picture (playhead 33548 ms, picture 33500 ms)
16:55:20.344 playback: playhead is 0 ms AHEAD of the picture (playhead 33583 ms, picture 33583 ms)
16:55:20.392 playback: playhead is 49 ms AHEAD of the picture (playhead 33632 ms, picture 33583 ms)
16:55:20.440 playback: playhead is 0 ms AHEAD of the picture (playhead 33666 ms, picture 33666 ms)
16:55:20.536 playback: playhead is 47 ms AHEAD of the picture (playhead 33797 ms, picture 33750 ms)
16:55:20.584 playback: playhead is 0 ms AHEAD of the picture (playhead 33833 ms, picture 33833 ms)
16:55:20.631 playback: playhead is 48 ms AHEAD of the picture (playhead 33881 ms, picture 33833 ms)
16:55:20.727 playback: playhead is 0 ms AHEAD of the picture (playhead 33916 ms, picture 33916 ms)
16:55:20.871 playback: playhead is 49 ms AHEAD of the picture (playhead 34132 ms, picture 34083 ms)
16:55:20.921 playback: playhead is 0 ms AHEAD of the picture (playhead 34166 ms, picture 34166 ms)
16:55:20.968 playback: playhead is 47 ms AHEAD of the picture (playhead 34213 ms, picture 34166 ms)
16:55:21.014 playback: playhead is 0 ms AHEAD of the picture (playhead 34250 ms, picture 34250 ms)
16:55:21.112 playback: playhead is 48 ms AHEAD of the picture (playhead 34381 ms, picture 34333 ms)
16:55:21.160 playback: playhead is 0 ms AHEAD of the picture (playhead 34416 ms, picture 34416 ms)
16:55:21.207 playback: playhead is 46 ms AHEAD of the picture (playhead 34462 ms, picture 34416 ms)
16:55:21.254 playback: playhead is 0 ms AHEAD of the picture (playhead 34500 ms, picture 34500 ms)
16:55:21.307 playback: playhead is 51 ms AHEAD of the picture (playhead 34551 ms, picture 34500 ms)
16:55:21.353 playback: playhead is 0 ms AHEAD of the picture (playhead 34583 ms, picture 34583 ms)
16:55:21.448 playback: playhead is 49 ms AHEAD of the picture (playhead 34715 ms, picture 34666 ms)
16:55:21.497 playback: playhead is 0 ms AHEAD of the picture (playhead 34750 ms, picture 34750 ms)
16:55:21.545 playback: playhead is 48 ms AHEAD of the picture (playhead 34798 ms, picture 34750 ms)
16:55:21.591 playback: playhead is 0 ms AHEAD of the picture (playhead 34833 ms, picture 34833 ms)
16:55:21.638 playback: playhead is 47 ms AHEAD of the picture (playhead 34880 ms, picture 34833 ms)
16:55:21.686 playback: playhead is 0 ms AHEAD of the picture (playhead 34916 ms, picture 34916 ms)
16:55:21.784 playback: playhead is 47 ms AHEAD of the picture (playhead 35047 ms, picture 35000 ms)
16:55:21.831 playback: playhead is 0 ms AHEAD of the picture (playhead 35083 ms, picture 35083 ms)
16:55:21.879 playback: playhead is 48 ms AHEAD of the picture (playhead 35131 ms, picture 35083 ms)
16:55:21.927 playback: playhead is 0 ms AHEAD of the picture (playhead 35166 ms, picture 35166 ms)
16:55:21.984 playback: playhead is 48 ms AHEAD of the picture (playhead 35214 ms, picture 35166 ms)
16:55:22.026 playback: playhead is 0 ms AHEAD of the picture (playhead 35250 ms, picture 35250 ms)
16:55:22.121 playback: playhead is 48 ms AHEAD of the picture (playhead 35381 ms, picture 35333 ms)
16:55:22.168 playback: playhead is 0 ms AHEAD of the picture (playhead 35416 ms, picture 35416 ms)
16:55:22.216 playback: playhead is 48 ms AHEAD of the picture (playhead 35464 ms, picture 35416 ms)
16:55:22.263 playback: playhead is 0 ms AHEAD of the picture (playhead 35500 ms, picture 35500 ms)
16:55:22.311 playback: playhead is 49 ms AHEAD of the picture (playhead 35549 ms, picture 35500 ms)
16:55:22.360 playback: playhead is 0 ms AHEAD of the picture (playhead 35583 ms, picture 35583 ms)
16:55:22.455 playback: playhead is 48 ms AHEAD of the picture (playhead 35714 ms, picture 35666 ms)
16:55:22.503 playback: playhead is 0 ms AHEAD of the picture (playhead 35750 ms, picture 35750 ms)
16:55:22.551 playback: playhead is 49 ms AHEAD of the picture (playhead 35799 ms, picture 35750 ms)
16:55:22.599 playback: playhead is 0 ms AHEAD of the picture (playhead 35833 ms, picture 35833 ms)
16:55:22.784 playback: playhead is 48 ms AHEAD of the picture (playhead 36048 ms, picture 36000 ms)
16:55:22.832 playback: playhead is 0 ms AHEAD of the picture (playhead 36083 ms, picture 36083 ms)
16:55:22.880 playback: playhead is 48 ms AHEAD of the picture (playhead 36131 ms, picture 36083 ms)
16:55:22.929 playback: playhead is 0 ms AHEAD of the picture (playhead 36166 ms, picture 36166 ms)
16:55:22.975 playback: playhead is 47 ms AHEAD of the picture (playhead 36213 ms, picture 36166 ms)
16:55:23.027 playback: playhead is 1 ms AHEAD of the picture (playhead 36251 ms, picture 36250 ms)
16:55:23.121 playback: playhead is 49 ms AHEAD of the picture (playhead 36382 ms, picture 36333 ms)
16:55:23.168 playback: playhead is 0 ms AHEAD of the picture (playhead 36416 ms, picture 36416 ms)
16:55:23.216 playback: playhead is 47 ms AHEAD of the picture (playhead 36463 ms, picture 36416 ms)
16:55:23.263 playback: playhead is 0 ms AHEAD of the picture (playhead 36500 ms, picture 36500 ms)
16:55:23.368 playback: playhead is 48 ms AHEAD of the picture (playhead 36631 ms, picture 36583 ms)
16:55:23.417 playback: playhead is 0 ms AHEAD of the picture (playhead 36666 ms, picture 36666 ms)
16:55:23.463 playback: playhead is 46 ms AHEAD of the picture (playhead 36712 ms, picture 36666 ms)
16:55:23.511 playback: playhead is 0 ms AHEAD of the picture (playhead 36750 ms, picture 36750 ms)
16:55:23.560 playback: playhead is 49 ms AHEAD of the picture (playhead 36799 ms, picture 36750 ms)
16:55:23.607 playback: playhead is 0 ms AHEAD of the picture (playhead 36833 ms, picture 36833 ms)
16:55:23.704 playback: playhead is 47 ms AHEAD of the picture (playhead 36963 ms, picture 36916 ms)
16:55:23.751 playback: playhead is 0 ms AHEAD of the picture (playhead 37000 ms, picture 37000 ms)
16:55:23.805 playback: playhead is 52 ms AHEAD of the picture (playhead 37052 ms, picture 37000 ms)
16:55:23.846 playback: playhead is 0 ms AHEAD of the picture (playhead 37083 ms, picture 37083 ms)
16:55:23.894 playback: playhead is 48 ms AHEAD of the picture (playhead 37131 ms, picture 37083 ms)
16:55:23.943 playback: playhead is 0 ms AHEAD of the picture (playhead 37166 ms, picture 37166 ms)
16:55:24.039 playback: playhead is 47 ms AHEAD of the picture (playhead 37297 ms, picture 37250 ms)
16:55:24.087 playback: playhead is 0 ms AHEAD of the picture (playhead 37333 ms, picture 37333 ms)
16:55:24.136 playback: playhead is 48 ms AHEAD of the picture (playhead 37381 ms, picture 37333 ms)
16:55:24.184 playback: playhead is 0 ms AHEAD of the picture (playhead 37416 ms, picture 37416 ms)
16:55:24.278 playback: playhead is 46 ms AHEAD of the picture (playhead 37546 ms, picture 37500 ms)
16:55:24.328 playback: playhead is 0 ms AHEAD of the picture (playhead 37583 ms, picture 37583 ms)
16:55:24.376 playback: playhead is 49 ms AHEAD of the picture (playhead 37632 ms, picture 37583 ms)
16:55:24.424 playback: playhead is 0 ms AHEAD of the picture (playhead 37666 ms, picture 37666 ms)
16:55:24.479 playback: playhead is 47 ms AHEAD of the picture (playhead 37713 ms, picture 37666 ms)
16:55:24.520 playback: playhead is 0 ms AHEAD of the picture (playhead 37750 ms, picture 37750 ms)
16:55:24.615 playback: playhead is 48 ms AHEAD of the picture (playhead 37881 ms, picture 37833 ms)
16:55:24.711 playback: playhead is 0 ms AHEAD of the picture (playhead 37916 ms, picture 37916 ms)
16:55:24.811 playback: playhead is 49 ms AHEAD of the picture (playhead 38049 ms, picture 38000 ms)
16:55:24.856 playback: playhead is 0 ms AHEAD of the picture (playhead 38083 ms, picture 38083 ms)
16:55:24.951 playback: playhead is 48 ms AHEAD of the picture (playhead 38214 ms, picture 38166 ms)
16:55:24.998 playback: playhead is 0 ms AHEAD of the picture (playhead 38250 ms, picture 38250 ms)
16:55:25.046 playback: playhead is 49 ms AHEAD of the picture (playhead 38299 ms, picture 38250 ms)
16:55:25.095 playback: playhead is 0 ms AHEAD of the picture (playhead 38333 ms, picture 38333 ms)
16:55:25.144 playback: playhead is 49 ms AHEAD of the picture (playhead 38382 ms, picture 38333 ms)
16:55:25.200 playback: playhead is 0 ms AHEAD of the picture (playhead 38416 ms, picture 38416 ms)
16:55:25.301 playback: playhead is 46 ms AHEAD of the picture (playhead 38546 ms, picture 38500 ms)
16:55:25.360 playback: playhead is 0 ms AHEAD of the picture (playhead 38583 ms, picture 38583 ms)
16:55:25.463 playback: playhead is 56 ms AHEAD of the picture (playhead 38722 ms, picture 38666 ms)
16:55:25.513 playback: playhead is 0 ms AHEAD of the picture (playhead 38750 ms, picture 38750 ms)
16:55:25.560 playback: playhead is 47 ms AHEAD of the picture (playhead 38797 ms, picture 38750 ms)
16:55:25.616 playback: playhead is 0 ms AHEAD of the picture (playhead 38833 ms, picture 38833 ms)
16:55:25.721 playback: playhead is 44 ms AHEAD of the picture (playhead 38960 ms, picture 38916 ms)
16:55:25.784 playback: playhead is 0 ms AHEAD of the picture (playhead 39000 ms, picture 39000 ms)
16:55:25.871 playback: playhead is 46 ms AHEAD of the picture (playhead 39129 ms, picture 39083 ms)
16:55:25.921 playback: playhead is 0 ms AHEAD of the picture (playhead 39166 ms, picture 39166 ms)
16:55:25.968 playback: playhead is 47 ms AHEAD of the picture (playhead 39213 ms, picture 39166 ms)
16:55:26.016 playback: playhead is 0 ms AHEAD of the picture (playhead 39250 ms, picture 39250 ms)
16:55:26.120 playback: playhead is 53 ms AHEAD of the picture (playhead 39386 ms, picture 39333 ms)
16:55:26.170 playback: playhead is 0 ms AHEAD of the picture (playhead 39416 ms, picture 39416 ms)
16:55:26.216 playback: playhead is 46 ms AHEAD of the picture (playhead 39462 ms, picture 39416 ms)
16:55:26.263 playback: playhead is 0 ms AHEAD of the picture (playhead 39500 ms, picture 39500 ms)
16:55:26.313 playback: playhead is 50 ms AHEAD of the picture (playhead 39550 ms, picture 39500 ms)
16:55:26.360 playback: playhead is 0 ms AHEAD of the picture (playhead 39583 ms, picture 39583 ms)
16:55:26.455 playback: playhead is 47 ms AHEAD of the picture (playhead 39713 ms, picture 39666 ms)
16:55:26.504 playback: playhead is 0 ms AHEAD of the picture (playhead 39750 ms, picture 39750 ms)
16:55:26.554 playback: playhead is 50 ms AHEAD of the picture (playhead 39800 ms, picture 39750 ms)
16:55:26.608 playback: playhead is 0 ms AHEAD of the picture (playhead 39833 ms, picture 39833 ms)
16:55:26.800 playback: playhead is 48 ms AHEAD of the picture (playhead 40048 ms, picture 40000 ms)
16:55:26.847 playback: playhead is 0 ms AHEAD of the picture (playhead 40083 ms, picture 40083 ms)
16:55:26.895 playback: playhead is 48 ms AHEAD of the picture (playhead 40131 ms, picture 40083 ms)
16:55:26.952 playback: playhead is 0 ms AHEAD of the picture (playhead 40166 ms, picture 40166 ms)
16:55:27.048 playback: playhead is 48 ms AHEAD of the picture (playhead 40298 ms, picture 40250 ms)
16:55:27.101 playback: playhead is 0 ms AHEAD of the picture (playhead 40333 ms, picture 40333 ms)
16:55:27.144 playback: playhead is 49 ms AHEAD of the picture (playhead 40382 ms, picture 40333 ms)
16:55:27.193 playback: playhead is 0 ms AHEAD of the picture (playhead 40416 ms, picture 40416 ms)
16:55:27.288 playback: playhead is 49 ms AHEAD of the picture (playhead 40549 ms, picture 40500 ms)
16:55:27.335 playback: playhead is 1 ms AHEAD of the picture (playhead 40584 ms, picture 40583 ms)
16:55:27.392 playback: playhead is 56 ms AHEAD of the picture (playhead 40639 ms, picture 40583 ms)
16:55:27.432 playback: playhead is 1 ms AHEAD of the picture (playhead 40667 ms, picture 40666 ms)
16:55:27.481 playback: playhead is 49 ms AHEAD of the picture (playhead 40715 ms, picture 40666 ms)
16:55:27.528 playback: playhead is 0 ms AHEAD of the picture (playhead 40750 ms, picture 40750 ms)
16:55:27.623 playback: playhead is 42 ms AHEAD of the picture (playhead 40875 ms, picture 40833 ms)
16:55:27.671 playback: playhead is 0 ms AHEAD of the picture (playhead 40916 ms, picture 40916 ms)
16:55:27.720 playback: playhead is 49 ms AHEAD of the picture (playhead 40965 ms, picture 40916 ms)
16:55:27.779 playback: playhead is 0 ms AHEAD of the picture (playhead 41000 ms, picture 41000 ms)
16:55:27.871 playback: playhead is 48 ms AHEAD of the picture (playhead 41131 ms, picture 41083 ms)
16:55:27.928 playback: playhead is 0 ms AHEAD of the picture (playhead 41166 ms, picture 41166 ms)
16:55:28.041 playback: playhead is 55 ms AHEAD of the picture (playhead 41305 ms, picture 41250 ms)
16:55:28.094 playback: playhead is 0 ms AHEAD of the picture (playhead 41333 ms, picture 41333 ms)
16:55:28.137 playback: playhead is 44 ms AHEAD of the picture (playhead 41377 ms, picture 41333 ms)
16:55:28.184 playback: playhead is 0 ms AHEAD of the picture (playhead 41416 ms, picture 41416 ms)
16:55:28.230 playback: playhead is 48 ms AHEAD of the picture (playhead 41464 ms, picture 41416 ms)
16:55:28.280 playback: playhead is 0 ms AHEAD of the picture (playhead 41500 ms, picture 41500 ms)
16:55:28.379 playback: playhead is 47 ms AHEAD of the picture (playhead 41630 ms, picture 41583 ms)
16:55:28.435 playback: playhead is 0 ms AHEAD of the picture (playhead 41666 ms, picture 41666 ms)
16:55:28.479 playback: playhead is 45 ms AHEAD of the picture (playhead 41711 ms, picture 41666 ms)
16:55:28.531 playback: playhead is 0 ms AHEAD of the picture (playhead 41750 ms, picture 41750 ms)
16:55:28.634 playback: playhead is 48 ms AHEAD of the picture (playhead 41881 ms, picture 41833 ms)
16:55:28.727 playback: playhead is 0 ms AHEAD of the picture (playhead 41916 ms, picture 41916 ms)
16:55:28.883 playback: playhead is 58 ms AHEAD of the picture (playhead 42141 ms, picture 42083 ms)
16:55:28.928 playback: playhead is 0 ms AHEAD of the picture (playhead 42166 ms, picture 42166 ms)
16:55:28.976 playback: playhead is 47 ms AHEAD of the picture (playhead 42213 ms, picture 42166 ms)
16:55:29.039 playback: playhead is 1 ms AHEAD of the picture (playhead 42251 ms, picture 42250 ms)
16:55:29.135 playback: playhead is 49 ms AHEAD of the picture (playhead 42382 ms, picture 42333 ms)
16:55:29.175 playback: playhead is 0 ms AHEAD of the picture (playhead 42416 ms, picture 42416 ms)
16:55:29.223 playback: playhead is 48 ms AHEAD of the picture (playhead 42464 ms, picture 42416 ms)
16:55:29.271 playback: playhead is 0 ms AHEAD of the picture (playhead 42500 ms, picture 42500 ms)
16:55:29.368 playback: playhead is 49 ms AHEAD of the picture (playhead 42632 ms, picture 42583 ms)
16:55:29.417 playback: playhead is 0 ms AHEAD of the picture (playhead 42666 ms, picture 42666 ms)
16:55:29.463 playback: playhead is 47 ms AHEAD of the picture (playhead 42713 ms, picture 42666 ms)
16:55:29.511 playback: playhead is 0 ms AHEAD of the picture (playhead 42750 ms, picture 42750 ms)
16:55:29.560 playback: playhead is 47 ms AHEAD of the picture (playhead 42797 ms, picture 42750 ms)
16:55:29.616 playback: playhead is 0 ms AHEAD of the picture (playhead 42833 ms, picture 42833 ms)
16:55:29.713 playback: playhead is 48 ms AHEAD of the picture (playhead 42964 ms, picture 42916 ms)
16:55:29.761 playback: playhead is 0 ms AHEAD of the picture (playhead 43000 ms, picture 43000 ms)
16:55:29.809 playback: playhead is 49 ms AHEAD of the picture (playhead 43049 ms, picture 43000 ms)
16:55:29.856 playback: playhead is 0 ms AHEAD of the picture (playhead 43083 ms, picture 43083 ms)
16:55:29.952 playback: playhead is 47 ms AHEAD of the picture (playhead 43213 ms, picture 43166 ms)
16:55:30.000 playback: playhead is 0 ms AHEAD of the picture (playhead 43250 ms, picture 43250 ms)
16:55:30.048 playback: playhead is 48 ms AHEAD of the picture (playhead 43298 ms, picture 43250 ms)
16:55:30.095 playback: playhead is 0 ms AHEAD of the picture (playhead 43333 ms, picture 43333 ms)
16:55:30.145 playback: playhead is 48 ms AHEAD of the picture (playhead 43381 ms, picture 43333 ms)
16:55:30.193 playback: playhead is 0 ms AHEAD of the picture (playhead 43416 ms, picture 43416 ms)
16:55:30.290 playback: playhead is 51 ms AHEAD of the picture (playhead 43551 ms, picture 43500 ms)
16:55:30.336 playback: playhead is 0 ms AHEAD of the picture (playhead 43583 ms, picture 43583 ms)
16:55:30.385 playback: playhead is 48 ms AHEAD of the picture (playhead 43631 ms, picture 43583 ms)
16:55:30.431 playback: playhead is 0 ms AHEAD of the picture (playhead 43666 ms, picture 43666 ms)
16:55:30.537 playback: playhead is 46 ms AHEAD of the picture (playhead 43796 ms, picture 43750 ms)
16:55:30.595 playback: playhead is 0 ms AHEAD of the picture (playhead 43833 ms, picture 43833 ms)
16:55:30.640 playback: playhead is 45 ms AHEAD of the picture (playhead 43878 ms, picture 43833 ms)
16:55:30.733 playback: playhead.jump 43878 -> 44000 ms (+122) [+12381 ms] from MonitorPanel.qml:938 (onTriggered)
16:55:30.737 playback: playhead is 0 ms AHEAD of the picture (playhead 44000 ms, picture 44000 ms)
16:55:30.793 playback: playhead is 60 ms AHEAD of the picture (playhead 44060 ms, picture 44000 ms)
16:55:30.840 playback: playhead is 0 ms AHEAD of the picture (playhead 44083 ms, picture 44083 ms)
16:55:30.888 playback: playhead is 48 ms AHEAD of the picture (playhead 44131 ms, picture 44083 ms)
16:55:30.936 playback: playhead is 0 ms AHEAD of the picture (playhead 44166 ms, picture 44166 ms)
16:55:31.033 playback: playhead is 46 ms AHEAD of the picture (playhead 44296 ms, picture 44250 ms)
16:55:31.086 playback: playhead is 0 ms AHEAD of the picture (playhead 44333 ms, picture 44333 ms)
16:55:31.128 playback: playhead is 42 ms AHEAD of the picture (playhead 44375 ms, picture 44333 ms)
16:55:31.185 playback: playhead is 0 ms AHEAD of the picture (playhead 44416 ms, picture 44416 ms)
16:55:31.382 playback: playhead is 55 ms AHEAD of the picture (playhead 44638 ms, picture 44583 ms)
16:55:31.431 playback: playhead is 1 ms AHEAD of the picture (playhead 44667 ms, picture 44666 ms)
16:55:31.529 playback: playhead is 48 ms AHEAD of the picture (playhead 44798 ms, picture 44750 ms)
16:55:31.585 playback: playhead is 0 ms AHEAD of the picture (playhead 44833 ms, picture 44833 ms)
16:55:31.633 playback: playhead is 46 ms AHEAD of the picture (playhead 44879 ms, picture 44833 ms)
16:55:31.679 playback: playhead is 0 ms AHEAD of the picture (playhead 44916 ms, picture 44916 ms)
16:55:31.785 playback: playhead is 55 ms AHEAD of the picture (playhead 45055 ms, picture 45000 ms)
16:55:31.832 playback: playhead is 0 ms AHEAD of the picture (playhead 45083 ms, picture 45083 ms)
16:55:31.881 playback: playhead is 49 ms AHEAD of the picture (playhead 45132 ms, picture 45083 ms)
16:55:31.927 playback: playhead is 0 ms AHEAD of the picture (playhead 45166 ms, picture 45166 ms)
16:55:31.976 playback: playhead is 48 ms AHEAD of the picture (playhead 45214 ms, picture 45166 ms)
16:55:32.026 playback: playhead is 0 ms AHEAD of the picture (playhead 45250 ms, picture 45250 ms)
16:55:32.120 playback: playhead is 48 ms AHEAD of the picture (playhead 45381 ms, picture 45333 ms)
16:55:32.168 playback: playhead is 0 ms AHEAD of the picture (playhead 45416 ms, picture 45416 ms)
16:55:32.226 playback: playhead is 47 ms AHEAD of the picture (playhead 45463 ms, picture 45416 ms)
16:55:32.265 playback: playhead is 0 ms AHEAD of the picture (playhead 45500 ms, picture 45500 ms)
16:55:32.311 playback: playhead is 48 ms AHEAD of the picture (playhead 45548 ms, picture 45500 ms)
16:55:32.360 playback: playhead is 0 ms AHEAD of the picture (playhead 45583 ms, picture 45583 ms)
16:55:32.455 playback: playhead is 47 ms AHEAD of the picture (playhead 45713 ms, picture 45666 ms)
16:55:32.504 playback: playhead is 0 ms AHEAD of the picture (playhead 45750 ms, picture 45750 ms)
16:55:32.552 playback: playhead is 49 ms AHEAD of the picture (playhead 45799 ms, picture 45750 ms)
16:55:32.610 playback: playhead is 0 ms AHEAD of the picture (playhead 45833 ms, picture 45833 ms)
16:55:32.800 playback: playhead is 47 ms AHEAD of the picture (playhead 46047 ms, picture 46000 ms)
16:55:32.846 playback: playhead is 0 ms AHEAD of the picture (playhead 46083 ms, picture 46083 ms)
16:55:32.894 playback: playhead is 49 ms AHEAD of the picture (playhead 46132 ms, picture 46083 ms)
16:55:32.943 playback: playhead is 0 ms AHEAD of the picture (playhead 46166 ms, picture 46166 ms)
16:55:33.041 playback: playhead is 43 ms AHEAD of the picture (playhead 46293 ms, picture 46250 ms)
16:55:33.088 playback: playhead is 0 ms AHEAD of the picture (playhead 46333 ms, picture 46333 ms)
16:55:33.137 playback: playhead is 49 ms AHEAD of the picture (playhead 46382 ms, picture 46333 ms)
16:55:33.186 playback: playhead is 0 ms AHEAD of the picture (playhead 46416 ms, picture 46416 ms)
16:55:33.279 playback: playhead is 46 ms AHEAD of the picture (playhead 46546 ms, picture 46500 ms)
16:55:33.330 playback: playhead is 0 ms AHEAD of the picture (playhead 46583 ms, picture 46583 ms)
16:55:33.377 playback: playhead is 47 ms AHEAD of the picture (playhead 46630 ms, picture 46583 ms)
16:55:33.425 playback: playhead is 0 ms AHEAD of the picture (playhead 46666 ms, picture 46666 ms)
16:55:33.471 playback: playhead is 48 ms AHEAD of the picture (playhead 46714 ms, picture 46666 ms)
16:55:33.520 playback: playhead is 0 ms AHEAD of the picture (playhead 46750 ms, picture 46750 ms)
16:55:33.614 playback: playhead is 46 ms AHEAD of the picture (playhead 46879 ms, picture 46833 ms)
16:55:33.666 playback: playhead is 0 ms AHEAD of the picture (playhead 46916 ms, picture 46916 ms)
16:55:33.713 playback: playhead is 48 ms AHEAD of the picture (playhead 46964 ms, picture 46916 ms)
16:55:33.768 playback: playhead is 0 ms AHEAD of the picture (playhead 47000 ms, picture 47000 ms)
16:55:33.865 playback: playhead is 46 ms AHEAD of the picture (playhead 47129 ms, picture 47083 ms)
16:55:33.919 playback: playhead is 0 ms AHEAD of the picture (playhead 47166 ms, picture 47166 ms)
16:55:33.961 playback: playhead is 41 ms AHEAD of the picture (playhead 47207 ms, picture 47166 ms)
16:55:34.009 playback: playhead is 0 ms AHEAD of the picture (playhead 47250 ms, picture 47250 ms)
16:55:34.055 playback: playhead is 47 ms AHEAD of the picture (playhead 47297 ms, picture 47250 ms)
16:55:34.104 playback: playhead is 2 ms AHEAD of the picture (playhead 47335 ms, picture 47333 ms)
16:55:34.201 playback: playhead is 46 ms AHEAD of the picture (playhead 47462 ms, picture 47416 ms)
16:55:34.252 playback: playhead is 0 ms AHEAD of the picture (playhead 47500 ms, picture 47500 ms)
16:55:34.295 playback: playhead is 44 ms AHEAD of the picture (playhead 47544 ms, picture 47500 ms)
16:55:34.344 playback: playhead is 0 ms AHEAD of the picture (playhead 47583 ms, picture 47583 ms)
16:55:34.393 playback: playhead is 49 ms AHEAD of the picture (playhead 47632 ms, picture 47583 ms)
16:55:34.439 playback: playhead is 0 ms AHEAD of the picture (playhead 47666 ms, picture 47666 ms)
16:55:34.537 playback: playhead is 49 ms AHEAD of the picture (playhead 47799 ms, picture 47750 ms)
16:55:34.587 playback: playhead is 0 ms AHEAD of the picture (playhead 47833 ms, picture 47833 ms)
16:55:34.633 playback: playhead is 44 ms AHEAD of the picture (playhead 47877 ms, picture 47833 ms)
16:55:34.720 playback: playhead is 0 ms AHEAD of the picture (playhead 47916 ms, picture 47916 ms)
16:55:34.863 playback: playhead is 43 ms AHEAD of the picture (playhead 48126 ms, picture 48083 ms)
16:55:34.911 playback: playhead is 0 ms AHEAD of the picture (playhead 48166 ms, picture 48166 ms)
16:55:34.959 playback: playhead is 47 ms AHEAD of the picture (playhead 48213 ms, picture 48166 ms)
16:55:35.008 playback: playhead is 0 ms AHEAD of the picture (playhead 48250 ms, picture 48250 ms)
16:55:35.058 playback: playhead is 49 ms AHEAD of the picture (playhead 48299 ms, picture 48250 ms)
16:55:35.103 playback: playhead is 0 ms AHEAD of the picture (playhead 48333 ms, picture 48333 ms)
16:55:35.201 playback: playhead is 49 ms AHEAD of the picture (playhead 48465 ms, picture 48416 ms)
16:55:35.258 playback: playhead is 0 ms AHEAD of the picture (playhead 48500 ms, picture 48500 ms)
16:55:35.393 playback: playhead is 48 ms AHEAD of the picture (playhead 48631 ms, picture 48583 ms)
16:55:35.441 playback: playhead is 0 ms AHEAD of the picture (playhead 48666 ms, picture 48666 ms)
16:55:35.545 playback: playhead is 56 ms AHEAD of the picture (playhead 48806 ms, picture 48750 ms)
16:55:35.599 playback: playhead is 0 ms AHEAD of the picture (playhead 48833 ms, picture 48833 ms)
16:55:35.695 playback: playhead is 45 ms AHEAD of the picture (playhead 48961 ms, picture 48916 ms)
16:55:35.745 playback: playhead is 0 ms AHEAD of the picture (playhead 49000 ms, picture 49000 ms)
16:55:35.794 playback: playhead is 48 ms AHEAD of the picture (playhead 49048 ms, picture 49000 ms)
16:55:35.841 playback: playhead is 0 ms AHEAD of the picture (playhead 49083 ms, picture 49083 ms)
16:55:35.886 playback: playhead is 47 ms AHEAD of the picture (playhead 49130 ms, picture 49083 ms)
16:55:35.935 playback: playhead is 0 ms AHEAD of the picture (playhead 49166 ms, picture 49166 ms)
16:55:36.036 playback: playhead is 48 ms AHEAD of the picture (playhead 49298 ms, picture 49250 ms)
16:55:36.087 playback: playhead is 0 ms AHEAD of the picture (playhead 49333 ms, picture 49333 ms)
16:55:36.128 playback: playhead is 41 ms AHEAD of the picture (playhead 49374 ms, picture 49333 ms)
16:55:36.176 playback: playhead is 0 ms AHEAD of the picture (playhead 49416 ms, picture 49416 ms)
16:55:36.224 playback: playhead is 47 ms AHEAD of the picture (playhead 49463 ms, picture 49416 ms)
16:55:36.275 playback: playhead is 0 ms AHEAD of the picture (playhead 49500 ms, picture 49500 ms)
16:55:36.373 playback: playhead is 54 ms AHEAD of the picture (playhead 49637 ms, picture 49583 ms)
16:55:36.415 playback: playhead is 0 ms AHEAD of the picture (playhead 49666 ms, picture 49666 ms)
16:55:36.463 playback: playhead is 48 ms AHEAD of the picture (playhead 49714 ms, picture 49666 ms)
16:55:36.512 playback: playhead is 0 ms AHEAD of the picture (playhead 49750 ms, picture 49750 ms)
16:55:36.561 playback: playhead is 48 ms AHEAD of the picture (playhead 49798 ms, picture 49750 ms)
16:55:36.625 playback: playhead is 0 ms AHEAD of the picture (playhead 49833 ms, picture 49833 ms)
16:55:36.809 playback: playhead is 47 ms AHEAD of the picture (playhead 50047 ms, picture 50000 ms)
16:55:36.855 playback: playhead is 0 ms AHEAD of the picture (playhead 50083 ms, picture 50083 ms)
16:55:36.952 playback: playhead is 49 ms AHEAD of the picture (playhead 50215 ms, picture 50166 ms)
16:55:37.006 playback: playhead is 0 ms AHEAD of the picture (playhead 50250 ms, picture 50250 ms)
16:55:37.047 playback: playhead is 43 ms AHEAD of the picture (playhead 50293 ms, picture 50250 ms)
16:55:37.095 playback: playhead is 0 ms AHEAD of the picture (playhead 50333 ms, picture 50333 ms)
16:55:37.144 playback: playhead is 48 ms AHEAD of the picture (playhead 50381 ms, picture 50333 ms)
16:55:37.192 playback: playhead is 0 ms AHEAD of the picture (playhead 50416 ms, picture 50416 ms)
16:55:37.293 playback: playhead is 48 ms AHEAD of the picture (playhead 50548 ms, picture 50500 ms)
16:55:37.335 playback: playhead is 1 ms AHEAD of the picture (playhead 50584 ms, picture 50583 ms)
16:55:37.448 playback: playhead is 45 ms AHEAD of the picture (playhead 50711 ms, picture 50666 ms)
16:55:37.496 playback: playhead is 0 ms AHEAD of the picture (playhead 50750 ms, picture 50750 ms)
16:55:37.543 playback: playhead is 48 ms AHEAD of the picture (playhead 50798 ms, picture 50750 ms)
16:55:37.591 playback: playhead is 0 ms AHEAD of the picture (playhead 50833 ms, picture 50833 ms)
16:55:37.639 playback: playhead is 48 ms AHEAD of the picture (playhead 50881 ms, picture 50833 ms)
16:55:37.694 playback: playhead is 0 ms AHEAD of the picture (playhead 50916 ms, picture 50916 ms)
16:55:37.785 playback: playhead is 47 ms AHEAD of the picture (playhead 51047 ms, picture 51000 ms)
16:55:37.835 playback: playhead is 0 ms AHEAD of the picture (playhead 51083 ms, picture 51083 ms)
16:55:37.878 playback: playhead is 44 ms AHEAD of the picture (playhead 51127 ms, picture 51083 ms)
16:55:37.929 playback: playhead is 0 ms AHEAD of the picture (playhead 51166 ms, picture 51166 ms)
16:55:37.976 playback: playhead is 47 ms AHEAD of the picture (playhead 51213 ms, picture 51166 ms)
16:55:38.023 playback: playhead is 0 ms AHEAD of the picture (playhead 51250 ms, picture 51250 ms)
16:55:38.121 playback: playhead is 47 ms AHEAD of the picture (playhead 51380 ms, picture 51333 ms)
16:55:38.168 playback: playhead is 0 ms AHEAD of the picture (playhead 51416 ms, picture 51416 ms)
16:55:38.216 playback: playhead is 47 ms AHEAD of the picture (playhead 51463 ms, picture 51416 ms)
16:55:38.263 playback: playhead is 0 ms AHEAD of the picture (playhead 51500 ms, picture 51500 ms)
16:55:38.311 playback: playhead is 48 ms AHEAD of the picture (playhead 51548 ms, picture 51500 ms)
16:55:38.359 playback: playhead is 0 ms AHEAD of the picture (playhead 51583 ms, picture 51583 ms)
16:55:38.551 playback: playhead is 48 ms AHEAD of the picture (playhead 51798 ms, picture 51750 ms)
16:55:38.600 playback: playhead is 0 ms AHEAD of the picture (playhead 51833 ms, picture 51833 ms)
16:55:38.802 playback: playhead is 49 ms AHEAD of the picture (playhead 52049 ms, picture 52000 ms)
16:55:38.855 playback: playhead is 0 ms AHEAD of the picture (playhead 52083 ms, picture 52083 ms)
16:55:38.953 playback: playhead is 47 ms AHEAD of the picture (playhead 52213 ms, picture 52166 ms)
16:55:39.009 playback: playhead is 0 ms AHEAD of the picture (playhead 52250 ms, picture 52250 ms)
16:55:39.055 playback: playhead is 47 ms AHEAD of the picture (playhead 52297 ms, picture 52250 ms)
16:55:39.104 playback: playhead is 0 ms AHEAD of the picture (playhead 52333 ms, picture 52333 ms)
16:55:39.201 playback: playhead is 42 ms AHEAD of the picture (playhead 52458 ms, picture 52416 ms)
16:55:39.246 playback: playhead is 0 ms AHEAD of the picture (playhead 52500 ms, picture 52500 ms)
16:55:39.298 playback: playhead is 50 ms AHEAD of the picture (playhead 52550 ms, picture 52500 ms)
16:55:39.343 playback: playhead is 0 ms AHEAD of the picture (playhead 52583 ms, picture 52583 ms)
16:55:39.394 playback: playhead is 50 ms AHEAD of the picture (playhead 52633 ms, picture 52583 ms)
16:55:39.441 playback: playhead is 0 ms AHEAD of the picture (playhead 52666 ms, picture 52666 ms)
16:55:39.544 playback: playhead is 46 ms AHEAD of the picture (playhead 52796 ms, picture 52750 ms)
16:55:39.602 playback: playhead is 0 ms AHEAD of the picture (playhead 52833 ms, picture 52833 ms)
16:55:39.703 playback: playhead is 48 ms AHEAD of the picture (playhead 52964 ms, picture 52916 ms)
16:55:39.751 playback: playhead is 0 ms AHEAD of the picture (playhead 53000 ms, picture 53000 ms)
16:55:39.801 playback: playhead is 50 ms AHEAD of the picture (playhead 53050 ms, picture 53000 ms)
16:55:39.855 playback: playhead is 0 ms AHEAD of the picture (playhead 53083 ms, picture 53083 ms)
16:55:39.896 playback: playhead is 49 ms AHEAD of the picture (playhead 53132 ms, picture 53083 ms)
16:55:39.954 playback: playhead is 0 ms AHEAD of the picture (playhead 53166 ms, picture 53166 ms)
16:55:40.041 playback: playhead is 47 ms AHEAD of the picture (playhead 53297 ms, picture 53250 ms)
16:55:40.127 playback: playhead is 0 ms AHEAD of the picture (playhead 53333 ms, picture 53333 ms)
16:55:40.221 playback: playhead is 44 ms AHEAD of the picture (playhead 53460 ms, picture 53416 ms)
16:55:40.270 playback: playhead is 0 ms AHEAD of the picture (playhead 53500 ms, picture 53500 ms)
16:55:40.366 playback: playhead is 47 ms AHEAD of the picture (playhead 53630 ms, picture 53583 ms)
16:55:40.416 playback: playhead is 0 ms AHEAD of the picture (playhead 53666 ms, picture 53666 ms)
16:55:40.462 playback: playhead is 47 ms AHEAD of the picture (playhead 53713 ms, picture 53666 ms)
16:55:40.511 playback: playhead is 0 ms AHEAD of the picture (playhead 53750 ms, picture 53750 ms)
16:55:40.560 playback: playhead is 48 ms AHEAD of the picture (playhead 53798 ms, picture 53750 ms)
16:55:40.614 playback: playhead is 0 ms AHEAD of the picture (playhead 53833 ms, picture 53833 ms)
16:55:40.800 playback: playhead is 49 ms AHEAD of the picture (playhead 54049 ms, picture 54000 ms)
16:55:40.847 playback: playhead is 0 ms AHEAD of the picture (playhead 54083 ms, picture 54083 ms)
16:55:40.896 playback: playhead is 48 ms AHEAD of the picture (playhead 54131 ms, picture 54083 ms)
16:55:41.031 playback: playhead is 0 ms AHEAD of the picture (playhead 54250 ms, picture 54250 ms)
16:55:41.128 playback: playhead is 48 ms AHEAD of the picture (playhead 54381 ms, picture 54333 ms)
16:55:41.176 playback: playhead is 0 ms AHEAD of the picture (playhead 54416 ms, picture 54416 ms)
16:55:41.224 playback: playhead is 48 ms AHEAD of the picture (playhead 54464 ms, picture 54416 ms)
16:55:41.271 playback: playhead is 0 ms AHEAD of the picture (playhead 54500 ms, picture 54500 ms)
16:55:41.368 playback: playhead is 47 ms AHEAD of the picture (playhead 54630 ms, picture 54583 ms)
16:55:41.415 playback: playhead is 0 ms AHEAD of the picture (playhead 54666 ms, picture 54666 ms)
16:55:41.703 playback: playhead is 51 ms AHEAD of the picture (playhead 54967 ms, picture 54916 ms)
16:55:41.754 playback: playhead is 0 ms AHEAD of the picture (playhead 55000 ms, picture 55000 ms)
16:55:41.801 playback: playhead is 48 ms AHEAD of the picture (playhead 55048 ms, picture 55000 ms)
16:55:41.846 playback: playhead is 0 ms AHEAD of the picture (playhead 55083 ms, picture 55083 ms)
16:55:41.894 playback: playhead is 48 ms AHEAD of the picture (playhead 55131 ms, picture 55083 ms)
16:55:41.953 playback: playhead is 0 ms AHEAD of the picture (playhead 55166 ms, picture 55166 ms)
16:55:42.053 playback: playhead is 45 ms AHEAD of the picture (playhead 55295 ms, picture 55250 ms)
16:55:42.103 playback: playhead is 0 ms AHEAD of the picture (playhead 55333 ms, picture 55333 ms)
16:55:42.202 playback: playhead is 50 ms AHEAD of the picture (playhead 55466 ms, picture 55416 ms)
16:55:42.250 playback: playhead is 0 ms AHEAD of the picture (playhead 55500 ms, picture 55500 ms)
16:55:42.295 playback: playhead is 45 ms AHEAD of the picture (playhead 55545 ms, picture 55500 ms)
16:55:42.345 playback: playhead is 0 ms AHEAD of the picture (playhead 55583 ms, picture 55583 ms)
16:55:42.393 playback: playhead is 48 ms AHEAD of the picture (playhead 55631 ms, picture 55583 ms)
16:55:42.438 playback: playhead is 0 ms AHEAD of the picture (playhead 55666 ms, picture 55666 ms)
16:55:42.536 playback: playhead is 49 ms AHEAD of the picture (playhead 55799 ms, picture 55750 ms)
16:55:42.594 playback: playhead is 0 ms AHEAD of the picture (playhead 55833 ms, picture 55833 ms)
16:55:42.632 playback: playhead is 46 ms AHEAD of the picture (playhead 55879 ms, picture 55833 ms)
16:55:42.711 playback: playhead is 0 ms AHEAD of the picture (playhead 55916 ms, picture 55916 ms)
16:55:42.809 playback: playhead is 45 ms AHEAD of the picture (playhead 56045 ms, picture 56000 ms)
16:55:42.855 playback: playhead is 0 ms AHEAD of the picture (playhead 56083 ms, picture 56083 ms)
16:55:42.953 playback: playhead is 48 ms AHEAD of the picture (playhead 56214 ms, picture 56166 ms)
16:55:43.000 playback: playhead is 0 ms AHEAD of the picture (playhead 56250 ms, picture 56250 ms)
16:55:43.048 playback: playhead is 47 ms AHEAD of the picture (playhead 56297 ms, picture 56250 ms)
16:55:43.095 playback: playhead is 0 ms AHEAD of the picture (playhead 56333 ms, picture 56333 ms)
16:55:43.144 playback: playhead is 49 ms AHEAD of the picture (playhead 56382 ms, picture 56333 ms)
16:55:43.195 playback: playhead is 0 ms AHEAD of the picture (playhead 56416 ms, picture 56416 ms)
16:55:43.287 playback: playhead is 48 ms AHEAD of the picture (playhead 56548 ms, picture 56500 ms)
16:55:43.336 playback: playhead is 0 ms AHEAD of the picture (playhead 56583 ms, picture 56583 ms)
16:55:43.384 playback: playhead is 49 ms AHEAD of the picture (playhead 56632 ms, picture 56583 ms)
16:55:43.432 playback: playhead is 0 ms AHEAD of the picture (playhead 56666 ms, picture 56666 ms)
16:55:43.480 playback: playhead is 48 ms AHEAD of the picture (playhead 56714 ms, picture 56666 ms)
16:55:43.529 playback: playhead is 0 ms AHEAD of the picture (playhead 56750 ms, picture 56750 ms)
16:55:43.630 playback: playhead is 50 ms AHEAD of the picture (playhead 56883 ms, picture 56833 ms)
16:55:43.671 playback: playhead is 0 ms AHEAD of the picture (playhead 56916 ms, picture 56916 ms)
16:55:43.719 playback: playhead is 48 ms AHEAD of the picture (playhead 56964 ms, picture 56916 ms)
16:55:43.769 playback: playhead is 0 ms AHEAD of the picture (playhead 57000 ms, picture 57000 ms)
16:55:43.861 playback: playhead is 44 ms AHEAD of the picture (playhead 57127 ms, picture 57083 ms)
16:55:43.918 playback: playhead is 0 ms AHEAD of the picture (playhead 57166 ms, picture 57166 ms)
16:55:43.959 playback: playhead is 41 ms AHEAD of the picture (playhead 57207 ms, picture 57166 ms)
16:55:44.008 playback: playhead is 0 ms AHEAD of the picture (playhead 57250 ms, picture 57250 ms)
16:55:44.055 playback: playhead is 48 ms AHEAD of the picture (playhead 57298 ms, picture 57250 ms)
16:55:44.103 playback: playhead is 0 ms AHEAD of the picture (playhead 57333 ms, picture 57333 ms)
16:55:44.216 playback: playhead is 56 ms AHEAD of the picture (playhead 57472 ms, picture 57416 ms)
16:55:44.263 playback: playhead is 0 ms AHEAD of the picture (playhead 57500 ms, picture 57500 ms)
16:55:44.310 playback: playhead is 48 ms AHEAD of the picture (playhead 57548 ms, picture 57500 ms)
16:55:44.360 playback: playhead is 1 ms AHEAD of the picture (playhead 57584 ms, picture 57583 ms)
16:55:44.475 playback: playhead is 51 ms AHEAD of the picture (playhead 57717 ms, picture 57666 ms)
16:55:44.524 playback: playhead is 0 ms AHEAD of the picture (playhead 57750 ms, picture 57750 ms)
16:55:44.616 playback: playhead is 45 ms AHEAD of the picture (playhead 57878 ms, picture 57833 ms)
16:55:44.734 playback: playhead.jump 57878 -> 58000 ms (+122) [+14000 ms] from MonitorPanel.qml:938 (onTriggered)
16:55:44.736 playback: playhead is 0 ms AHEAD of the picture (playhead 58000 ms, picture 58000 ms)
16:55:44.793 playback: playhead is 58 ms AHEAD of the picture (playhead 58058 ms, picture 58000 ms)
16:55:44.845 playback: playhead is 0 ms AHEAD of the picture (playhead 58083 ms, picture 58083 ms)
16:55:44.896 playback: playhead is 51 ms AHEAD of the picture (playhead 58134 ms, picture 58083 ms)
16:55:44.960 playback: playhead is 0 ms AHEAD of the picture (playhead 58166 ms, picture 58166 ms)
16:55:45.287 playback: playhead is 47 ms AHEAD of the picture (playhead 58547 ms, picture 58500 ms)
16:55:45.335 playback: playhead is 0 ms AHEAD of the picture (playhead 58583 ms, picture 58583 ms)
16:55:45.384 playback: playhead is 49 ms AHEAD of the picture (playhead 58632 ms, picture 58583 ms)
16:55:45.433 playback: playhead is 0 ms AHEAD of the picture (playhead 58666 ms, picture 58666 ms)
16:55:45.479 playback: playhead is 48 ms AHEAD of the picture (playhead 58714 ms, picture 58666 ms)
16:55:45.531 playback: playhead is 0 ms AHEAD of the picture (playhead 58750 ms, picture 58750 ms)
16:55:45.641 playback: playhead is 47 ms AHEAD of the picture (playhead 58880 ms, picture 58833 ms)
16:55:45.688 playback: playhead is 0 ms AHEAD of the picture (playhead 58916 ms, picture 58916 ms)
16:55:45.785 playback: playhead is 48 ms AHEAD of the picture (playhead 59048 ms, picture 59000 ms)
16:55:45.831 playback: playhead is 0 ms AHEAD of the picture (playhead 59083 ms, picture 59083 ms)
16:55:45.879 playback: playhead is 48 ms AHEAD of the picture (playhead 59131 ms, picture 59083 ms)
16:55:45.928 playback: playhead is 0 ms AHEAD of the picture (playhead 59166 ms, picture 59166 ms)
16:55:45.975 playback: playhead is 48 ms AHEAD of the picture (playhead 59214 ms, picture 59166 ms)
16:55:46.032 playback: playhead is 0 ms AHEAD of the picture (playhead 59250 ms, picture 59250 ms)
16:55:46.128 playback: playhead is 43 ms AHEAD of the picture (playhead 59376 ms, picture 59333 ms)
16:55:46.175 playback: playhead is 0 ms AHEAD of the picture (playhead 59416 ms, picture 59416 ms)
16:55:46.224 playback: playhead is 48 ms AHEAD of the picture (playhead 59464 ms, picture 59416 ms)
16:55:46.273 playback: playhead is 0 ms AHEAD of the picture (playhead 59500 ms, picture 59500 ms)
16:55:46.368 playback: playhead is 47 ms AHEAD of the picture (playhead 59630 ms, picture 59583 ms)
16:55:46.415 playback: playhead is 0 ms AHEAD of the picture (playhead 59666 ms, picture 59666 ms)
16:55:46.465 playback: playhead is 48 ms AHEAD of the picture (playhead 59714 ms, picture 59666 ms)
16:55:46.511 playback: playhead is 0 ms AHEAD of the picture (playhead 59750 ms, picture 59750 ms)
16:55:46.560 playback: playhead is 48 ms AHEAD of the picture (playhead 59798 ms, picture 59750 ms)
16:55:46.615 playback: playhead is 0 ms AHEAD of the picture (playhead 59833 ms, picture 59833 ms)
16:55:46.801 playback: playhead is 46 ms AHEAD of the picture (playhead 60046 ms, picture 60000 ms)
16:55:46.972 playback: playhead is 0 ms AHEAD of the picture (playhead 60166 ms, picture 60166 ms)
16:55:47.055 playback: playhead is 55 ms AHEAD of the picture (playhead 60305 ms, picture 60250 ms)
16:55:47.103 playback: playhead is 0 ms AHEAD of the picture (playhead 60333 ms, picture 60333 ms)
16:55:47.207 playback: playhead is 56 ms AHEAD of the picture (playhead 60472 ms, picture 60416 ms)
16:55:47.269 playback: playhead is 1 ms AHEAD of the picture (playhead 60501 ms, picture 60500 ms)
16:55:47.312 playback: playhead is 44 ms AHEAD of the picture (playhead 60544 ms, picture 60500 ms)
16:55:47.360 playback: playhead is 0 ms AHEAD of the picture (playhead 60583 ms, picture 60583 ms)
16:55:47.455 playback: playhead is 43 ms AHEAD of the picture (playhead 60709 ms, picture 60666 ms)
16:55:47.505 playback: playhead is 0 ms AHEAD of the picture (playhead 60750 ms, picture 60750 ms)
16:55:47.553 playback: playhead is 48 ms AHEAD of the picture (playhead 60798 ms, picture 60750 ms)
16:55:47.608 playback: playhead is 0 ms AHEAD of the picture (playhead 60833 ms, picture 60833 ms)
16:55:47.704 playback: playhead is 49 ms AHEAD of the picture (playhead 60965 ms, picture 60916 ms)
16:55:47.753 playback: playhead is 0 ms AHEAD of the picture (playhead 61000 ms, picture 61000 ms)
16:55:47.801 playback: playhead is 46 ms AHEAD of the picture (playhead 61046 ms, picture 61000 ms)
16:55:47.847 playback: playhead is 0 ms AHEAD of the picture (playhead 61083 ms, picture 61083 ms)
16:55:47.904 playback: playhead is 48 ms AHEAD of the picture (playhead 61131 ms, picture 61083 ms)
16:55:47.960 playback: playhead is 1 ms AHEAD of the picture (playhead 61167 ms, picture 61166 ms)
16:55:48.055 playback: playhead is 47 ms AHEAD of the picture (playhead 61297 ms, picture 61250 ms)
16:55:48.103 playback: playhead is 1 ms AHEAD of the picture (playhead 61334 ms, picture 61333 ms)
16:55:48.200 playback: playhead is 48 ms AHEAD of the picture (playhead 61464 ms, picture 61416 ms)
16:55:48.248 playback: playhead is 0 ms AHEAD of the picture (playhead 61500 ms, picture 61500 ms)
16:55:48.296 playback: playhead is 48 ms AHEAD of the picture (playhead 61548 ms, picture 61500 ms)
16:55:48.343 playback: playhead is 0 ms AHEAD of the picture (playhead 61583 ms, picture 61583 ms)
16:55:48.393 playback: playhead is 49 ms AHEAD of the picture (playhead 61632 ms, picture 61583 ms)
16:55:48.454 playback: playhead is 0 ms AHEAD of the picture (playhead 61666 ms, picture 61666 ms)
16:55:48.513 playback: playing true -> false at playhead 61750 ms [+3779 ms] from MonitorPanel.qml:1868 (onClicked)
16:55:48.513 monitor: playing -> false at 61750
16:55:48.514 playback: session.stop decoder running, picture at 61750 ms [+0 ms] from MonitorPanel.qml:1003 (onPlayingChanged) <- MonitorPanel.qml:1868 (onClicked)
16:55:49.088 playback: playing false -> true at playhead 61750 ms [+574 ms] from MonitorPanel.qml:536 (startPlayback) <- MonitorPanel.qml:1870 (onClicked)
16:55:49.088 monitor: playing -> true at 61750
16:55:49.088 monitor: playback session at playhead 61750 clip clip_506631bb7f3d
16:55:49.088 playback: session.start The Weakest Boy Enters Demon Slayer Academy With a God’s Power - manhwa recap.mp4 at source 61750 ms, kind video [+0 ms] from MonitorPanel.qml:645 (startProcessPlayback) <- MonitorPanel.qml:968 (onPlayingChanged) <- MonitorPanel.qml:536 (startPlayback) <- MonitorPanel.qml:1870 (onClicked)
16:55:49.146 [mov,mp4,m4a,3gp,3g2,mj2 @ 00000164f7cfe1c0] st: 1 edit list: 1 Missing key frame while searching for timestamp: 0
16:55:49.146 [mov,mp4,m4a,3gp,3g2,mj2 @ 00000164f7cfe1c0] st: 1 edit list 1 Cannot find an index entry before timestamp: 0.
16:55:49.505 preview playback: first frame after 412 ms, at source 61750 ms (requested 61750 ms)
16:55:49.505 playback: frame at source 61750 ms, advanced 0 ms of media in 1028 ms of wall clock
16:55:49.535 playback: playhead is 0 ms AHEAD of the picture (playhead 61833 ms, picture 61833 ms)
16:55:49.597 playback: playhead.jump 61833 -> 62083 ms (+250) [+509 ms] from MonitorPanel.qml:938 (onTriggered)
16:55:49.695 playback: playhead is 48 ms AHEAD of the picture (playhead 62214 ms, picture 62166 ms)
16:55:49.744 playback: playhead is 0 ms AHEAD of the picture (playhead 62250 ms, picture 62250 ms)
16:55:49.839 playback: playhead is 47 ms AHEAD of the picture (playhead 62380 ms, picture 62333 ms)
16:55:49.888 playback: playhead is 0 ms AHEAD of the picture (playhead 62416 ms, picture 62416 ms)
16:55:49.935 playback: playhead is 47 ms AHEAD of the picture (playhead 62463 ms, picture 62416 ms)
16:55:49.984 playback: playhead is 0 ms AHEAD of the picture (playhead 62500 ms, picture 62500 ms)
16:55:50.032 playback: playhead is 47 ms AHEAD of the picture (playhead 62547 ms, picture 62500 ms)
16:55:50.077 playback: playing true -> false at playhead 62547 ms [+479 ms] from MonitorPanel.qml:1868 (onClicked)
16:55:50.077 monitor: playing -> false at 62547
16:55:50.077 playback: session.stop decoder running, picture at 62583 ms [+0 ms] from MonitorPanel.qml:1003 (onPlayingChanged) <- MonitorPanel.qml:1868 (onClicked)
16:55:50.686 playback: playing false -> true at playhead 62547 ms [+608 ms] from MonitorPanel.qml:536 (startPlayback) <- MonitorPanel.qml:1870 (onClicked)
16:55:50.686 monitor: playing -> true at 62547
16:55:50.686 monitor: playback session at playhead 62547 clip clip_506631bb7f3d
16:55:50.686 playback: session.start The Weakest Boy Enters Demon Slayer Academy With a God’s Power - manhwa recap.mp4 at source 62547 ms, kind video [+0 ms] from MonitorPanel.qml:645 (startProcessPlayback) <- MonitorPanel.qml:968 (onPlayingChanged) <- MonitorPanel.qml:536 (startPlayback) <- MonitorPanel.qml:1870 (onClicked)
16:55:50.740 [mov,mp4,m4a,3gp,3g2,mj2 @ 00000164f7cfdf40] st: 1 edit list: 1 Missing key frame while searching for timestamp: 0
16:55:50.741 [mov,mp4,m4a,3gp,3g2,mj2 @ 00000164f7cfdf40] st: 1 edit list 1 Cannot find an index entry before timestamp: 0.
16:55:50.887 preview playback: first frame after 198 ms, at source 62583 ms (requested 62547 ms)
16:55:50.887 playback: frame at source 62583 ms, advanced 0 ms of media in 854 ms of wall clock
16:55:50.935 playback: playhead is 0 ms AHEAD of the picture (playhead 62666 ms, picture 62666 ms)
16:55:51.029 playback: playhead is 47 ms AHEAD of the picture (playhead 62797 ms, picture 62750 ms)
16:55:51.079 playback: playhead is 0 ms AHEAD of the picture (playhead 62833 ms, picture 62833 ms)
16:55:51.175 playback: playhead is 47 ms AHEAD of the picture (playhead 62963 ms, picture 62916 ms)
16:55:51.223 playback: playhead is 0 ms AHEAD of the picture (playhead 63000 ms, picture 63000 ms)
16:55:51.271 playback: playhead is 48 ms AHEAD of the picture (playhead 63048 ms, picture 63000 ms)
16:55:51.318 playback: playhead is 0 ms AHEAD of the picture (playhead 63083 ms, picture 63083 ms)
16:55:51.367 playback: playhead is 49 ms AHEAD of the picture (playhead 63132 ms, picture 63083 ms)
16:55:51.417 playback: playhead is 0 ms AHEAD of the picture (playhead 63166 ms, picture 63166 ms)
16:55:51.511 playback: playhead is 49 ms AHEAD of the picture (playhead 63299 ms, picture 63250 ms)
16:55:51.559 playback: playhead is 0 ms AHEAD of the picture (playhead 63333 ms, picture 63333 ms)
16:55:51.608 playback: playhead is 49 ms AHEAD of the picture (playhead 63382 ms, picture 63333 ms)
16:55:51.655 playback: playhead is 0 ms AHEAD of the picture (playhead 63416 ms, picture 63416 ms)
16:55:51.702 playback: playhead is 48 ms AHEAD of the picture (playhead 63464 ms, picture 63416 ms)
16:55:51.751 playback: playhead is 0 ms AHEAD of the picture (playhead 63500 ms, picture 63500 ms)
16:55:51.847 playback: playhead is 47 ms AHEAD of the picture (playhead 63630 ms, picture 63583 ms)
16:55:51.895 playback: playhead is 0 ms AHEAD of the picture (playhead 63666 ms, picture 63666 ms)
16:55:51.942 playback: playhead is 47 ms AHEAD of the picture (playhead 63713 ms, picture 63666 ms)
16:55:51.992 playback: playhead is 0 ms AHEAD of the picture (playhead 63750 ms, picture 63750 ms)
16:55:52.039 playback: playhead is 47 ms AHEAD of the picture (playhead 63797 ms, picture 63750 ms)
16:55:52.086 playback: playhead is 0 ms AHEAD of the picture (playhead 63833 ms, picture 63833 ms)
16:55:52.184 playback: playhead is 49 ms AHEAD of the picture (playhead 63965 ms, picture 63916 ms)
16:55:52.239 playback: playhead is 2 ms AHEAD of the picture (playhead 64002 ms, picture 64000 ms)
16:55:52.278 playback: playhead is 48 ms AHEAD of the picture (playhead 64048 ms, picture 64000 ms)
16:55:52.297 playback: playing true -> false at playhead 64048 ms [+1610 ms] from MonitorPanel.qml:1868 (onClicked)
16:55:52.298 monitor: playing -> false at 64048
16:55:52.299 playback: session.stop decoder running, picture at 64083 ms [+1 ms] from MonitorPanel.qml:1003 (onPlayingChanged) <- MonitorPanel.qml:1868 (onClicked)
16:55:52.940 playback: playing false -> true at playhead 64048 ms [+641 ms] from MonitorPanel.qml:536 (startPlayback) <- MonitorPanel.qml:1870 (onClicked)
16:55:52.941 monitor: playing -> true at 64048
16:55:52.941 monitor: playback session at playhead 64048 clip clip_506631bb7f3d
16:55:52.941 playback: session.start The Weakest Boy Enters Demon Slayer Academy With a God’s Power - manhwa recap.mp4 at source 64048 ms, kind video [+1 ms] from MonitorPanel.qml:645 (startProcessPlayback) <- MonitorPanel.qml:968 (onPlayingChanged) <- MonitorPanel.qml:536 (startPlayback) <- MonitorPanel.qml:1870 (onClicked)
16:55:52.993 [mov,mp4,m4a,3gp,3g2,mj2 @ 00000164f7cfef40] st: 1 edit list: 1 Missing key frame while searching for timestamp: 0
16:55:52.994 [mov,mp4,m4a,3gp,3g2,mj2 @ 00000164f7cfef40] st: 1 edit list 1 Cannot find an index entry before timestamp: 0.
16:55:53.221 preview playback: first frame after 277 ms, at source 64083 ms (requested 64048 ms)
16:55:53.221 playback: frame at source 64083 ms, advanced 0 ms of media in 930 ms of wall clock
16:55:53.247 playback: playhead is 0 ms AHEAD of the picture (playhead 64166 ms, picture 64166 ms)
16:55:53.440 playback: playhead is 47 ms AHEAD of the picture (playhead 64463 ms, picture 64416 ms)
16:55:53.487 playback: playhead is 0 ms AHEAD of the picture (playhead 64500 ms, picture 64500 ms)
16:55:53.535 playback: playhead is 48 ms AHEAD of the picture (playhead 64548 ms, picture 64500 ms)
16:55:53.583 playback: playhead is 0 ms AHEAD of the picture (playhead 64583 ms, picture 64583 ms)
16:55:53.679 playback: playhead is 45 ms AHEAD of the picture (playhead 64711 ms, picture 64666 ms)
16:55:53.730 playback: playhead is 0 ms AHEAD of the picture (playhead 64750 ms, picture 64750 ms)
16:55:53.776 playback: playhead is 44 ms AHEAD of the picture (playhead 64794 ms, picture 64750 ms)
16:55:53.823 playback: playhead is 0 ms AHEAD of the picture (playhead 64833 ms, picture 64833 ms)
16:55:53.870 playback: playhead is 48 ms AHEAD of the picture (playhead 64881 ms, picture 64833 ms)
16:55:53.918 playback: playhead is 0 ms AHEAD of the picture (playhead 64916 ms, picture 64916 ms)
16:55:54.016 playback: playhead is 47 ms AHEAD of the picture (playhead 65047 ms, picture 65000 ms)
16:55:54.063 playback: playhead is 0 ms AHEAD of the picture (playhead 65083 ms, picture 65083 ms)
16:55:54.113 playback: playhead is 49 ms AHEAD of the picture (playhead 65132 ms, picture 65083 ms)
16:55:54.162 playback: playhead is 0 ms AHEAD of the picture (playhead 65166 ms, picture 65166 ms)
16:55:54.209 playback: playhead is 46 ms AHEAD of the picture (playhead 65212 ms, picture 65166 ms)
16:55:54.254 playback: playhead is 0 ms AHEAD of the picture (playhead 65250 ms, picture 65250 ms)
16:55:54.351 playback: playhead is 49 ms AHEAD of the picture (playhead 65382 ms, picture 65333 ms)
16:55:54.402 playback: playhead is 0 ms AHEAD of the picture (playhead 65416 ms, picture 65416 ms)
16:55:54.448 playback: playhead is 45 ms AHEAD of the picture (playhead 65461 ms, picture 65416 ms)
16:55:54.495 playback: playhead is 0 ms AHEAD of the picture (playhead 65500 ms, picture 65500 ms)
16:55:54.546 playback: playhead is 52 ms AHEAD of the picture (playhead 65552 ms, picture 65500 ms)
16:55:54.591 playback: playhead is 0 ms AHEAD of the picture (playhead 65583 ms, picture 65583 ms)
16:55:54.644 playback: playing true -> false at playhead 65666 ms [+1702 ms] from MonitorPanel.qml:1868 (onClicked)
16:55:54.645 monitor: playing -> false at 65666
16:55:54.645 playback: session.stop decoder running, picture at 65666 ms [+0 ms] from MonitorPanel.qml:1003 (onPlayingChanged) <- MonitorPanel.qml:1868 (onClicked)
16:55:55.418 playback: playing false -> true at playhead 65666 ms [+773 ms] from MonitorPanel.qml:536 (startPlayback) <- MonitorPanel.qml:1870 (onClicked)
16:55:55.419 monitor: playing -> true at 65666
16:55:55.419 monitor: playback session at playhead 65666 clip clip_506631bb7f3d
16:55:55.419 playback: session.start The Weakest Boy Enters Demon Slayer Academy With a God’s Power - manhwa recap.mp4 at source 65666 ms, kind video [+0 ms] from MonitorPanel.qml:645 (startProcessPlayback) <- MonitorPanel.qml:968 (onPlayingChanged) <- MonitorPanel.qml:536 (startPlayback) <- MonitorPanel.qml:1870 (onClicked)
16:55:55.476 [mov,mp4,m4a,3gp,3g2,mj2 @ 00000164f7cfe1c0] st: 1 edit list: 1 Missing key frame while searching for timestamp: 0
16:55:55.477 [mov,mp4,m4a,3gp,3g2,mj2 @ 00000164f7cfe1c0] st: 1 edit list 1 Cannot find an index entry before timestamp: 0.
16:55:55.660 preview playback: first frame after 235 ms, at source 65666 ms (requested 65666 ms)
16:55:55.660 playback: frame at source 65666 ms, advanced 0 ms of media in 1030 ms of wall clock
16:55:55.669 playback: playhead is 0 ms AHEAD of the picture (playhead 65666 ms, picture 65666 ms)
16:55:55.718 playback: playhead.jump 65666 -> 65833 ms (+167) [+298 ms] from MonitorPanel.qml:938 (onTriggered)
16:55:55.767 playback: playhead is 47 ms AHEAD of the picture (playhead 65880 ms, picture 65833 ms)
16:55:55.816 playback: playhead is 0 ms AHEAD of the picture (playhead 65916 ms, picture 65916 ms)
16:55:55.862 playback: playhead is 47 ms AHEAD of the picture (playhead 65963 ms, picture 65916 ms)
16:55:55.910 playback: playhead is 0 ms AHEAD of the picture (playhead 66000 ms, picture 66000 ms)
16:55:56.008 playback: playhead is 49 ms AHEAD of the picture (playhead 66132 ms, picture 66083 ms)
16:55:56.055 playback: playhead is 0 ms AHEAD of the picture (playhead 66166 ms, picture 66166 ms)
16:55:56.102 playback: playhead is 48 ms AHEAD of the picture (playhead 66214 ms, picture 66166 ms)
16:55:56.151 playback: playhead is 0 ms AHEAD of the picture (playhead 66250 ms, picture 66250 ms)
16:55:56.249 playback: playhead is 45 ms AHEAD of the picture (playhead 66378 ms, picture 66333 ms)
16:55:56.295 playback: playhead is 0 ms AHEAD of the picture (playhead 66416 ms, picture 66416 ms)
16:55:56.343 playback: playhead is 48 ms AHEAD of the picture (playhead 66464 ms, picture 66416 ms)
16:55:56.393 playback: playhead is 0 ms AHEAD of the picture (playhead 66500 ms, picture 66500 ms)
16:55:56.439 playback: playhead is 47 ms AHEAD of the picture (playhead 66547 ms, picture 66500 ms)
16:55:56.486 playback: playhead is 0 ms AHEAD of the picture (playhead 66583 ms, picture 66583 ms)
16:55:56.584 playback: playhead is 48 ms AHEAD of the picture (playhead 66714 ms, picture 66666 ms)
16:55:56.636 playback: playhead is 0 ms AHEAD of the picture (playhead 66750 ms, picture 66750 ms)
16:55:56.759 playback: playhead is 48 ms AHEAD of the picture (playhead 66881 ms, picture 66833 ms)
16:55:56.808 playback: playhead is 1 ms AHEAD of the picture (playhead 66917 ms, picture 66916 ms)
16:55:56.854 playback: playhead is 47 ms AHEAD of the picture (playhead 66963 ms, picture 66916 ms)
16:55:56.903 playback: playhead is 0 ms AHEAD of the picture (playhead 67000 ms, picture 67000 ms)
16:55:57.000 playback: playhead is 49 ms AHEAD of the picture (playhead 67132 ms, picture 67083 ms)
16:55:57.048 playback: playhead is 0 ms AHEAD of the picture (playhead 67166 ms, picture 67166 ms)
16:55:57.095 playback: playhead is 47 ms AHEAD of the picture (playhead 67213 ms, picture 67166 ms)
16:55:57.143 playback: playhead is 0 ms AHEAD of the picture (playhead 67250 ms, picture 67250 ms)
16:55:57.191 playback: playhead is 48 ms AHEAD of the picture (playhead 67298 ms, picture 67250 ms)
16:55:57.239 playback: playhead is 0 ms AHEAD of the picture (playhead 67333 ms, picture 67333 ms)
16:55:57.335 playback: playhead is 48 ms AHEAD of the picture (playhead 67464 ms, picture 67416 ms)
16:55:57.384 playback: playhead is 0 ms AHEAD of the picture (playhead 67500 ms, picture 67500 ms)
16:55:57.432 playback: playhead is 48 ms AHEAD of the picture (playhead 67548 ms, picture 67500 ms)
16:55:57.480 playback: playhead is 0 ms AHEAD of the picture (playhead 67583 ms, picture 67583 ms)
16:55:57.527 playback: playhead is 49 ms AHEAD of the picture (playhead 67632 ms, picture 67583 ms)
16:55:57.553 playback: playing true -> false at playhead 67632 ms [+1834 ms] from MonitorPanel.qml:1868 (onClicked)
16:55:57.553 monitor: playing -> false at 67632
16:55:57.554 playback: session.stop decoder running, picture at 67666 ms [+1 ms] from MonitorPanel.qml:1003 (onPlayingChanged) <- MonitorPanel.qml:1868 (onClicked)
16:55:58.167 playback: playing false -> true at playhead 67632 ms [+613 ms] from MonitorPanel.qml:536 (startPlayback) <- MonitorPanel.qml:1870 (onClicked)
16:55:58.168 monitor: playing -> true at 67632
16:55:58.168 monitor: playback session at playhead 67632 clip clip_506631bb7f3d
16:55:58.168 playback: session.start The Weakest Boy Enters Demon Slayer Academy With a God’s Power - manhwa recap.mp4 at source 67632 ms, kind video [+0 ms] from MonitorPanel.qml:645 (startProcessPlayback) <- MonitorPanel.qml:968 (onPlayingChanged) <- MonitorPanel.qml:536 (startPlayback) <- MonitorPanel.qml:1870 (onClicked)
16:55:58.218 [mov,mp4,m4a,3gp,3g2,mj2 @ 00000164f7cfdc80] st: 1 edit list: 1 Missing key frame while searching for timestamp: 0
16:55:58.219 [mov,mp4,m4a,3gp,3g2,mj2 @ 00000164f7cfdc80] st: 1 edit list 1 Cannot find an index entry before timestamp: 0.
16:55:58.448 preview playback: first frame after 278 ms, at source 67666 ms (requested 67632 ms)
16:55:58.449 playback: frame at source 67666 ms, advanced 0 ms of media in 919 ms of wall clock
16:55:58.461 playback: playhead is 0 ms AHEAD of the picture (playhead 67666 ms, picture 67666 ms)
16:55:58.510 playback: playhead.jump 67666 -> 67833 ms (+167) [+340 ms] from MonitorPanel.qml:938 (onTriggered)
16:55:58.736 playback: playhead is 44 ms AHEAD of the picture (playhead 68127 ms, picture 68083 ms)
16:55:58.786 playback: playhead is 0 ms AHEAD of the picture (playhead 68166 ms, picture 68166 ms)
16:55:58.833 playback: playhead is 48 ms AHEAD of the picture (playhead 68214 ms, picture 68166 ms)
16:55:58.879 playback: playhead is 0 ms AHEAD of the picture (playhead 68250 ms, picture 68250 ms)
16:55:58.928 playback: playhead is 49 ms AHEAD of the picture (playhead 68299 ms, picture 68250 ms)
16:55:58.976 playback: playhead is 0 ms AHEAD of the picture (playhead 68333 ms, picture 68333 ms)
16:55:59.070 playback: playhead is 46 ms AHEAD of the picture (playhead 68462 ms, picture 68416 ms)
16:55:59.119 playback: playhead is 0 ms AHEAD of the picture (playhead 68500 ms, picture 68500 ms)
16:55:59.167 playback: playhead is 48 ms AHEAD of the picture (playhead 68548 ms, picture 68500 ms)
16:55:59.215 playback: playhead is 0 ms AHEAD of the picture (playhead 68583 ms, picture 68583 ms)
16:55:59.264 playback: playhead is 49 ms AHEAD of the picture (playhead 68632 ms, picture 68583 ms)
16:55:59.312 playback: playhead is 0 ms AHEAD of the picture (playhead 68666 ms, picture 68666 ms)
16:55:59.410 playback: playhead is 51 ms AHEAD of the picture (playhead 68801 ms, picture 68750 ms)
16:55:59.454 playback: playhead is 0 ms AHEAD of the picture (playhead 68833 ms, picture 68833 ms)
16:55:59.503 playback: playhead is 49 ms AHEAD of the picture (playhead 68882 ms, picture 68833 ms)
16:55:59.552 playback: playhead is 0 ms AHEAD of the picture (playhead 68916 ms, picture 68916 ms)
16:55:59.601 playback: playhead is 48 ms AHEAD of the picture (playhead 68964 ms, picture 68916 ms)
16:55:59.647 playback: playhead is 0 ms AHEAD of the picture (playhead 69000 ms, picture 69000 ms)
16:55:59.745 playback: playhead is 50 ms AHEAD of the picture (playhead 69133 ms, picture 69083 ms)
16:55:59.799 playback: playhead is 0 ms AHEAD of the picture (playhead 69166 ms, picture 69166 ms)
16:55:59.847 playback: playhead is 48 ms AHEAD of the picture (playhead 69214 ms, picture 69166 ms)
16:55:59.894 playback: playhead is 0 ms AHEAD of the picture (playhead 69250 ms, picture 69250 ms)
16:55:59.991 playback: playhead is 50 ms AHEAD of the picture (playhead 69383 ms, picture 69333 ms)
16:56:00.046 playback: playhead is 0 ms AHEAD of the picture (playhead 69416 ms, picture 69416 ms)
16:56:00.087 playback: playhead is 48 ms AHEAD of the picture (playhead 69464 ms, picture 69416 ms)
16:56:00.135 playback: playhead is 0 ms AHEAD of the picture (playhead 69500 ms, picture 69500 ms)
16:56:00.183 playback: playhead is 48 ms AHEAD of the picture (playhead 69548 ms, picture 69500 ms)
16:56:00.232 playback: playhead is 0 ms AHEAD of the picture (playhead 69583 ms, picture 69583 ms)
16:56:00.326 playback: playhead is 48 ms AHEAD of the picture (playhead 69714 ms, picture 69666 ms)
16:56:00.375 playback: playhead is 0 ms AHEAD of the picture (playhead 69750 ms, picture 69750 ms)
16:56:00.423 playback: playhead is 50 ms AHEAD of the picture (playhead 69800 ms, picture 69750 ms)
16:56:00.471 playback: playhead is 0 ms AHEAD of the picture (playhead 69833 ms, picture 69833 ms)
16:56:00.616 playback: playhead.jump 69833 -> 70000 ms (+167) [+2106 ms] from MonitorPanel.qml:938 (onTriggered)
16:56:00.751 playback: playhead is 48 ms AHEAD of the picture (playhead 70131 ms, picture 70083 ms)
16:56:00.799 playback: playhead is 0 ms AHEAD of the picture (playhead 70166 ms, picture 70166 ms)
16:56:00.846 playback: playhead is 48 ms AHEAD of the picture (playhead 70214 ms, picture 70166 ms)
16:56:00.894 playback: playhead is 0 ms AHEAD of the picture (playhead 70250 ms, picture 70250 ms)
16:56:00.991 playback: playhead is 44 ms AHEAD of the picture (playhead 70377 ms, picture 70333 ms)
16:56:01.039 playback: playhead is 0 ms AHEAD of the picture (playhead 70416 ms, picture 70416 ms)
16:56:01.086 playback: playhead is 48 ms AHEAD of the picture (playhead 70464 ms, picture 70416 ms)
16:56:01.135 playback: playhead is 0 ms AHEAD of the picture (playhead 70500 ms, picture 70500 ms)
16:56:01.183 playback: playhead is 48 ms AHEAD of the picture (playhead 70548 ms, picture 70500 ms)
16:56:01.231 playback: playhead is 0 ms AHEAD of the picture (playhead 70583 ms, picture 70583 ms)
16:56:01.326 playback: playhead is 48 ms AHEAD of the picture (playhead 70714 ms, picture 70666 ms)
16:56:01.375 playback: playhead is 0 ms AHEAD of the picture (playhead 70750 ms, picture 70750 ms)
16:56:01.425 playback: playhead is 49 ms AHEAD of the picture (playhead 70799 ms, picture 70750 ms)
16:56:01.470 playback: playhead is 0 ms AHEAD of the picture (playhead 70833 ms, picture 70833 ms)
16:56:01.567 playback: playhead is 47 ms AHEAD of the picture (playhead 70963 ms, picture 70916 ms)
16:56:01.616 playback: playhead is 0 ms AHEAD of the picture (playhead 71000 ms, picture 71000 ms)
16:56:01.664 playback: playhead is 48 ms AHEAD of the picture (playhead 71048 ms, picture 71000 ms)
16:56:01.711 playback: playhead is 1 ms AHEAD of the picture (playhead 71084 ms, picture 71083 ms)
16:56:01.759 playback: playhead is 48 ms AHEAD of the picture (playhead 71131 ms, picture 71083 ms)
16:56:01.808 playback: playhead is 0 ms AHEAD of the picture (playhead 71166 ms, picture 71166 ms)
16:56:01.902 playback: playhead is 47 ms AHEAD of the picture (playhead 71297 ms, picture 71250 ms)
16:56:01.951 playback: playhead is 0 ms AHEAD of the picture (playhead 71333 ms, picture 71333 ms)
16:56:01.999 playback: playhead is 48 ms AHEAD of the picture (playhead 71381 ms, picture 71333 ms)
16:56:02.047 playback: playhead is 0 ms AHEAD of the picture (playhead 71416 ms, picture 71416 ms)
16:56:02.095 playback: playhead is 48 ms AHEAD of the picture (playhead 71464 ms, picture 71416 ms)
16:56:02.143 playback: playhead is 0 ms AHEAD of the picture (playhead 71500 ms, picture 71500 ms)
16:56:02.238 playback: playhead is 48 ms AHEAD of the picture (playhead 71631 ms, picture 71583 ms)
16:56:02.286 playback: playhead is 0 ms AHEAD of the picture (playhead 71666 ms, picture 71666 ms)
16:56:02.337 playback: playhead is 51 ms AHEAD of the picture (playhead 71717 ms, picture 71666 ms)
16:56:02.383 playback: playhead is 0 ms AHEAD of the picture (playhead 71750 ms, picture 71750 ms)
16:56:02.432 playback: playhead is 49 ms AHEAD of the picture (playhead 71799 ms, picture 71750 ms)
16:56:02.479 playback: playhead is 0 ms AHEAD of the picture (playhead 71833 ms, picture 71833 ms)
16:56:02.576 playback: playhead is 47 ms AHEAD of the picture (playhead 71963 ms, picture 71916 ms)
16:56:02.632 playback: playhead is 1 ms AHEAD of the picture (playhead 72001 ms, picture 72000 ms)
16:56:02.743 playback: playhead is 49 ms AHEAD of the picture (playhead 72132 ms, picture 72083 ms)
16:56:02.791 playback: playhead is 0 ms AHEAD of the picture (playhead 72166 ms, picture 72166 ms)
16:56:02.838 playback: playhead is 48 ms AHEAD of the picture (playhead 72214 ms, picture 72166 ms)
16:56:02.887 playback: playhead is 0 ms AHEAD of the picture (playhead 72250 ms, picture 72250 ms)
16:56:02.983 playback: playhead is 46 ms AHEAD of the picture (playhead 72379 ms, picture 72333 ms)
16:56:03.032 playback: playhead is 0 ms AHEAD of the picture (playhead 72416 ms, picture 72416 ms)
16:56:03.079 playback: playhead is 47 ms AHEAD of the picture (playhead 72463 ms, picture 72416 ms)
16:56:03.127 playback: playhead is 0 ms AHEAD of the picture (playhead 72500 ms, picture 72500 ms)
16:56:03.175 playback: playhead is 47 ms AHEAD of the picture (playhead 72547 ms, picture 72500 ms)
16:56:03.222 playback: playhead is 0 ms AHEAD of the picture (playhead 72583 ms, picture 72583 ms)
16:56:03.328 playback: playhead is 53 ms AHEAD of the picture (playhead 72719 ms, picture 72666 ms)
16:56:03.376 playback: playhead is 0 ms AHEAD of the picture (playhead 72750 ms, picture 72750 ms)
16:56:03.425 playback: playhead is 48 ms AHEAD of the picture (playhead 72798 ms, picture 72750 ms)
16:56:03.471 playback: playhead is 0 ms AHEAD of the picture (playhead 72833 ms, picture 72833 ms)
16:56:03.519 playback: playhead is 48 ms AHEAD of the picture (playhead 72881 ms, picture 72833 ms)
16:56:03.566 playback: playhead is 0 ms AHEAD of the picture (playhead 72916 ms, picture 72916 ms)
16:56:03.665 playback: playhead is 42 ms AHEAD of the picture (playhead 73042 ms, picture 73000 ms)
16:56:03.711 playback: playhead is 0 ms AHEAD of the picture (playhead 73083 ms, picture 73083 ms)
16:56:03.761 playback: playhead is 48 ms AHEAD of the picture (playhead 73131 ms, picture 73083 ms)
16:56:03.808 playback: playhead is 0 ms AHEAD of the picture (playhead 73166 ms, picture 73166 ms)
16:56:03.902 playback: playhead is 45 ms AHEAD of the picture (playhead 73295 ms, picture 73250 ms)
16:56:03.955 playback: playhead is 0 ms AHEAD of the picture (playhead 73333 ms, picture 73333 ms)
16:56:04.079 playback: playhead is 47 ms AHEAD of the picture (playhead 73463 ms, picture 73416 ms)
16:56:04.128 playback: playhead is 0 ms AHEAD of the picture (playhead 73500 ms, picture 73500 ms)
16:56:04.176 playback: playhead is 48 ms AHEAD of the picture (playhead 73548 ms, picture 73500 ms)
16:56:04.225 playback: playhead is 1 ms AHEAD of the picture (playhead 73584 ms, picture 73583 ms)
16:56:04.319 playback: playhead is 47 ms AHEAD of the picture (playhead 73713 ms, picture 73666 ms)
16:56:04.369 playback: playhead is 0 ms AHEAD of the picture (playhead 73750 ms, picture 73750 ms)
16:56:04.417 playback: playhead is 50 ms AHEAD of the picture (playhead 73800 ms, picture 73750 ms)
16:56:04.467 playback: playhead is 0 ms AHEAD of the picture (playhead 73833 ms, picture 73833 ms)
16:56:04.842 playback: playhead.jump 73833 -> 74166 ms (+333) [+4226 ms] from MonitorPanel.qml:938 (onTriggered)
16:56:04.936 playback: playhead is 48 ms AHEAD of the picture (playhead 74298 ms, picture 74250 ms)
16:56:04.992 playback: playhead is 0 ms AHEAD of the picture (playhead 74333 ms, picture 74333 ms)
16:56:05.090 playback: playhead is 50 ms AHEAD of the picture (playhead 74466 ms, picture 74416 ms)
16:56:05.137 playback: playhead is 0 ms AHEAD of the picture (playhead 74500 ms, picture 74500 ms)
16:56:05.186 playback: playhead is 50 ms AHEAD of the picture (playhead 74550 ms, picture 74500 ms)
16:56:05.233 playback: playhead is 0 ms AHEAD of the picture (playhead 74583 ms, picture 74583 ms)
16:56:05.326 playback: playhead is 48 ms AHEAD of the picture (playhead 74714 ms, picture 74666 ms)
16:56:05.386 playback: playhead is 0 ms AHEAD of the picture (playhead 74750 ms, picture 74750 ms)
16:56:05.432 playback: playhead is 45 ms AHEAD of the picture (playhead 74795 ms, picture 74750 ms)
16:56:05.481 playback: playhead is 0 ms AHEAD of the picture (playhead 74833 ms, picture 74833 ms)
16:56:05.575 playback: playhead is 47 ms AHEAD of the picture (playhead 74963 ms, picture 74916 ms)
16:56:05.625 playback: playhead is 0 ms AHEAD of the picture (playhead 75000 ms, picture 75000 ms)
16:56:05.671 playback: playhead is 46 ms AHEAD of the picture (playhead 75046 ms, picture 75000 ms)
16:56:05.722 playback: playhead is 0 ms AHEAD of the picture (playhead 75083 ms, picture 75083 ms)
16:56:05.768 playback: playhead is 45 ms AHEAD of the picture (playhead 75128 ms, picture 75083 ms)
16:56:05.830 playback: playhead is 0 ms AHEAD of the picture (playhead 75166 ms, picture 75166 ms)
16:56:05.918 playback: playhead is 48 ms AHEAD of the picture (playhead 75298 ms, picture 75250 ms)
16:56:05.966 playback: playhead is 0 ms AHEAD of the picture (playhead 75333 ms, picture 75333 ms)
16:56:06.016 playback: playhead is 49 ms AHEAD of the picture (playhead 75382 ms, picture 75333 ms)
16:56:06.066 playback: playhead is 0 ms AHEAD of the picture (playhead 75416 ms, picture 75416 ms)
16:56:06.159 playback: playhead is 46 ms AHEAD of the picture (playhead 75546 ms, picture 75500 ms)
16:56:06.208 playback: playhead is 0 ms AHEAD of the picture (playhead 75583 ms, picture 75583 ms)
16:56:06.254 playback: playhead is 47 ms AHEAD of the picture (playhead 75630 ms, picture 75583 ms)
16:56:06.302 playback: playhead is 0 ms AHEAD of the picture (playhead 75666 ms, picture 75666 ms)
16:56:06.351 playback: playhead is 49 ms AHEAD of the picture (playhead 75715 ms, picture 75666 ms)
16:56:06.400 playback: playhead is 1 ms AHEAD of the picture (playhead 75751 ms, picture 75750 ms)
16:56:06.495 playback: playhead is 48 ms AHEAD of the picture (playhead 75881 ms, picture 75833 ms)
16:56:06.543 playback: playhead is 0 ms AHEAD of the picture (playhead 75916 ms, picture 75916 ms)
16:56:06.591 playback: playhead is 46 ms AHEAD of the picture (playhead 75962 ms, picture 75916 ms)
16:56:06.638 playback: playhead is 0 ms AHEAD of the picture (playhead 76000 ms, picture 76000 ms)
16:56:06.833 playback: playhead is 54 ms AHEAD of the picture (playhead 76220 ms, picture 76166 ms)
16:56:06.878 playback: playhead is 0 ms AHEAD of the picture (playhead 76250 ms, picture 76250 ms)
16:56:06.927 playback: playhead is 48 ms AHEAD of the picture (playhead 76298 ms, picture 76250 ms)
16:56:06.977 playback: playhead is 0 ms AHEAD of the picture (playhead 76333 ms, picture 76333 ms)
16:56:07.071 playback: playhead is 43 ms AHEAD of the picture (playhead 76459 ms, picture 76416 ms)
16:56:07.120 playback: playhead is 0 ms AHEAD of the picture (playhead 76500 ms, picture 76500 ms)
16:56:07.167 playback: playhead is 47 ms AHEAD of the picture (playhead 76547 ms, picture 76500 ms)
16:56:07.229 playback: playhead is 0 ms AHEAD of the picture (playhead 76583 ms, picture 76583 ms)
16:56:07.326 playback: playhead is 51 ms AHEAD of the picture (playhead 76717 ms, picture 76666 ms)
16:56:07.373 playback: playhead is 0 ms AHEAD of the picture (playhead 76750 ms, picture 76750 ms)
16:56:07.425 playback: playhead is 52 ms AHEAD of the picture (playhead 76802 ms, picture 76750 ms)
16:56:07.471 playback: playhead is 0 ms AHEAD of the picture (playhead 76833 ms, picture 76833 ms)
16:56:07.518 playback: playhead is 48 ms AHEAD of the picture (playhead 76881 ms, picture 76833 ms)
16:56:07.568 playback: playhead is 0 ms AHEAD of the picture (playhead 76916 ms, picture 76916 ms)
16:56:07.663 playback: playhead is 43 ms AHEAD of the picture (playhead 77043 ms, picture 77000 ms)
16:56:07.712 playback: playhead is 0 ms AHEAD of the picture (playhead 77083 ms, picture 77083 ms)
16:56:07.759 playback: playhead is 49 ms AHEAD of the picture (playhead 77132 ms, picture 77083 ms)
16:56:07.809 playback: playhead is 0 ms AHEAD of the picture (playhead 77166 ms, picture 77166 ms)
16:56:07.905 playback: playhead is 48 ms AHEAD of the picture (playhead 77298 ms, picture 77250 ms)
16:56:07.952 playback: playhead is 1 ms AHEAD of the picture (playhead 77334 ms, picture 77333 ms)
16:56:08.003 playback: playhead is 51 ms AHEAD of the picture (playhead 77384 ms, picture 77333 ms)
16:56:08.047 playback: playhead is 0 ms AHEAD of the picture (playhead 77416 ms, picture 77416 ms)
16:56:08.096 playback: playhead is 48 ms AHEAD of the picture (playhead 77464 ms, picture 77416 ms)
16:56:08.121 playback: playing true -> false at playhead 77464 ms [+3277 ms] from MonitorPanel.qml:1868 (onClicked)
16:56:08.121 monitor: playing -> false at 77464
16:56:08.122 playback: session.stop decoder running, picture at 77500 ms [+1 ms] from MonitorPanel.qml:1003 (onPlayingChanged) <- MonitorPanel.qml:1868 (onClicked)
16:56:08.684 playback: playing false -> true at playhead 77464 ms [+563 ms] from MonitorPanel.qml:536 (startPlayback) <- MonitorPanel.qml:1870 (onClicked)
16:56:08.685 monitor: playing -> true at 77464
16:56:08.685 monitor: playback session at playhead 77464 clip clip_506631bb7f3d
16:56:08.685 playback: session.start The Weakest Boy Enters Demon Slayer Academy With a God’s Power - manhwa recap.mp4 at source 77464 ms, kind video [+0 ms] from MonitorPanel.qml:645 (startProcessPlayback) <- MonitorPanel.qml:968 (onPlayingChanged) <- MonitorPanel.qml:536 (startPlayback) <- MonitorPanel.qml:1870 (onClicked)
16:56:08.739 [mov,mp4,m4a,3gp,3g2,mj2 @ 00000164f7cfef40] st: 1 edit list: 1 Missing key frame while searching for timestamp: 0
16:56:08.739 [mov,mp4,m4a,3gp,3g2,mj2 @ 00000164f7cfef40] st: 1 edit list 1 Cannot find an index entry before timestamp: 0.
16:56:08.915 preview playback: first frame after 226 ms, at source 77500 ms (requested 77464 ms)
16:56:08.915 playback: frame at source 77500 ms, advanced 0 ms of media in 814 ms of wall clock
16:56:08.945 playback: playhead is 0 ms AHEAD of the picture (playhead 77583 ms, picture 77583 ms)
16:56:09.088 playback: playhead is 49 ms AHEAD of the picture (playhead 77799 ms, picture 77750 ms)
16:56:09.138 playback: playhead is 0 ms AHEAD of the picture (playhead 77833 ms, picture 77833 ms)
16:56:09.186 playback: playhead is 49 ms AHEAD of the picture (playhead 77882 ms, picture 77833 ms)
16:56:09.230 playback: playhead is 0 ms AHEAD of the picture (playhead 77916 ms, picture 77916 ms)
16:56:09.279 playback: playhead is 48 ms AHEAD of the picture (playhead 77964 ms, picture 77916 ms)
16:56:09.328 playback: playhead is 0 ms AHEAD of the picture (playhead 78000 ms, picture 78000 ms)
16:56:09.425 playback: playhead is 46 ms AHEAD of the picture (playhead 78129 ms, picture 78083 ms)
16:56:09.471 playback: playhead is 1 ms AHEAD of the picture (playhead 78167 ms, picture 78166 ms)
16:56:09.518 playback: playhead is 48 ms AHEAD of the picture (playhead 78214 ms, picture 78166 ms)
16:56:09.569 playback: playhead is 0 ms AHEAD of the picture (playhead 78250 ms, picture 78250 ms)
16:56:09.615 playback: playhead is 45 ms AHEAD of the picture (playhead 78295 ms, picture 78250 ms)
16:56:09.663 playback: playhead is 0 ms AHEAD of the picture (playhead 78333 ms, picture 78333 ms)
16:56:09.759 playback: playhead is 47 ms AHEAD of the picture (playhead 78463 ms, picture 78416 ms)
16:56:09.808 playback: playhead is 1 ms AHEAD of the picture (playhead 78501 ms, picture 78500 ms)
16:56:09.856 playback: playhead is 48 ms AHEAD of the picture (playhead 78548 ms, picture 78500 ms)
16:56:09.906 playback: playhead is 0 ms AHEAD of the picture (playhead 78583 ms, picture 78583 ms)
16:56:09.951 playback: playhead is 44 ms AHEAD of the picture (playhead 78627 ms, picture 78583 ms)
16:56:09.999 playback: playhead is 0 ms AHEAD of the picture (playhead 78666 ms, picture 78666 ms)
16:56:10.094 playback: playhead is 45 ms AHEAD of the picture (playhead 78795 ms, picture 78750 ms)
16:56:10.144 playback: playhead is 0 ms AHEAD of the picture (playhead 78833 ms, picture 78833 ms)
16:56:10.614 playback: playhead.jump 78833 -> 79250 ms (+417) [+1928 ms] from MonitorPanel.qml:938 (onTriggered)
16:56:10.782 playback: playhead is 48 ms AHEAD of the picture (playhead 79464 ms, picture 79416 ms)
16:56:10.831 playback: playhead is 0 ms AHEAD of the picture (playhead 79500 ms, picture 79500 ms)
16:56:10.927 playback: playhead is 48 ms AHEAD of the picture (playhead 79631 ms, picture 79583 ms)
16:56:10.974 playback: playhead is 0 ms AHEAD of the picture (playhead 79666 ms, picture 79666 ms)
16:56:11.024 playback: playhead is 49 ms AHEAD of the picture (playhead 79715 ms, picture 79666 ms)
16:56:11.069 playback: playhead is 0 ms AHEAD of the picture (playhead 79750 ms, picture 79750 ms)
16:56:11.167 playback: playhead is 46 ms AHEAD of the picture (playhead 79879 ms, picture 79833 ms)
16:56:11.216 playback: playhead is 0 ms AHEAD of the picture (playhead 79916 ms, picture 79916 ms)
16:56:11.264 playback: playhead is 48 ms AHEAD of the picture (playhead 79964 ms, picture 79916 ms)
16:56:11.312 playback: playhead is 0 ms AHEAD of the picture (playhead 80000 ms, picture 80000 ms)
16:56:11.360 playback: playhead is 49 ms AHEAD of the picture (playhead 80049 ms, picture 80000 ms)
16:56:11.408 playback: playhead is 0 ms AHEAD of the picture (playhead 80083 ms, picture 80083 ms)
16:56:11.504 playback: playhead is 47 ms AHEAD of the picture (playhead 80213 ms, picture 80166 ms)
16:56:11.554 playback: playhead is 0 ms AHEAD of the picture (playhead 80250 ms, picture 80250 ms)
16:56:11.600 playback: playhead is 46 ms AHEAD of the picture (playhead 80296 ms, picture 80250 ms)
16:56:11.649 playback: playhead is 1 ms AHEAD of the picture (playhead 80334 ms, picture 80333 ms)
16:56:11.696 playback: playhead is 48 ms AHEAD of the picture (playhead 80381 ms, picture 80333 ms)
16:56:11.745 playback: playhead is 0 ms AHEAD of the picture (playhead 80416 ms, picture 80416 ms)
16:56:11.839 playback: playhead is 44 ms AHEAD of the picture (playhead 80544 ms, picture 80500 ms)
16:56:11.887 playback: playhead is 0 ms AHEAD of the picture (playhead 80583 ms, picture 80583 ms)
16:56:11.936 playback: playhead is 48 ms AHEAD of the picture (playhead 80631 ms, picture 80583 ms)
16:56:11.984 playback: playhead is 0 ms AHEAD of the picture (playhead 80666 ms, picture 80666 ms)
16:56:12.032 playback: playhead is 50 ms AHEAD of the picture (playhead 80716 ms, picture 80666 ms)
16:56:12.079 playback: playhead is 0 ms AHEAD of the picture (playhead 80750 ms, picture 80750 ms)
16:56:12.175 playback: playhead is 47 ms AHEAD of the picture (playhead 80880 ms, picture 80833 ms)
16:56:12.224 playback: playhead is 0 ms AHEAD of the picture (playhead 80916 ms, picture 80916 ms)
16:56:12.272 playback: playhead is 49 ms AHEAD of the picture (playhead 80965 ms, picture 80916 ms)
16:56:12.318 playback: playhead is 0 ms AHEAD of the picture (playhead 81000 ms, picture 81000 ms)
16:56:12.369 playback: playhead is 49 ms AHEAD of the picture (playhead 81049 ms, picture 81000 ms)
16:56:12.422 playback: playhead is 0 ms AHEAD of the picture (playhead 81083 ms, picture 81083 ms)
16:56:12.510 playback: playhead is 48 ms AHEAD of the picture (playhead 81214 ms, picture 81166 ms)
16:56:12.559 playback: playhead is 0 ms AHEAD of the picture (playhead 81250 ms, picture 81250 ms)
16:56:12.607 playback: playhead is 49 ms AHEAD of the picture (playhead 81299 ms, picture 81250 ms)
16:56:12.688 playback: playhead is 0 ms AHEAD of the picture (playhead 81333 ms, picture 81333 ms)
16:56:12.784 playback: playhead is 48 ms AHEAD of the picture (playhead 81464 ms, picture 81416 ms)
16:56:12.834 playback: playhead is 0 ms AHEAD of the picture (playhead 81500 ms, picture 81500 ms)
16:56:12.928 playback: playhead is 49 ms AHEAD of the picture (playhead 81632 ms, picture 81583 ms)
16:56:12.975 playback: playhead is 0 ms AHEAD of the picture (playhead 81666 ms, picture 81666 ms)
16:56:13.032 playback: playhead is 57 ms AHEAD of the picture (playhead 81723 ms, picture 81666 ms)
16:56:13.078 playback: playhead is 0 ms AHEAD of the picture (playhead 81750 ms, picture 81750 ms)
16:56:13.175 playback: playhead is 48 ms AHEAD of the picture (playhead 81881 ms, picture 81833 ms)
16:56:13.224 playback: playhead is 0 ms AHEAD of the picture (playhead 81916 ms, picture 81916 ms)
16:56:13.270 playback: playhead is 46 ms AHEAD of the picture (playhead 81962 ms, picture 81916 ms)
16:56:13.318 playback: playhead is 0 ms AHEAD of the picture (playhead 82000 ms, picture 82000 ms)
16:56:13.416 playback: playhead is 48 ms AHEAD of the picture (playhead 82131 ms, picture 82083 ms)
16:56:13.464 playback: playhead is 0 ms AHEAD of the picture (playhead 82166 ms, picture 82166 ms)
16:56:13.510 playback: playhead is 48 ms AHEAD of the picture (playhead 82214 ms, picture 82166 ms)
16:56:13.560 playback: playhead is 0 ms AHEAD of the picture (playhead 82250 ms, picture 82250 ms)
16:56:13.608 playback: playhead is 48 ms AHEAD of the picture (playhead 82298 ms, picture 82250 ms)
16:56:13.654 playback: playhead is 0 ms AHEAD of the picture (playhead 82333 ms, picture 82333 ms)
16:56:13.751 playback: playhead is 46 ms AHEAD of the picture (playhead 82462 ms, picture 82416 ms)
16:56:13.799 playback: playhead is 0 ms AHEAD of the picture (playhead 82500 ms, picture 82500 ms)
16:56:13.848 playback: playhead is 47 ms AHEAD of the picture (playhead 82547 ms, picture 82500 ms)
16:56:13.896 playback: playhead is 0 ms AHEAD of the picture (playhead 82583 ms, picture 82583 ms)
16:56:13.944 playback: playhead is 47 ms AHEAD of the picture (playhead 82630 ms, picture 82583 ms)
16:56:13.991 playback: playhead is 0 ms AHEAD of the picture (playhead 82666 ms, picture 82666 ms)
16:56:14.090 playback: playhead is 50 ms AHEAD of the picture (playhead 82800 ms, picture 82750 ms)
16:56:14.135 playback: playhead is 0 ms AHEAD of the picture (playhead 82833 ms, picture 82833 ms)
16:56:14.184 playback: playhead is 48 ms AHEAD of the picture (playhead 82881 ms, picture 82833 ms)
16:56:14.231 playback: playhead is 0 ms AHEAD of the picture (playhead 82916 ms, picture 82916 ms)
16:56:14.279 playback: playhead is 48 ms AHEAD of the picture (playhead 82964 ms, picture 82916 ms)
16:56:14.327 playback: playhead is 0 ms AHEAD of the picture (playhead 83000 ms, picture 83000 ms)
16:56:14.424 playback: playhead is 49 ms AHEAD of the picture (playhead 83132 ms, picture 83083 ms)
16:56:14.470 playback: playhead is 0 ms AHEAD of the picture (playhead 83166 ms, picture 83166 ms)
16:56:14.519 playback: playhead is 48 ms AHEAD of the picture (playhead 83214 ms, picture 83166 ms)
16:56:14.569 playback: playhead is 0 ms AHEAD of the picture (playhead 83250 ms, picture 83250 ms)
16:56:14.616 playback: playhead is 48 ms AHEAD of the picture (playhead 83298 ms, picture 83250 ms)
16:56:14.694 playback: playhead is 0 ms AHEAD of the picture (playhead 83333 ms, picture 83333 ms)
16:56:14.840 playback: playhead is 48 ms AHEAD of the picture (playhead 83548 ms, picture 83500 ms)
16:56:14.887 playback: playhead is 0 ms AHEAD of the picture (playhead 83583 ms, picture 83583 ms)
16:56:14.936 playback: playhead is 48 ms AHEAD of the picture (playhead 83631 ms, picture 83583 ms)
16:56:14.984 playback: playhead is 0 ms AHEAD of the picture (playhead 83666 ms, picture 83666 ms)
16:56:15.032 playback: playhead is 48 ms AHEAD of the picture (playhead 83714 ms, picture 83666 ms)
16:56:15.078 playback: playhead is 0 ms AHEAD of the picture (playhead 83750 ms, picture 83750 ms)
16:56:15.176 playback: playhead is 47 ms AHEAD of the picture (playhead 83880 ms, picture 83833 ms)
16:56:15.224 playback: playhead is 0 ms AHEAD of the picture (playhead 83916 ms, picture 83916 ms)
16:56:15.271 playback: playhead is 48 ms AHEAD of the picture (playhead 83964 ms, picture 83916 ms)
16:56:15.319 playback: playhead is 0 ms AHEAD of the picture (playhead 84000 ms, picture 84000 ms)
16:56:15.367 playback: playhead is 48 ms AHEAD of the picture (playhead 84048 ms, picture 84000 ms)
16:56:15.416 playback: playhead is 0 ms AHEAD of the picture (playhead 84083 ms, picture 84083 ms)
16:56:15.511 playback: playhead is 48 ms AHEAD of the picture (playhead 84214 ms, picture 84166 ms)
16:56:15.559 playback: playhead is 0 ms AHEAD of the picture (playhead 84250 ms, picture 84250 ms)
16:56:15.607 playback: playhead is 48 ms AHEAD of the picture (playhead 84298 ms, picture 84250 ms)
16:56:15.654 playback: playhead is 0 ms AHEAD of the picture (playhead 84333 ms, picture 84333 ms)
16:56:15.702 playback: playhead is 48 ms AHEAD of the picture (playhead 84381 ms, picture 84333 ms)
16:56:15.751 playback: playhead is 1 ms AHEAD of the picture (playhead 84417 ms, picture 84416 ms)
16:56:15.846 playback: playhead is 46 ms AHEAD of the picture (playhead 84546 ms, picture 84500 ms)
16:56:15.895 playback: playhead is 0 ms AHEAD of the picture (playhead 84583 ms, picture 84583 ms)
16:56:15.943 playback: playhead is 47 ms AHEAD of the picture (playhead 84630 ms, picture 84583 ms)
16:56:15.991 playback: playhead is 0 ms AHEAD of the picture (playhead 84666 ms, picture 84666 ms)
16:56:16.086 playback: playhead is 48 ms AHEAD of the picture (playhead 84798 ms, picture 84750 ms)
16:56:16.136 playback: playhead is 0 ms AHEAD of the picture (playhead 84833 ms, picture 84833 ms)
16:56:16.182 playback: playhead is 47 ms AHEAD of the picture (playhead 84880 ms, picture 84833 ms)
16:56:16.231 playback: playhead is 0 ms AHEAD of the picture (playhead 84916 ms, picture 84916 ms)
16:56:16.279 playback: playhead is 48 ms AHEAD of the picture (playhead 84964 ms, picture 84916 ms)
16:56:16.327 playback: playhead is 0 ms AHEAD of the picture (playhead 85000 ms, picture 85000 ms)
16:56:16.424 playback: playhead is 50 ms AHEAD of the picture (playhead 85133 ms, picture 85083 ms)
16:56:16.470 playback: playhead is 0 ms AHEAD of the picture (playhead 85166 ms, picture 85166 ms)
16:56:16.518 playback: playhead is 48 ms AHEAD of the picture (playhead 85214 ms, picture 85166 ms)
16:56:16.568 playback: playhead is 0 ms AHEAD of the picture (playhead 85250 ms, picture 85250 ms)
16:56:16.616 playback: playhead is 47 ms AHEAD of the picture (playhead 85297 ms, picture 85250 ms)
16:56:16.696 playback: playhead is 0 ms AHEAD of the picture (playhead 85333 ms, picture 85333 ms)
16:56:16.840 playback: playhead is 48 ms AHEAD of the picture (playhead 85548 ms, picture 85500 ms)
16:56:16.888 playback: playhead is 0 ms AHEAD of the picture (playhead 85583 ms, picture 85583 ms)
16:56:16.936 playback: playhead is 48 ms AHEAD of the picture (playhead 85631 ms, picture 85583 ms)
16:56:16.984 playback: playhead is 0 ms AHEAD of the picture (playhead 85666 ms, picture 85666 ms)
16:56:17.031 playback: playhead is 48 ms AHEAD of the picture (playhead 85714 ms, picture 85666 ms)
16:56:17.078 playback: playhead is 0 ms AHEAD of the picture (playhead 85750 ms, picture 85750 ms)
16:56:17.174 playback: playhead is 48 ms AHEAD of the picture (playhead 85881 ms, picture 85833 ms)
16:56:17.224 playback: playhead is 0 ms AHEAD of the picture (playhead 85916 ms, picture 85916 ms)
16:56:17.270 playback: playhead is 47 ms AHEAD of the picture (playhead 85963 ms, picture 85916 ms)
16:56:17.321 playback: playhead is 0 ms AHEAD of the picture (playhead 86000 ms, picture 86000 ms)
16:56:17.416 playback: playhead is 48 ms AHEAD of the picture (playhead 86131 ms, picture 86083 ms)
16:56:17.465 playback: playhead is 0 ms AHEAD of the picture (playhead 86166 ms, picture 86166 ms)
16:56:17.512 playback: playhead is 49 ms AHEAD of the picture (playhead 86215 ms, picture 86166 ms)
16:56:17.559 playback: playhead is 0 ms AHEAD of the picture (playhead 86250 ms, picture 86250 ms)
16:56:17.608 playback: playhead is 49 ms AHEAD of the picture (playhead 86299 ms, picture 86250 ms)
16:56:17.657 playback: playhead is 0 ms AHEAD of the picture (playhead 86333 ms, picture 86333 ms)
16:56:17.752 playback: playhead is 47 ms AHEAD of the picture (playhead 86463 ms, picture 86416 ms)
16:56:17.801 playback: playhead is 0 ms AHEAD of the picture (playhead 86500 ms, picture 86500 ms)
16:56:17.848 playback: playhead is 48 ms AHEAD of the picture (playhead 86548 ms, picture 86500 ms)
16:56:17.895 playback: playhead is 0 ms AHEAD of the picture (playhead 86583 ms, picture 86583 ms)
16:56:17.943 playback: playhead is 47 ms AHEAD of the picture (playhead 86630 ms, picture 86583 ms)
16:56:17.992 playback: playhead is 0 ms AHEAD of the picture (playhead 86666 ms, picture 86666 ms)
16:56:18.089 playback: playhead is 48 ms AHEAD of the picture (playhead 86798 ms, picture 86750 ms)
16:56:18.136 playback: playhead is 0 ms AHEAD of the picture (playhead 86833 ms, picture 86833 ms)
16:56:18.185 playback: playhead is 47 ms AHEAD of the picture (playhead 86880 ms, picture 86833 ms)
16:56:18.232 playback: playhead is 0 ms AHEAD of the picture (playhead 86916 ms, picture 86916 ms)
16:56:18.280 playback: playhead is 46 ms AHEAD of the picture (playhead 86962 ms, picture 86916 ms)
16:56:18.328 playback: playhead is 0 ms AHEAD of the picture (playhead 87000 ms, picture 87000 ms)
16:56:18.424 playback: playhead is 49 ms AHEAD of the picture (playhead 87132 ms, picture 87083 ms)
16:56:18.474 playback: playhead is 0 ms AHEAD of the picture (playhead 87166 ms, picture 87166 ms)
16:56:18.520 playback: playhead is 46 ms AHEAD of the picture (playhead 87212 ms, picture 87166 ms)
16:56:18.568 playback: playhead is 0 ms AHEAD of the picture (playhead 87250 ms, picture 87250 ms)
16:56:18.616 playback: playhead is 48 ms AHEAD of the picture (playhead 87298 ms, picture 87250 ms)
16:56:18.695 playback: playhead is 0 ms AHEAD of the picture (playhead 87333 ms, picture 87333 ms)
16:56:18.839 playback: playhead is 46 ms AHEAD of the picture (playhead 87546 ms, picture 87500 ms)
16:56:18.886 playback: playhead is 0 ms AHEAD of the picture (playhead 87583 ms, picture 87583 ms)
16:56:18.935 playback: playhead is 48 ms AHEAD of the picture (playhead 87631 ms, picture 87583 ms)
16:56:18.991 playback: playhead is 0 ms AHEAD of the picture (playhead 87666 ms, picture 87666 ms)
16:56:19.086 playback: playhead is 48 ms AHEAD of the picture (playhead 87798 ms, picture 87750 ms)
16:56:19.135 playback: playhead is 0 ms AHEAD of the picture (playhead 87833 ms, picture 87833 ms)
16:56:19.184 playback: playhead is 47 ms AHEAD of the picture (playhead 87880 ms, picture 87833 ms)
16:56:19.232 playback: playhead is 0 ms AHEAD of the picture (playhead 87916 ms, picture 87916 ms)
16:56:19.280 playback: playhead is 47 ms AHEAD of the picture (playhead 87963 ms, picture 87916 ms)
16:56:19.327 playback: playhead is 0 ms AHEAD of the picture (playhead 88000 ms, picture 88000 ms)
16:56:19.424 playback: playhead is 48 ms AHEAD of the picture (playhead 88131 ms, picture 88083 ms)
16:56:19.470 playback: playhead is 0 ms AHEAD of the picture (playhead 88166 ms, picture 88166 ms)
16:56:19.519 playback: playhead is 48 ms AHEAD of the picture (playhead 88214 ms, picture 88166 ms)
16:56:19.567 playback: playhead is 0 ms AHEAD of the picture (playhead 88250 ms, picture 88250 ms)
16:56:19.615 playback: playhead is 50 ms AHEAD of the picture (playhead 88300 ms, picture 88250 ms)
16:56:19.664 playback: playhead is 0 ms AHEAD of the picture (playhead 88333 ms, picture 88333 ms)
16:56:19.760 playback: playhead is 49 ms AHEAD of the picture (playhead 88465 ms, picture 88416 ms)
16:56:19.809 playback: playhead is 0 ms AHEAD of the picture (playhead 88500 ms, picture 88500 ms)
16:56:19.857 playback: playhead is 49 ms AHEAD of the picture (playhead 88549 ms, picture 88500 ms)
16:56:19.903 playback: playhead is 0 ms AHEAD of the picture (playhead 88583 ms, picture 88583 ms)
16:56:20.000 playback: playhead is 46 ms AHEAD of the picture (playhead 88712 ms, picture 88666 ms)
16:56:20.048 playback: playhead is 0 ms AHEAD of the picture (playhead 88750 ms, picture 88750 ms)
16:56:20.095 playback: playhead is 49 ms AHEAD of the picture (playhead 88799 ms, picture 88750 ms)
16:56:20.143 playback: playhead is 0 ms AHEAD of the picture (playhead 88833 ms, picture 88833 ms)
16:56:20.191 playback: playhead is 48 ms AHEAD of the picture (playhead 88881 ms, picture 88833 ms)
16:56:20.239 playback: playhead is 0 ms AHEAD of the picture (playhead 88916 ms, picture 88916 ms)
16:56:20.350 playback: playhead is 57 ms AHEAD of the picture (playhead 89057 ms, picture 89000 ms)
16:56:20.392 playback: playhead is 0 ms AHEAD of the picture (playhead 89083 ms, picture 89083 ms)
16:56:20.440 playback: playhead is 45 ms AHEAD of the picture (playhead 89128 ms, picture 89083 ms)
16:56:20.489 playback: playhead is 0 ms AHEAD of the picture (playhead 89166 ms, picture 89166 ms)
16:56:20.583 playback: playhead is 45 ms AHEAD of the picture (playhead 89295 ms, picture 89250 ms)
16:56:20.634 playback: playhead is 0 ms AHEAD of the picture (playhead 89333 ms, picture 89333 ms)
16:56:20.767 playback: playhead is 48 ms AHEAD of the picture (playhead 89464 ms, picture 89416 ms)
16:56:20.816 playback: playhead is 0 ms AHEAD of the picture (playhead 89500 ms, picture 89500 ms)
16:56:20.863 playback: playhead is 47 ms AHEAD of the picture (playhead 89547 ms, picture 89500 ms)
16:56:20.912 playback: playhead is 0 ms AHEAD of the picture (playhead 89583 ms, picture 89583 ms)
16:56:21.014 playback: playhead is 50 ms AHEAD of the picture (playhead 89716 ms, picture 89666 ms)
16:56:21.057 playback: playhead is 0 ms AHEAD of the picture (playhead 89750 ms, picture 89750 ms)
16:56:21.104 playback: playhead is 46 ms AHEAD of the picture (playhead 89796 ms, picture 89750 ms)
16:56:21.154 playback: playhead is 0 ms AHEAD of the picture (playhead 89833 ms, picture 89833 ms)
16:56:21.199 playback: playhead is 45 ms AHEAD of the picture (playhead 89878 ms, picture 89833 ms)
16:56:21.247 playback: playhead is 0 ms AHEAD of the picture (playhead 89916 ms, picture 89916 ms)
16:56:21.344 playback: playhead is 48 ms AHEAD of the picture (playhead 90048 ms, picture 90000 ms)
16:56:21.395 playback: playhead is 0 ms AHEAD of the picture (playhead 90083 ms, picture 90083 ms)
16:56:21.440 playback: playhead is 45 ms AHEAD of the picture (playhead 90128 ms, picture 90083 ms)
16:56:21.487 playback: playhead is 0 ms AHEAD of the picture (playhead 90166 ms, picture 90166 ms)
16:56:21.587 playback: playhead is 49 ms AHEAD of the picture (playhead 90299 ms, picture 90250 ms)
16:56:21.647 playback: playhead is 0 ms AHEAD of the picture (playhead 90333 ms, picture 90333 ms)
16:56:21.687 playback: playhead is 40 ms AHEAD of the picture (playhead 90373 ms, picture 90333 ms)
16:56:21.737 playback: playhead is 0 ms AHEAD of the picture (playhead 90416 ms, picture 90416 ms)
16:56:21.784 playback: playhead is 46 ms AHEAD of the picture (playhead 90462 ms, picture 90416 ms)
16:56:21.858 playback: playhead is 0 ms AHEAD of the picture (playhead 90500 ms, picture 90500 ms)
16:56:21.944 playback: playhead is 48 ms AHEAD of the picture (playhead 90631 ms, picture 90583 ms)
16:56:21.992 playback: playhead is 0 ms AHEAD of the picture (playhead 90666 ms, picture 90666 ms)
16:56:22.087 playback: playhead is 49 ms AHEAD of the picture (playhead 90799 ms, picture 90750 ms)
16:56:22.137 playback: playhead is 0 ms AHEAD of the picture (playhead 90833 ms, picture 90833 ms)
16:56:22.182 playback: playhead is 46 ms AHEAD of the picture (playhead 90879 ms, picture 90833 ms)
16:56:22.233 playback: playhead is 0 ms AHEAD of the picture (playhead 90916 ms, picture 90916 ms)
16:56:22.279 playback: playhead is 46 ms AHEAD of the picture (playhead 90962 ms, picture 90916 ms)
16:56:22.327 playback: playhead is 0 ms AHEAD of the picture (playhead 91000 ms, picture 91000 ms)
16:56:22.424 playback: playhead is 49 ms AHEAD of the picture (playhead 91132 ms, picture 91083 ms)
16:56:22.472 playback: playhead is 0 ms AHEAD of the picture (playhead 91166 ms, picture 91166 ms)
16:56:22.519 playback: playhead is 48 ms AHEAD of the picture (playhead 91214 ms, picture 91166 ms)
16:56:22.568 playback: playhead is 0 ms AHEAD of the picture (playhead 91250 ms, picture 91250 ms)
16:56:22.616 playback: playhead is 48 ms AHEAD of the picture (playhead 91298 ms, picture 91250 ms)
16:56:22.704 playback: playhead is 0 ms AHEAD of the picture (playhead 91333 ms, picture 91333 ms)
16:56:22.849 playback: playhead is 49 ms AHEAD of the picture (playhead 91549 ms, picture 91500 ms)
16:56:22.896 playback: playhead is 0 ms AHEAD of the picture (playhead 91583 ms, picture 91583 ms)
16:56:22.944 playback: playhead is 47 ms AHEAD of the picture (playhead 91630 ms, picture 91583 ms)
16:56:22.992 playback: playhead is 0 ms AHEAD of the picture (playhead 91666 ms, picture 91666 ms)
16:56:23.086 playback: playhead is 47 ms AHEAD of the picture (playhead 91797 ms, picture 91750 ms)
16:56:23.137 playback: playhead is 0 ms AHEAD of the picture (playhead 91833 ms, picture 91833 ms)
16:56:23.184 playback: playhead is 47 ms AHEAD of the picture (playhead 91880 ms, picture 91833 ms)
16:56:23.233 playback: playhead is 0 ms AHEAD of the picture (playhead 91916 ms, picture 91916 ms)
16:56:23.425 playback: playhead is 49 ms AHEAD of the picture (playhead 92132 ms, picture 92083 ms)
16:56:23.472 playback: playhead is 0 ms AHEAD of the picture (playhead 92166 ms, picture 92166 ms)
16:56:23.520 playback: playhead is 48 ms AHEAD of the picture (playhead 92214 ms, picture 92166 ms)
16:56:23.567 playback: playhead is 0 ms AHEAD of the picture (playhead 92250 ms, picture 92250 ms)
16:56:23.615 playback: playhead is 47 ms AHEAD of the picture (playhead 92297 ms, picture 92250 ms)
16:56:23.664 playback: playhead is 0 ms AHEAD of the picture (playhead 92333 ms, picture 92333 ms)
16:56:23.760 playback: playhead is 49 ms AHEAD of the picture (playhead 92465 ms, picture 92416 ms)
16:56:23.809 playback: playhead is 0 ms AHEAD of the picture (playhead 92500 ms, picture 92500 ms)
16:56:23.856 playback: playhead is 48 ms AHEAD of the picture (playhead 92548 ms, picture 92500 ms)
16:56:23.904 playback: playhead is 0 ms AHEAD of the picture (playhead 92583 ms, picture 92583 ms)
16:56:23.951 playback: playhead is 48 ms AHEAD of the picture (playhead 92631 ms, picture 92583 ms)
16:56:23.999 playback: playhead is 0 ms AHEAD of the picture (playhead 92666 ms, picture 92666 ms)
16:56:24.095 playback: playhead is 47 ms AHEAD of the picture (playhead 92797 ms, picture 92750 ms)
16:56:24.145 playback: playhead is 0 ms AHEAD of the picture (playhead 92833 ms, picture 92833 ms)
16:56:24.191 playback: playhead is 47 ms AHEAD of the picture (playhead 92880 ms, picture 92833 ms)
16:56:24.238 playback: playhead is 0 ms AHEAD of the picture (playhead 92916 ms, picture 92916 ms)
16:56:24.336 playback: playhead is 48 ms AHEAD of the picture (playhead 93048 ms, picture 93000 ms)
16:56:24.383 playback: playhead is 0 ms AHEAD of the picture (playhead 93083 ms, picture 93083 ms)
16:56:24.432 playback: playhead is 50 ms AHEAD of the picture (playhead 93133 ms, picture 93083 ms)
16:56:24.760 playback: playhead.jump 93133 -> 93416 ms (+283) [+14145 ms] from MonitorPanel.qml:938 (onTriggered)
16:56:24.763 playback: playhead is 0 ms AHEAD of the picture (playhead 93416 ms, picture 93416 ms)
16:56:24.856 playback: playhead is 48 ms AHEAD of the picture (playhead 93548 ms, picture 93500 ms)
16:56:24.904 playback: playhead is 0 ms AHEAD of the picture (playhead 93583 ms, picture 93583 ms)
16:56:24.952 playback: playhead is 48 ms AHEAD of the picture (playhead 93631 ms, picture 93583 ms)
16:56:25.000 playback: playhead is 0 ms AHEAD of the picture (playhead 93666 ms, picture 93666 ms)
16:56:25.096 playback: playhead is 49 ms AHEAD of the picture (playhead 93799 ms, picture 93750 ms)
16:56:25.143 playback: playhead is 0 ms AHEAD of the picture (playhead 93833 ms, picture 93833 ms)
16:56:25.192 playback: playhead is 49 ms AHEAD of the picture (playhead 93882 ms, picture 93833 ms)
16:56:25.241 playback: playhead is 0 ms AHEAD of the picture (playhead 93916 ms, picture 93916 ms)
16:56:25.335 playback: playhead is 46 ms AHEAD of the picture (playhead 94046 ms, picture 94000 ms)
16:56:25.385 playback: playhead is 0 ms AHEAD of the picture (playhead 94083 ms, picture 94083 ms)
16:56:25.432 playback: playhead is 48 ms AHEAD of the picture (playhead 94131 ms, picture 94083 ms)
16:56:25.479 playback: playhead is 0 ms AHEAD of the picture (playhead 94166 ms, picture 94166 ms)
16:56:25.528 playback: playhead is 49 ms AHEAD of the picture (playhead 94215 ms, picture 94166 ms)
16:56:25.577 playback: playhead is 0 ms AHEAD of the picture (playhead 94250 ms, picture 94250 ms)
16:56:25.672 playback: playhead is 47 ms AHEAD of the picture (playhead 94380 ms, picture 94333 ms)
16:56:25.851 playback: playhead is 0 ms AHEAD of the picture (playhead 94500 ms, picture 94500 ms)
16:56:25.978 playback: playhead.jump 94500 -> 94666 ms (+166) [+1217 ms] from MonitorPanel.qml:938 (onTriggered)
16:56:26.088 playback: playhead is 47 ms AHEAD of the picture (playhead 94797 ms, picture 94750 ms)
16:56:26.144 playback: playhead is 0 ms AHEAD of the picture (playhead 94833 ms, picture 94833 ms)
16:56:26.342 playback: playhead is 46 ms AHEAD of the picture (playhead 95046 ms, picture 95000 ms)
16:56:26.392 playback: playhead is 0 ms AHEAD of the picture (playhead 95083 ms, picture 95083 ms)
16:56:26.441 playback: playhead is 49 ms AHEAD of the picture (playhead 95132 ms, picture 95083 ms)
16:56:26.576 playback: playhead is 0 ms AHEAD of the picture (playhead 95250 ms, picture 95250 ms)
16:56:26.778 playback: playhead is 61 ms AHEAD of the picture (playhead 95477 ms, picture 95416 ms)
16:56:26.859 playback: playhead is 0 ms AHEAD of the picture (playhead 95500 ms, picture 95500 ms)
16:56:27.024 playback: playhead is 47 ms AHEAD of the picture (playhead 95713 ms, picture 95666 ms)
16:56:27.078 playback: playhead is 0 ms AHEAD of the picture (playhead 95750 ms, picture 95750 ms)
16:56:27.175 playback: playhead is 47 ms AHEAD of the picture (playhead 95880 ms, picture 95833 ms)
16:56:27.224 playback: playhead is 0 ms AHEAD of the picture (playhead 95916 ms, picture 95916 ms)
16:56:27.286 playback: playhead is 60 ms AHEAD of the picture (playhead 95976 ms, picture 95916 ms)
16:56:27.329 playback: playhead is 0 ms AHEAD of the picture (playhead 96000 ms, picture 96000 ms)
16:56:27.450 playback: playhead is 74 ms AHEAD of the picture (playhead 96157 ms, picture 96083 ms)
16:56:27.497 playback: playhead is 0 ms AHEAD of the picture (playhead 96166 ms, picture 96166 ms)
16:56:27.592 playback: playhead is 47 ms AHEAD of the picture (playhead 96297 ms, picture 96250 ms)
16:56:27.640 playback: playhead is 0 ms AHEAD of the picture (playhead 96333 ms, picture 96333 ms)
16:56:27.689 playback: playhead is 49 ms AHEAD of the picture (playhead 96382 ms, picture 96333 ms)
16:56:27.735 playback: playhead is 0 ms AHEAD of the picture (playhead 96416 ms, picture 96416 ms)
16:56:27.784 playback: playhead is 49 ms AHEAD of the picture (playhead 96465 ms, picture 96416 ms)
16:56:27.834 playback: playhead is 0 ms AHEAD of the picture (playhead 96500 ms, picture 96500 ms)
16:56:27.929 playback: playhead is 50 ms AHEAD of the picture (playhead 96633 ms, picture 96583 ms)
16:56:27.975 playback: playhead is 0 ms AHEAD of the picture (playhead 96666 ms, picture 96666 ms)
16:56:28.025 playback: playhead is 50 ms AHEAD of the picture (playhead 96716 ms, picture 96666 ms)
16:56:28.074 playback: playhead is 0 ms AHEAD of the picture (playhead 96750 ms, picture 96750 ms)
16:56:28.170 playback: playhead is 48 ms AHEAD of the picture (playhead 96881 ms, picture 96833 ms)
16:56:28.217 playback: playhead is 1 ms AHEAD of the picture (playhead 96917 ms, picture 96916 ms)
16:56:28.264 playback: playhead is 47 ms AHEAD of the picture (playhead 96963 ms, picture 96916 ms)
16:56:28.313 playback: playhead is 0 ms AHEAD of the picture (playhead 97000 ms, picture 97000 ms)
16:56:28.367 playback: playhead is 55 ms AHEAD of the picture (playhead 97055 ms, picture 97000 ms)
16:56:28.418 playback: playhead is 0 ms AHEAD of the picture (playhead 97083 ms, picture 97083 ms)
16:56:28.454 playback: playing true -> false at playhead 97083 ms [+2476 ms] from MonitorPanel.qml:1868 (onClicked)
16:56:28.455 monitor: playing -> false at 97083
16:56:28.455 playback: session.stop decoder running, picture at 97166 ms [+1 ms] from MonitorPanel.qml:1003 (onPlayingChanged) <- MonitorPanel.qml:1868 (onClicked)
16:56:29.043 playback: playing false -> true at playhead 97083 ms [+588 ms] from MonitorPanel.qml:536 (startPlayback) <- MonitorPanel.qml:1870 (onClicked)
16:56:29.043 monitor: playing -> true at 97083
16:56:29.043 monitor: playback session at playhead 97083 clip clip_506631bb7f3d
16:56:29.043 playback: session.start The Weakest Boy Enters Demon Slayer Academy With a God’s Power - manhwa recap.mp4 at source 97083 ms, kind video [+0 ms] from MonitorPanel.qml:645 (startProcessPlayback) <- MonitorPanel.qml:968 (onPlayingChanged) <- MonitorPanel.qml:536 (startPlayback) <- MonitorPanel.qml:1870 (onClicked)
16:56:29.091 [mov,mp4,m4a,3gp,3g2,mj2 @ 00000164f7cfec80] st: 1 edit list: 1 Missing key frame while searching for timestamp: 0
16:56:29.092 [mov,mp4,m4a,3gp,3g2,mj2 @ 00000164f7cfec80] st: 1 edit list 1 Cannot find an index entry before timestamp: 0.
16:56:29.306 preview playback: first frame after 259 ms, at source 97083 ms (requested 97083 ms)
16:56:29.306 playback: frame at source 97083 ms, advanced -83 ms of media in 856 ms of wall clock
16:56:29.342 playback: playhead.jump 97083 -> 97250 ms (+167) [+297 ms] from MonitorPanel.qml:938 (onTriggered)
16:56:29.440 playback: playhead is 46 ms AHEAD of the picture (playhead 97379 ms, picture 97333 ms)
16:56:29.486 playback: playhead is 0 ms AHEAD of the picture (playhead 97416 ms, picture 97416 ms)
16:56:29.535 playback: playhead is 48 ms AHEAD of the picture (playhead 97464 ms, picture 97416 ms)
16:56:29.583 playback: playhead is 0 ms AHEAD of the picture (playhead 97500 ms, picture 97500 ms)
16:56:29.632 playback: playhead is 49 ms AHEAD of the picture (playhead 97549 ms, picture 97500 ms)
16:56:29.679 playback: playhead is 0 ms AHEAD of the picture (playhead 97583 ms, picture 97583 ms)
16:56:29.775 playback: playhead is 48 ms AHEAD of the picture (playhead 97714 ms, picture 97666 ms)
16:56:29.824 playback: playhead is 0 ms AHEAD of the picture (playhead 97750 ms, picture 97750 ms)
16:56:29.870 playback: playhead is 46 ms AHEAD of the picture (playhead 97796 ms, picture 97750 ms)
16:56:29.919 playback: playhead is 0 ms AHEAD of the picture (playhead 97833 ms, picture 97833 ms)
16:56:29.967 playback: playhead is 49 ms AHEAD of the picture (playhead 97882 ms, picture 97833 ms)
16:56:30.015 playback: playhead is 0 ms AHEAD of the picture (playhead 97916 ms, picture 97916 ms)
16:56:30.110 playback: playhead is 49 ms AHEAD of the picture (playhead 98049 ms, picture 98000 ms)
16:56:30.159 playback: playhead is 0 ms AHEAD of the picture (playhead 98083 ms, picture 98083 ms)
16:56:30.207 playback: playhead is 48 ms AHEAD of the picture (playhead 98131 ms, picture 98083 ms)
16:56:30.256 playback: playhead is 0 ms AHEAD of the picture (playhead 98166 ms, picture 98166 ms)
16:56:30.304 playback: playhead is 47 ms AHEAD of the picture (playhead 98213 ms, picture 98166 ms)
16:56:30.352 playback: playhead is 0 ms AHEAD of the picture (playhead 98250 ms, picture 98250 ms)
16:56:30.448 playback: playhead is 49 ms AHEAD of the picture (playhead 98382 ms, picture 98333 ms)
16:56:30.496 playback: playhead is 0 ms AHEAD of the picture (playhead 98416 ms, picture 98416 ms)
16:56:30.542 playback: playhead is 48 ms AHEAD of the picture (playhead 98464 ms, picture 98416 ms)
16:56:30.591 playback: playhead is 1 ms AHEAD of the picture (playhead 98501 ms, picture 98500 ms)
16:56:30.711 playback: playhead is 71 ms AHEAD of the picture (playhead 98654 ms, picture 98583 ms)
16:56:30.758 playback: playhead is 0 ms AHEAD of the picture (playhead 98666 ms, picture 98666 ms)
16:56:30.856 playback: playhead is 47 ms AHEAD of the picture (playhead 98797 ms, picture 98750 ms)
16:56:30.903 playback: playhead is 0 ms AHEAD of the picture (playhead 98833 ms, picture 98833 ms)
16:56:30.953 playback: playhead is 48 ms AHEAD of the picture (playhead 98881 ms, picture 98833 ms)
16:56:30.999 playback: playhead is 0 ms AHEAD of the picture (playhead 98916 ms, picture 98916 ms)
16:56:31.048 playback: playhead is 48 ms AHEAD of the picture (playhead 98964 ms, picture 98916 ms)
16:56:31.095 playback: playhead is 0 ms AHEAD of the picture (playhead 99000 ms, picture 99000 ms)
16:56:31.191 playback: playhead is 48 ms AHEAD of the picture (playhead 99131 ms, picture 99083 ms)
16:56:31.240 playback: playhead is 0 ms AHEAD of the picture (playhead 99166 ms, picture 99166 ms)
16:56:31.286 playback: playhead is 47 ms AHEAD of the picture (playhead 99213 ms, picture 99166 ms)
16:56:31.334 playback: playhead is 0 ms AHEAD of the picture (playhead 99250 ms, picture 99250 ms)
16:56:31.383 playback: playhead is 48 ms AHEAD of the picture (playhead 99298 ms, picture 99250 ms)
16:56:31.433 playback: playhead is 0 ms AHEAD of the picture (playhead 99333 ms, picture 99333 ms)
16:56:31.527 playback: playhead is 48 ms AHEAD of the picture (playhead 99464 ms, picture 99416 ms)
16:56:31.576 playback: playhead is 0 ms AHEAD of the picture (playhead 99500 ms, picture 99500 ms)
16:56:31.624 playback: playhead is 50 ms AHEAD of the picture (playhead 99550 ms, picture 99500 ms)
16:56:31.672 playback: playhead is 0 ms AHEAD of the picture (playhead 99583 ms, picture 99583 ms)
16:56:31.719 playback: playhead is 48 ms AHEAD of the picture (playhead 99631 ms, picture 99583 ms)
16:56:31.767 playback: playhead is 0 ms AHEAD of the picture (playhead 99666 ms, picture 99666 ms)
16:56:31.863 playback: playhead is 46 ms AHEAD of the picture (playhead 99796 ms, picture 99750 ms)
16:56:31.914 playback: playhead is 0 ms AHEAD of the picture (playhead 99833 ms, picture 99833 ms)
16:56:31.961 playback: playhead is 47 ms AHEAD of the picture (playhead 99880 ms, picture 99833 ms)
16:56:32.007 playback: playhead is 0 ms AHEAD of the picture (playhead 99916 ms, picture 99916 ms)
16:56:32.102 playback: playhead is 45 ms AHEAD of the picture (playhead 100045 ms, picture 100000 ms)
16:56:32.152 playback: playhead is 0 ms AHEAD of the picture (playhead 100083 ms, picture 100083 ms)
16:56:32.199 playback: playhead is 45 ms AHEAD of the picture (playhead 100128 ms, picture 100083 ms)
16:56:32.247 playback: playhead is 0 ms AHEAD of the picture (playhead 100166 ms, picture 100166 ms)
16:56:32.295 playback: playhead is 48 ms AHEAD of the picture (playhead 100214 ms, picture 100166 ms)
16:56:32.343 playback: playhead is 0 ms AHEAD of the picture (playhead 100250 ms, picture 100250 ms)
16:56:32.440 playback: playhead is 48 ms AHEAD of the picture (playhead 100381 ms, picture 100333 ms)
16:56:32.486 playback: playhead is 0 ms AHEAD of the picture (playhead 100416 ms, picture 100416 ms)
16:56:32.537 playback: playhead is 49 ms AHEAD of the picture (playhead 100465 ms, picture 100416 ms)
16:56:32.545 playback: playing true -> false at playhead 100465 ms [+3203 ms] from TimelinePanel.qml:171 (beginPlayheadScrub) <- TimelinePanel.qml:1396
16:56:32.545 monitor: playing -> false at 100465
16:56:32.622 playback: session.stop decoder idle, picture at 100416 ms [+77 ms] from MonitorPanel.qml:1003 (onPlayingChanged) <- TimelinePanel.qml:171 (beginPlayheadScrub) <- TimelinePanel.qml:1396
16:56:33.098 [h264 @ 00000164e0e4e840] illegal short term buffer state detected
16:56:42.412 playback: playing false -> true at playhead 804435 ms [+9790 ms] from TimelinePanel.qml:185
16:56:42.412 monitor: playing -> true at 804435
16:56:42.412 monitor: playback session at playhead 804435 clip clip_506631bb7f3d
16:56:42.413 playback: session.start The Weakest Boy Enters Demon Slayer Academy With a God’s Power - manhwa recap.mp4 at source 804435 ms, kind video [+1 ms] from MonitorPanel.qml:645 (startProcessPlayback) <- MonitorPanel.qml:968 (onPlayingChanged) <- TimelinePanel.qml:185
16:56:42.497 [mov,mp4,m4a,3gp,3g2,mj2 @ 00000164f7cfef40] st: 1 edit list: 1 Missing key frame while searching for timestamp: 0
16:56:42.498 [mov,mp4,m4a,3gp,3g2,mj2 @ 00000164f7cfef40] st: 1 edit list 1 Cannot find an index entry before timestamp: 0.
16:56:42.686 preview playback: first frame after 269 ms, at source 804458 ms (requested 804435 ms)
16:56:42.686 playback: frame at source 804458 ms, advanced 704042 ms of media in 10218 ms of wall clock
16:56:42.704 playback: playhead is 0 ms AHEAD of the picture (playhead 804458 ms, picture 804458 ms)
16:56:42.750 playback: playhead.jump 804458 -> 804625 ms (+167) [+336 ms] from MonitorPanel.qml:938 (onTriggered)
16:56:42.799 playback: playhead is 49 ms AHEAD of the picture (playhead 804674 ms, picture 804625 ms)
16:56:42.846 playback: playhead is 0 ms AHEAD of the picture (playhead 804708 ms, picture 804708 ms)
16:56:42.895 playback: playhead is 48 ms AHEAD of the picture (playhead 804756 ms, picture 804708 ms)
16:56:42.943 playback: playhead is 0 ms AHEAD of the picture (playhead 804791 ms, picture 804791 ms)
16:56:43.041 playback: playhead is 48 ms AHEAD of the picture (playhead 804923 ms, picture 804875 ms)
16:56:43.086 playback: playhead is 0 ms AHEAD of the picture (playhead 804958 ms, picture 804958 ms)
16:56:43.135 playback: playhead is 48 ms AHEAD of the picture (playhead 805006 ms, picture 804958 ms)
16:56:43.183 playback: playhead is 0 ms AHEAD of the picture (playhead 805041 ms, picture 805041 ms)
16:56:43.232 playback: playhead is 49 ms AHEAD of the picture (playhead 805090 ms, picture 805041 ms)
16:56:43.280 playback: playhead is 0 ms AHEAD of the picture (playhead 805125 ms, picture 805125 ms)
16:56:43.375 playback: playhead is 47 ms AHEAD of the picture (playhead 805255 ms, picture 805208 ms)
16:56:43.424 playback: playhead is 0 ms AHEAD of the picture (playhead 805291 ms, picture 805291 ms)
16:56:43.471 playback: playhead is 47 ms AHEAD of the picture (playhead 805338 ms, picture 805291 ms)
16:56:43.518 playback: playhead is 1 ms AHEAD of the picture (playhead 805376 ms, picture 805375 ms)
16:56:43.567 playback: playhead is 49 ms AHEAD of the picture (playhead 805424 ms, picture 805375 ms)
16:56:43.615 playback: playhead is 0 ms AHEAD of the picture (playhead 805458 ms, picture 805458 ms)
16:56:43.710 playback: playhead is 48 ms AHEAD of the picture (playhead 805589 ms, picture 805541 ms)
16:56:43.759 playback: playhead is 0 ms AHEAD of the picture (playhead 805625 ms, picture 805625 ms)
16:56:43.808 playback: playhead is 49 ms AHEAD of the picture (playhead 805674 ms, picture 805625 ms)
16:56:43.855 playback: playhead is 0 ms AHEAD of the picture (playhead 805708 ms, picture 805708 ms)
16:56:43.903 playback: playhead is 48 ms AHEAD of the picture (playhead 805756 ms, picture 805708 ms)
16:56:43.951 playback: playhead is 0 ms AHEAD of the picture (playhead 805791 ms, picture 805791 ms)
16:56:44.050 playback: playhead is 48 ms AHEAD of the picture (playhead 805923 ms, picture 805875 ms)
16:56:44.095 playback: playhead is 0 ms AHEAD of the picture (playhead 805958 ms, picture 805958 ms)
16:56:44.143 playback: playhead is 48 ms AHEAD of the picture (playhead 806006 ms, picture 805958 ms)
16:56:44.191 playback: playhead is 0 ms AHEAD of the picture (playhead 806041 ms, picture 806041 ms)
16:56:44.211 playback: playing true -> false at playhead 806041 ms [+1460 ms] from MonitorPanel.qml:1868 (onClicked)
16:56:44.211 monitor: playing -> false at 806041
16:56:44.211 playback: session.stop decoder running, picture at 806041 ms [+0 ms] from MonitorPanel.qml:1003 (onPlayingChanged) <- MonitorPanel.qml:1868 (onClicked)
16:56:45.041 playback: playing false -> true at playhead 806041 ms [+829 ms] from MonitorPanel.qml:536 (startPlayback) <- MonitorPanel.qml:1870 (onClicked)
16:56:45.041 monitor: playing -> true at 806041
16:56:45.041 monitor: playback session at playhead 806041 clip clip_506631bb7f3d
16:56:45.042 playback: session.start The Weakest Boy Enters Demon Slayer Academy With a God’s Power - manhwa recap.mp4 at source 806041 ms, kind video [+0 ms] from MonitorPanel.qml:645 (startProcessPlayback) <- MonitorPanel.qml:968 (onPlayingChanged) <- MonitorPanel.qml:536 (startPlayback) <- MonitorPanel.qml:1870 (onClicked)
16:56:45.097 [mov,mp4,m4a,3gp,3g2,mj2 @ 00000164f7cfe480] st: 1 edit list: 1 Missing key frame while searching for timestamp: 0
16:56:45.098 [mov,mp4,m4a,3gp,3g2,mj2 @ 00000164f7cfe480] st: 1 edit list 1 Cannot find an index entry before timestamp: 0.
16:56:45.306 preview playback: first frame after 261 ms, at source 806041 ms (requested 806041 ms)
16:56:45.306 playback: frame at source 806041 ms, advanced 0 ms of media in 1151 ms of wall clock
16:56:45.342 playback: playhead.jump 806041 -> 806208 ms (+167) [+299 ms] from MonitorPanel.qml:938 (onTriggered)
16:56:45.344 playback: playhead is 0 ms AHEAD of the picture (playhead 806208 ms, picture 806208 ms)
16:56:45.391 playback: playhead is 47 ms AHEAD of the picture (playhead 806255 ms, picture 806208 ms)
16:56:45.440 playback: playhead is 0 ms AHEAD of the picture (playhead 806291 ms, picture 806291 ms)
16:56:45.535 playback: playhead is 48 ms AHEAD of the picture (playhead 806423 ms, picture 806375 ms)
16:56:45.585 playback: playhead is 1 ms AHEAD of the picture (playhead 806459 ms, picture 806458 ms)
16:56:45.632 playback: playhead is 48 ms AHEAD of the picture (playhead 806506 ms, picture 806458 ms)
16:56:45.679 playback: playhead is 0 ms AHEAD of the picture (playhead 806541 ms, picture 806541 ms)
16:56:45.728 playback: playhead is 49 ms AHEAD of the picture (playhead 806590 ms, picture 806541 ms)
16:56:45.776 playback: playhead is 0 ms AHEAD of the picture (playhead 806625 ms, picture 806625 ms)
16:56:45.873 playback: playhead is 47 ms AHEAD of the picture (playhead 806755 ms, picture 806708 ms)
16:56:45.921 playback: playhead is 0 ms AHEAD of the picture (playhead 806791 ms, picture 806791 ms)
16:56:45.967 playback: playhead is 47 ms AHEAD of the picture (playhead 806838 ms, picture 806791 ms)
16:56:46.016 playback: playhead is 0 ms AHEAD of the picture (playhead 806875 ms, picture 806875 ms)
16:56:46.065 playback: playhead is 48 ms AHEAD of the picture (playhead 806923 ms, picture 806875 ms)
16:56:46.112 playback: playhead is 0 ms AHEAD of the picture (playhead 806958 ms, picture 806958 ms)
16:56:46.207 playback: playhead is 49 ms AHEAD of the picture (playhead 807090 ms, picture 807041 ms)
16:56:46.255 playback: playhead is 0 ms AHEAD of the picture (playhead 807125 ms, picture 807125 ms)
16:56:46.305 playback: playhead is 49 ms AHEAD of the picture (playhead 807174 ms, picture 807125 ms)
16:56:46.351 playback: playhead is 0 ms AHEAD of the picture (playhead 807208 ms, picture 807208 ms)
16:56:46.399 playback: playhead is 48 ms AHEAD of the picture (playhead 807256 ms, picture 807208 ms)
16:56:46.444 playback: playing true -> false at playhead 807256 ms [+1102 ms] from MonitorPanel.qml:1868 (onClicked)
16:56:46.444 monitor: playing -> false at 807256
16:56:46.445 playback: session.stop decoder running, picture at 807291 ms [+0 ms] from MonitorPanel.qml:1003 (onPlayingChanged) <- MonitorPanel.qml:1868 (onClicked)
16:58:12.555 playback: playing false -> true at playhead 807256 ms [+86109 ms] from MonitorPanel.qml:536 (startPlayback) <- MonitorPanel.qml:1870 (onClicked)
16:58:12.556 monitor: playing -> true at 807256
16:58:12.556 monitor: playback session at playhead 807256 clip clip_506631bb7f3d
16:58:12.557 playback: session.start The Weakest Boy Enters Demon Slayer Academy With a God’s Power - manhwa recap.mp4 at source 807256 ms, kind video [+2 ms] from MonitorPanel.qml:645 (startProcessPlayback) <- MonitorPanel.qml:968 (onPlayingChanged) <- MonitorPanel.qml:536 (startPlayback) <- MonitorPanel.qml:1870 (onClicked)
16:58:12.698 [mov,mp4,m4a,3gp,3g2,mj2 @ 00000164f7cfdf40] st: 1 edit list: 1 Missing key frame while searching for timestamp: 0
16:58:12.699 [mov,mp4,m4a,3gp,3g2,mj2 @ 00000164f7cfdf40] st: 1 edit list 1 Cannot find an index entry before timestamp: 0.
16:58:13.166 playback: playhead.jump 807256 -> 807865 ms (+609) [+609 ms] from MonitorPanel.qml:938 (onTriggered)
16:58:13.179 preview playback: first frame after 609 ms, at source 807291 ms (requested 807256 ms)
16:58:13.179 playback: frame at source 807291 ms, advanced 0 ms of media in 86781 ms of wall clock
16:58:13.305 playback: playhead.jump 807865 -> 807791 ms (-74) [+138 ms] from MonitorPanel.qml:938 (onTriggered)
16:58:13.309 playback: playhead is 0 ms AHEAD of the picture (playhead 807791 ms, picture 807791 ms)
16:58:13.353 playback: playhead is 47 ms AHEAD of the picture (playhead 807838 ms, picture 807791 ms)
16:58:13.399 playback: playhead is 0 ms AHEAD of the picture (playhead 807875 ms, picture 807875 ms)
16:58:13.449 playback: playhead is 50 ms AHEAD of the picture (playhead 807925 ms, picture 807875 ms)
16:58:13.503 playback: playhead is 0 ms AHEAD of the picture (playhead 807958 ms, picture 807958 ms)
16:58:13.609 playback: playhead is 57 ms AHEAD of the picture (playhead 808098 ms, picture 808041 ms)
16:58:13.660 playback: playhead is 0 ms AHEAD of the picture (playhead 808125 ms, picture 808125 ms)
16:58:13.793 playback: playhead is 74 ms AHEAD of the picture (playhead 808282 ms, picture 808208 ms)
16:58:13.869 playback: playhead is 0 ms AHEAD of the picture (playhead 808291 ms, picture 808291 ms)
16:58:14.122 playback: playhead is 59 ms AHEAD of the picture (playhead 808600 ms, picture 808541 ms)
16:58:14.170 playback: playhead is 0 ms AHEAD of the picture (playhead 808625 ms, picture 808625 ms)
16:58:14.450 playback: playhead is 57 ms AHEAD of the picture (playhead 808932 ms, picture 808875 ms)
16:58:14.504 playback: playhead is 0 ms AHEAD of the picture (playhead 808958 ms, picture 808958 ms)
16:58:14.603 playback: playhead is 51 ms AHEAD of the picture (playhead 809092 ms, picture 809041 ms)
16:58:14.716 playback: playhead is 0 ms AHEAD of the picture (playhead 809208 ms, picture 809208 ms)
16:58:14.787 playback: playhead is 72 ms AHEAD of the picture (playhead 809280 ms, picture 809208 ms)
16:58:14.854 playback: playhead is 0 ms AHEAD of the picture (playhead 809291 ms, picture 809291 ms)
16:58:15.017 playback: playhead is 45 ms AHEAD of the picture (playhead 809503 ms, picture 809458 ms)
16:58:15.071 playback: playhead is 0 ms AHEAD of the picture (playhead 809541 ms, picture 809541 ms)
16:58:15.113 playback: playhead is 41 ms AHEAD of the picture (playhead 809582 ms, picture 809541 ms)
16:58:15.169 playback: playhead is 0 ms AHEAD of the picture (playhead 809625 ms, picture 809625 ms)
16:58:15.278 playback: playhead is 56 ms AHEAD of the picture (playhead 809764 ms, picture 809708 ms)
16:58:15.328 playback: playhead is 0 ms AHEAD of the picture (playhead 809791 ms, picture 809791 ms)
16:58:15.379 playback: playhead is 51 ms AHEAD of the picture (playhead 809842 ms, picture 809791 ms)
16:58:15.425 playback: playhead is 0 ms AHEAD of the picture (playhead 809875 ms, picture 809875 ms)
16:58:15.538 playback: playhead is 48 ms AHEAD of the picture (playhead 810006 ms, picture 809958 ms)
16:58:15.592 playback: playhead is 0 ms AHEAD of the picture (playhead 810041 ms, picture 810041 ms)
16:58:15.688 playback: playhead is 40 ms AHEAD of the picture (playhead 810165 ms, picture 810125 ms)
16:58:15.770 playback: playhead is 0 ms AHEAD of the picture (playhead 810208 ms, picture 810208 ms)
16:58:15.864 playback: playhead is 46 ms AHEAD of the picture (playhead 810337 ms, picture 810291 ms)
16:58:15.919 playback: playhead is 0 ms AHEAD of the picture (playhead 810375 ms, picture 810375 ms)
16:58:16.017 playback: playhead is 49 ms AHEAD of the picture (playhead 810507 ms, picture 810458 ms)
16:58:16.071 playback: playhead is 0 ms AHEAD of the picture (playhead 810541 ms, picture 810541 ms)
16:58:16.120 playback: playhead is 50 ms AHEAD of the picture (playhead 810591 ms, picture 810541 ms)
16:58:16.170 playback: playhead is 0 ms AHEAD of the picture (playhead 810625 ms, picture 810625 ms)
16:58:16.273 playback: playhead is 55 ms AHEAD of the picture (playhead 810763 ms, picture 810708 ms)
16:58:16.319 playback: playhead is 0 ms AHEAD of the picture (playhead 810791 ms, picture 810791 ms)
16:58:16.370 playback: playhead is 49 ms AHEAD of the picture (playhead 810840 ms, picture 810791 ms)
16:58:16.418 playback: playhead is 0 ms AHEAD of the picture (playhead 810875 ms, picture 810875 ms)
16:58:16.523 playback: playhead is 54 ms AHEAD of the picture (playhead 811012 ms, picture 810958 ms)
16:58:16.568 playback: playhead is 0 ms AHEAD of the picture (playhead 811041 ms, picture 811041 ms)
16:58:16.616 playback: playhead is 49 ms AHEAD of the picture (playhead 811090 ms, picture 811041 ms)
16:58:16.717 playback: playhead is 0 ms AHEAD of the picture (playhead 811208 ms, picture 811208 ms)
16:58:16.760 playback: playhead is 44 ms AHEAD of the picture (playhead 811252 ms, picture 811208 ms)
16:58:16.819 playback: playhead is 0 ms AHEAD of the picture (playhead 811291 ms, picture 811291 ms)
16:58:16.866 playback: playhead is 48 ms AHEAD of the picture (playhead 811339 ms, picture 811291 ms)
16:58:16.919 playback: playhead is 0 ms AHEAD of the picture (playhead 811375 ms, picture 811375 ms)
16:58:17.017 playback: playhead is 48 ms AHEAD of the picture (playhead 811506 ms, picture 811458 ms)
16:58:17.081 playback: playhead is 0 ms AHEAD of the picture (playhead 811541 ms, picture 811541 ms)
16:58:17.129 playback: playhead is 48 ms AHEAD of the picture (playhead 811589 ms, picture 811541 ms)
16:58:17.175 playback: playhead is 0 ms AHEAD of the picture (playhead 811625 ms, picture 811625 ms)
16:58:17.272 playback: playhead is 46 ms AHEAD of the picture (playhead 811754 ms, picture 811708 ms)
16:58:17.329 playback: playhead is 0 ms AHEAD of the picture (playhead 811791 ms, picture 811791 ms)
16:58:17.528 playback: playhead is 50 ms AHEAD of the picture (playhead 812008 ms, picture 811958 ms)
16:58:17.577 playback: playhead is 0 ms AHEAD of the picture (playhead 812041 ms, picture 812041 ms)
16:58:17.625 playback: playhead is 47 ms AHEAD of the picture (playhead 812088 ms, picture 812041 ms)
16:58:17.691 playback: playhead is 0 ms AHEAD of the picture (playhead 812125 ms, picture 812125 ms)
16:58:17.784 playback: playhead is 45 ms AHEAD of the picture (playhead 812253 ms, picture 812208 ms)
16:58:17.844 playback: playhead is 1 ms AHEAD of the picture (playhead 812292 ms, picture 812291 ms)
16:58:17.960 playback: playhead is 41 ms AHEAD of the picture (playhead 812416 ms, picture 812375 ms)
16:58:18.019 playback: playhead is 0 ms AHEAD of the picture (playhead 812458 ms, picture 812458 ms)
16:58:18.120 playback: playhead is 52 ms AHEAD of the picture (playhead 812593 ms, picture 812541 ms)
16:58:18.180 playback: playhead is 0 ms AHEAD of the picture (playhead 812625 ms, picture 812625 ms)
16:58:18.284 playback: playhead is 46 ms AHEAD of the picture (playhead 812754 ms, picture 812708 ms)
16:58:18.336 playback: playhead is 0 ms AHEAD of the picture (playhead 812791 ms, picture 812791 ms)
16:58:18.433 playback: playhead is 48 ms AHEAD of the picture (playhead 812923 ms, picture 812875 ms)
16:58:18.487 playback: playhead is 0 ms AHEAD of the picture (playhead 812958 ms, picture 812958 ms)
16:58:18.537 playback: playhead is 48 ms AHEAD of the picture (playhead 813006 ms, picture 812958 ms)
16:58:18.586 playback: playhead is 0 ms AHEAD of the picture (playhead 813041 ms, picture 813041 ms)
16:58:18.776 playback: playhead is 46 ms AHEAD of the picture (playhead 813254 ms, picture 813208 ms)
16:58:18.832 playback: playhead is 0 ms AHEAD of the picture (playhead 813291 ms, picture 813291 ms)
16:58:18.937 playback: playhead is 50 ms AHEAD of the picture (playhead 813425 ms, picture 813375 ms)
16:58:18.989 playback: playhead is 0 ms AHEAD of the picture (playhead 813458 ms, picture 813458 ms)
16:58:19.034 playback: playhead is 46 ms AHEAD of the picture (playhead 813504 ms, picture 813458 ms)
16:58:19.090 playback: playhead is 0 ms AHEAD of the picture (playhead 813541 ms, picture 813541 ms)
16:58:19.187 playback: playhead is 48 ms AHEAD of the picture (playhead 813673 ms, picture 813625 ms)
16:58:19.239 playback: playhead is 0 ms AHEAD of the picture (playhead 813708 ms, picture 813708 ms)
16:58:19.282 playback: playhead is 44 ms AHEAD of the picture (playhead 813752 ms, picture 813708 ms)
16:58:19.335 playback: playhead is 0 ms AHEAD of the picture (playhead 813791 ms, picture 813791 ms)
16:58:19.434 playback: playhead is 48 ms AHEAD of the picture (playhead 813923 ms, picture 813875 ms)
16:58:19.482 playback: playhead is 0 ms AHEAD of the picture (playhead 813958 ms, picture 813958 ms)
16:58:19.528 playback: playhead is 47 ms AHEAD of the picture (playhead 814005 ms, picture 813958 ms)
16:58:19.577 playback: playhead is 0 ms AHEAD of the picture (playhead 814041 ms, picture 814041 ms)
16:58:19.625 playback: playhead is 48 ms AHEAD of the picture (playhead 814089 ms, picture 814041 ms)
16:58:19.681 playback: playhead is 1 ms AHEAD of the picture (playhead 814126 ms, picture 814125 ms)
16:58:19.777 playback: playhead is 48 ms AHEAD of the picture (playhead 814256 ms, picture 814208 ms)
16:58:19.832 playback: playhead is 0 ms AHEAD of the picture (playhead 814291 ms, picture 814291 ms)
16:58:19.935 playback: playhead is 53 ms AHEAD of the picture (playhead 814428 ms, picture 814375 ms)
16:58:19.986 playback: playhead is 0 ms AHEAD of the picture (playhead 814458 ms, picture 814458 ms)
16:58:20.033 playback: playhead is 47 ms AHEAD of the picture (playhead 814505 ms, picture 814458 ms)
16:58:20.085 playback: playhead is 0 ms AHEAD of the picture (playhead 814541 ms, picture 814541 ms)
16:58:20.177 playback: playhead is 45 ms AHEAD of the picture (playhead 814670 ms, picture 814625 ms)
16:58:20.234 playback: playhead is 0 ms AHEAD of the picture (playhead 814708 ms, picture 814708 ms)
16:58:20.291 playback: playhead is 57 ms AHEAD of the picture (playhead 814765 ms, picture 814708 ms)
16:58:20.343 playback: playhead is 0 ms AHEAD of the picture (playhead 814791 ms, picture 814791 ms)
16:58:20.441 playback: playhead is 48 ms AHEAD of the picture (playhead 814923 ms, picture 814875 ms)
16:58:20.495 playback: playhead is 0 ms AHEAD of the picture (playhead 814958 ms, picture 814958 ms)
16:58:20.537 playback: playhead is 42 ms AHEAD of the picture (playhead 815000 ms, picture 814958 ms)
16:58:20.585 playback: playhead is 0 ms AHEAD of the picture (playhead 815041 ms, picture 815041 ms)
16:58:20.776 playback: playhead is 49 ms AHEAD of the picture (playhead 815257 ms, picture 815208 ms)
16:58:20.826 playback: playhead is 0 ms AHEAD of the picture (playhead 815291 ms, picture 815291 ms)
16:58:20.872 playback: playhead is 46 ms AHEAD of the picture (playhead 815337 ms, picture 815291 ms)
16:58:20.930 playback: playhead is 0 ms AHEAD of the picture (playhead 815375 ms, picture 815375 ms)
16:58:21.024 playback: playhead is 45 ms AHEAD of the picture (playhead 815503 ms, picture 815458 ms)
16:58:21.080 playback: playhead is 0 ms AHEAD of the picture (playhead 815541 ms, picture 815541 ms)
16:58:21.183 playback: playhead is 49 ms AHEAD of the picture (playhead 815674 ms, picture 815625 ms)
16:58:21.284 playback: playhead is 0 ms AHEAD of the picture (playhead 815708 ms, picture 815708 ms)
16:58:21.387 playback: playhead.jump 815708 -> 815875 ms (+167) [+8082 ms] from MonitorPanel.qml:938 (onTriggered)
16:58:21.448 playback: playhead is 60 ms AHEAD of the picture (playhead 815935 ms, picture 815875 ms)
16:58:21.515 playback: playhead is 1 ms AHEAD of the picture (playhead 815959 ms, picture 815958 ms)
16:58:21.689 playback: playhead is 54 ms AHEAD of the picture (playhead 816179 ms, picture 816125 ms)
16:58:21.756 playback: playhead is 0 ms AHEAD of the picture (playhead 816208 ms, picture 816208 ms)
16:58:21.872 playback: playhead is 54 ms AHEAD of the picture (playhead 816345 ms, picture 816291 ms)
16:58:21.935 playback: playhead is 0 ms AHEAD of the picture (playhead 816375 ms, picture 816375 ms)
16:58:22.105 playback: playhead is 54 ms AHEAD of the picture (playhead 816595 ms, picture 816541 ms)
16:58:22.169 playback: playhead is 0 ms AHEAD of the picture (playhead 816625 ms, picture 816625 ms)
16:58:22.280 playback: playhead is 49 ms AHEAD of the picture (playhead 816757 ms, picture 816708 ms)
16:58:22.337 playback: playhead is 1 ms AHEAD of the picture (playhead 816792 ms, picture 816791 ms)
16:58:22.456 playback: playhead is 59 ms AHEAD of the picture (playhead 816934 ms, picture 816875 ms)
16:58:22.513 playback: playhead is 0 ms AHEAD of the picture (playhead 816958 ms, picture 816958 ms)
16:58:22.779 playback: playhead is 57 ms AHEAD of the picture (playhead 817265 ms, picture 817208 ms)
16:58:22.839 playback: playhead is 0 ms AHEAD of the picture (playhead 817291 ms, picture 817291 ms)
16:58:22.955 playback: playhead is 43 ms AHEAD of the picture (playhead 817418 ms, picture 817375 ms)
16:58:23.013 playback: playhead is 0 ms AHEAD of the picture (playhead 817458 ms, picture 817458 ms)
16:58:23.189 playback: playhead is 55 ms AHEAD of the picture (playhead 817680 ms, picture 817625 ms)
16:58:23.250 playback: playhead is 0 ms AHEAD of the picture (playhead 817708 ms, picture 817708 ms)
16:58:23.365 playback: playhead is 59 ms AHEAD of the picture (playhead 817850 ms, picture 817791 ms)
16:58:23.428 playback: playhead is 0 ms AHEAD of the picture (playhead 817875 ms, picture 817875 ms)
16:58:23.606 playback: playhead is 56 ms AHEAD of the picture (playhead 818097 ms, picture 818041 ms)
16:58:23.667 playback: playhead is 0 ms AHEAD of the picture (playhead 818125 ms, picture 818125 ms)
16:58:23.772 playback: playhead is 56 ms AHEAD of the picture (playhead 818264 ms, picture 818208 ms)
16:58:23.824 playback: playhead is 0 ms AHEAD of the picture (playhead 818291 ms, picture 818291 ms)
16:58:23.872 playback: playhead is 49 ms AHEAD of the picture (playhead 818340 ms, picture 818291 ms)
16:58:23.929 playback: playhead is 0 ms AHEAD of the picture (playhead 818375 ms, picture 818375 ms)
16:58:24.030 playback: playhead is 50 ms AHEAD of the picture (playhead 818508 ms, picture 818458 ms)
16:58:24.040 playback: playing true -> false at playhead 818508 ms [+2653 ms] from TimelinePanel.qml:171 (beginPlayheadScrub) <- TimelinePanel.qml:1396
16:58:24.040 monitor: playing -> false at 818508
16:58:24.142 playback: session.stop decoder idle, picture at 818541 ms [+100 ms] from MonitorPanel.qml:1003 (onPlayingChanged) <- TimelinePanel.qml:171 (beginPlayheadScrub) <- TimelinePanel.qml:1396
16:58:25.927 playback: playing false -> true at playhead 1576377 ms [+1785 ms] from TimelinePanel.qml:185
16:58:25.927 monitor: playing -> true at 1576377
16:58:25.927 monitor: playback session at playhead 1576377 clip clip_506631bb7f3d
16:58:25.927 playback: session.start The Weakest Boy Enters Demon Slayer Academy With a God’s Power - manhwa recap.mp4 at source 1576377 ms, kind video [+1 ms] from MonitorPanel.qml:645 (startProcessPlayback) <- MonitorPanel.qml:968 (onPlayingChanged) <- TimelinePanel.qml:185
16:58:26.009 [mov,mp4,m4a,3gp,3g2,mj2 @ 00000164f7cfec80] st: 1 edit list: 1 Missing key frame while searching for timestamp: 0
16:58:26.010 [mov,mp4,m4a,3gp,3g2,mj2 @ 00000164f7cfec80] st: 1 edit list 1 Cannot find an index entry before timestamp: 0.
16:58:26.490 preview playback: first frame after 555 ms, at source 1576416 ms (requested 1576377 ms)
16:58:26.490 playback: frame at source 1576416 ms, advanced 757875 ms of media in 2448 ms of wall clock
16:58:26.544 playback: playhead.jump 1576377 -> 1576583 ms (+206) [+615 ms] from MonitorPanel.qml:938 (onTriggered)
16:58:26.546 playback: playhead is 0 ms AHEAD of the picture (playhead 1576583 ms, picture 1576583 ms)
16:58:26.623 playback: playhead.jump 1576583 -> 1576833 ms (+250) [+79 ms] from MonitorPanel.qml:938 (onTriggered)
16:58:26.744 playback: playhead.jump 1576833 -> 1577000 ms (+167) [+120 ms] from MonitorPanel.qml:938 (onTriggered)
16:58:26.913 playback: playhead is 57 ms AHEAD of the picture (playhead 1577223 ms, picture 1577166 ms)
16:58:26.972 playback: playhead is 0 ms AHEAD of the picture (playhead 1577250 ms, picture 1577250 ms)
16:58:27.080 playback: playhead is 54 ms AHEAD of the picture (playhead 1577387 ms, picture 1577333 ms)
16:58:27.139 playback: playhead is 0 ms AHEAD of the picture (playhead 1577416 ms, picture 1577416 ms)
16:58:27.238 playback: playhead is 48 ms AHEAD of the picture (playhead 1577548 ms, picture 1577500 ms)
16:58:27.295 playback: playhead is 0 ms AHEAD of the picture (playhead 1577583 ms, picture 1577583 ms)
16:58:27.405 playback: playhead is 53 ms AHEAD of the picture (playhead 1577719 ms, picture 1577666 ms)
16:58:27.465 playback: playhead is 0 ms AHEAD of the picture (playhead 1577750 ms, picture 1577750 ms)
16:58:27.572 playback: playhead is 58 ms AHEAD of the picture (playhead 1577891 ms, picture 1577833 ms)
16:58:27.629 playback: playhead is 0 ms AHEAD of the picture (playhead 1577916 ms, picture 1577916 ms)
16:58:27.740 playback: playhead is 53 ms AHEAD of the picture (playhead 1578053 ms, picture 1578000 ms)
16:58:27.796 playback: playhead is 1 ms AHEAD of the picture (playhead 1578084 ms, picture 1578083 ms)
16:58:27.905 playback: playhead is 52 ms AHEAD of the picture (playhead 1578218 ms, picture 1578166 ms)
16:58:27.963 playback: playhead is 0 ms AHEAD of the picture (playhead 1578250 ms, picture 1578250 ms)
16:58:28.064 playback: playhead is 48 ms AHEAD of the picture (playhead 1578381 ms, picture 1578333 ms)
16:58:28.121 playback: playhead is 0 ms AHEAD of the picture (playhead 1578416 ms, picture 1578416 ms)
16:58:28.230 playback: playhead is 55 ms AHEAD of the picture (playhead 1578555 ms, picture 1578500 ms)
16:58:28.288 playback: playhead is 0 ms AHEAD of the picture (playhead 1578583 ms, picture 1578583 ms)
16:58:28.397 playback: playhead is 54 ms AHEAD of the picture (playhead 1578720 ms, picture 1578666 ms)
16:58:28.454 playback: playhead is 0 ms AHEAD of the picture (playhead 1578750 ms, picture 1578750 ms)
16:58:28.562 playback: playhead is 55 ms AHEAD of the picture (playhead 1578888 ms, picture 1578833 ms)
16:58:28.612 playback: playhead is 0 ms AHEAD of the picture (playhead 1578916 ms, picture 1578916 ms)
16:58:28.812 playback: playhead is 53 ms AHEAD of the picture (playhead 1579136 ms, picture 1579083 ms)
16:58:28.880 playback: playhead is 0 ms AHEAD of the picture (playhead 1579166 ms, picture 1579166 ms)
16:58:28.989 playback: playhead is 53 ms AHEAD of the picture (playhead 1579303 ms, picture 1579250 ms)
16:58:29.042 playback: playhead is 0 ms AHEAD of the picture (playhead 1579333 ms, picture 1579333 ms)
16:58:29.147 playback: playhead is 54 ms AHEAD of the picture (playhead 1579470 ms, picture 1579416 ms)
16:58:29.198 playback: playhead is 0 ms AHEAD of the picture (playhead 1579500 ms, picture 1579500 ms)
16:58:29.246 playback: playhead is 49 ms AHEAD of the picture (playhead 1579549 ms, picture 1579500 ms)
16:58:29.304 playback: playhead is 0 ms AHEAD of the picture (playhead 1579583 ms, picture 1579583 ms)
16:58:29.405 playback: playhead is 48 ms AHEAD of the picture (playhead 1579714 ms, picture 1579666 ms)
16:58:29.463 playback: playhead is 0 ms AHEAD of the picture (playhead 1579750 ms, picture 1579750 ms)
16:58:29.562 playback: playhead is 50 ms AHEAD of the picture (playhead 1579883 ms, picture 1579833 ms)
16:58:29.621 playback: playhead is 0 ms AHEAD of the picture (playhead 1579916 ms, picture 1579916 ms)
16:58:29.841 playback: session.stop decoder running, picture at 1580166 ms [+3095 ms] from MonitorPanel.qml:1060 (onDestruction)
