15:12:05.386 CrashReporterHost: watching pid 18372 from pid 29860 | reports -> C:/Users/USER/AppData/Local/Antigravity/Cut Pro/crash-reports
15:12:05.402 GUI thread unresponsive for 450 ms, "stalled somewhere unmarked": "no marked scope"
15:12:05.460 Cut Pro: native C++/Qt backend, coreVersion = 0.1.2 | built = Aug 30 2026 15:10:57 | executable = C:/premier-pro/python-app/dist/Cut Pro 2026/cutpro.exe
15:12:05.471   GUI thread backtrace, innermost first (22 frames):
15:12:05.471     #0  "ntdll.dll!ZwQueryFullAttributesFile+0x14"
15:12:05.473     #1  "KERNELBASE.dll!GetFileAttributesExW+0xbf"
15:12:05.473     #2  "Qt6Core.dll+0x23f258 (nearest export: qAreNtfsPermissionChecksEnabled()+0x8bd8)"
15:12:05.473     #3  "Qt6Core.dll!QFileInfo::isSymLink() const+0x93"
15:12:05.473     #4  "Qt6Core.dll+0x4040a (nearest export: qt_isCaseSensitive(QFileSystemEntry const&, QFileSystemMetaData&)+0x150a)"
15:12:05.473     #5  "Qt6Core.dll+0x241056 (nearest export: qAreNtfsPermissionChecksEnabled()+0xa9d6)"
15:12:05.473     #6  "Qt6Core.dll!operator<<(QDebug, QFileInfo const&)+0x4aa"
15:12:05.473     #7  "Qt6Core.dll!QFileInfo::canonicalFilePath() const+0x6b"
15:12:05.473     #8  "Qt6Core.dll!QDirListing::DirEntry::canonicalFilePath() const+0x43"
15:12:05.473     #9  "Qt6Core.dll+0x41f774 (nearest export: z_adler32_combine64+0x8d994)"
15:12:05.473     #10  "Qt6Core.dll!QFactoryLoader::update()+0xe2"
15:12:05.473     #11  "Qt6Core.dll!QFactoryLoader::QFactoryLoader(char const*, QString const&, Qt::CaseSensitivity)+0x279"
15:12:05.473     #12  "Qt6Sql.dll!QSqlDatabase::QSqlDatabase()+0x45c"
15:12:05.473     #13  "Qt6Sql.dll!QSqlDatabase::addDatabase(QString const&, QString const&)+0x15"
15:12:05.473     #14  "cutpro_settings.dll+0x1a26"
15:12:05.473     #15  "cutpro_settings.dll!AppSettings::load()+0x8c"
15:12:05.473     #16  "cutpro_backend.dll!Backend::Backend(QObject*)+0x252"
15:12:05.473     #17  "cutpro.exe+0x27aa"
15:12:05.473     #18  "cutpro.exe+0x12ef"
15:12:05.473     #19  "cutpro.exe+0x1406"
15:12:05.473     #20  "KERNEL32.DLL!BaseThreadInitThunk+0x17"
15:12:05.473     #21  "ntdll.dll!RtlUserThreadStart+0x2c"
15:12:05.911 GUI thread unresponsive for 959 ms, "churning through": "QQmlApplicationEngine::load(qrc:/qml/main.qml)"
15:12:05.911   the innermost frame has only been open 445 ms of the 959 ms stall, so the thread is entering and leaving frames rather than stuck in one: the fix is to do it fewer times, not to move it off the thread.
15:12:05.914   GUI thread backtrace, innermost first (14 frames):
15:12:05.914     #0  "ntdll.dll!NtWaitForSingleObject+0x14"
15:12:05.914     #1  "KERNELBASE.dll!WaitForSingleObjectEx+0xaf"
15:12:05.914     #2  "Qt6Core.dll!QWaitCondition::wait(QMutex*, QDeadlineTimer)+0x9a"
15:12:05.914     #3  "Qt6Qml.dll+0x2afd89 (nearest export: QQmlJS::Parser::parse(int)+0x137a9)"
15:12:05.914     #4  "Qt6Qml.dll!QQmlTypeLoader::loadThread(QQmlRefPointer<QQmlDataBlob> const&)+0x6d6"
15:12:05.914     #5  "Qt6Qml.dll!QQmlTypeLoader::getType(QUrl const&, QQmlTypeLoader::Mode)+0x22b"
15:12:05.914     #6  "Qt6Qml.dll!QQmlComponentPrivate::loadUrl(QUrl const&, QQmlComponent::CompilationMode)+0x1a4"
15:12:05.914     #7  "Qt6Qml.dll!QQmlApplicationEnginePrivate::startLoad(QUrl const&, QByteArray const&, bool)+0x93"
15:12:05.914     #8  "Qt6Qml.dll!QQmlApplicationEngine::load(QUrl const&)+0x3d"
15:12:05.914     #9  "cutpro.exe+0x2d21"
15:12:05.914     #10  "cutpro.exe+0x12ef"
15:12:05.914     #11  "cutpro.exe+0x1406"
15:12:05.914     #12  "KERNEL32.DLL!BaseThreadInitThunk+0x17"
15:12:05.914     #13  "ntdll.dll!RtlUserThreadStart+0x2c"
15:12:06.878 GUI thread unresponsive for 1926 ms, "churning through": "QQmlApplicationEngine::load(qrc:/qml/main.qml)"
15:12:06.878   the innermost frame has only been open 1412 ms of the 1926 ms stall, so the thread is entering and leaving frames rather than stuck in one: the fix is to do it fewer times, not to move it off the thread.
15:12:06.878   GUI thread backtrace, innermost first (14 frames):
15:12:06.878     #0  "ntdll.dll!NtWaitForSingleObject+0x14"
15:12:06.878     #1  "KERNELBASE.dll!WaitForSingleObjectEx+0xaf"
15:12:06.878     #2  "Qt6Core.dll!QWaitCondition::wait(QMutex*, QDeadlineTimer)+0x9a"
15:12:06.878     #3  "Qt6Qml.dll+0x2afd89 (nearest export: QQmlJS::Parser::parse(int)+0x137a9)"
15:12:06.878     #4  "Qt6Qml.dll!QQmlTypeLoader::loadThread(QQmlRefPointer<QQmlDataBlob> const&)+0x6d6"
15:12:06.879     #5  "Qt6Qml.dll!QQmlTypeLoader::getType(QUrl const&, QQmlTypeLoader::Mode)+0x22b"
15:12:06.879     #6  "Qt6Qml.dll!QQmlComponentPrivate::loadUrl(QUrl const&, QQmlComponent::CompilationMode)+0x1a4"
15:12:06.879     #7  "Qt6Qml.dll!QQmlApplicationEnginePrivate::startLoad(QUrl const&, QByteArray const&, bool)+0x93"
15:12:06.879     #8  "Qt6Qml.dll!QQmlApplicationEngine::load(QUrl const&)+0x3d"
15:12:06.879     #9  "cutpro.exe+0x2d21"
15:12:06.879     #10  "cutpro.exe+0x12ef"
15:12:06.879     #11  "cutpro.exe+0x1406"
15:12:06.879     #12  "KERNEL32.DLL!BaseThreadInitThunk+0x17"
15:12:06.879     #13  "ntdll.dll!RtlUserThreadStart+0x2c"
15:12:07.008 GUI thread STILL blocked after 2056 ms, "churning through": "QQmlApplicationEngine::load(qrc:/qml/main.qml)" - during launch, before any window exists: this delays startup but cannot show as "Not Responding".
15:12:07.008   the innermost frame has only been open 1542 ms of the 2056 ms stall, so the thread is entering and leaving frames rather than stuck in one: the fix is to do it fewer times, not to move it off the thread.
15:12:07.064   GUI thread backtrace, innermost first (48 frames):
15:12:07.064     #0  "ntdll.dll!ZwAlpcSendWaitReceivePort+0x14"
15:12:07.064     #1  "DWrite.dll+0xdcaf"
15:12:07.064     #2  "DWrite.dll+0xa9486"
15:12:07.064     #3  "DWrite.dll+0xa92ca"
15:12:07.064     #4  "DWrite.dll+0xa924e"
15:12:07.064     #5  "DWrite.dll+0xf46a"
15:12:07.064     #6  "DWrite.dll+0xebf1"
15:12:07.064     #7  "DWrite.dll+0xac156"
15:12:07.064     #8  "DWrite.dll+0x43654"
15:12:07.064     #9  "DWrite.dll+0x434e3"
15:12:07.064     #10  "DWrite.dll+0x426da"
15:12:07.064     #11  "DWrite.dll+0xd8832"
15:12:07.064     #12  "Qt6Gui.dll!QWindowsDirectWriteFontDatabase::populateFontDatabase()+0x523"
15:12:07.064     #13  "Qt6Gui.dll!QFontDatabasePrivate::ensureFontDatabase()+0xa7"
15:12:07.064     #14  "Qt6Gui.dll!QFontDatabasePrivate::findFont(QFontDef const&, int, bool)+0x6e"
15:12:07.064     #15  "Qt6Gui.dll!QFontDatabasePrivate::load(QFontPrivate const*, int)+0x7fd"
15:12:07.064     #16  "Qt6Gui.dll!QFontPrivate::engineForScript(int) const+0xc3"
15:12:07.064     #17  "Qt6Gui.dll!QFontMetricsF::height() const+0x17"
15:12:07.064     #18  "Qt6Quick.dll!QQuickTextPrivate::lineHeightOffset() const+0x3d"
15:12:07.064     #19  "Qt6Quick.dll!QQuickTextPrivate::updateSize()+0xc9"
15:12:07.064     #20  "Qt6Quick.dll!QQuickTextPrivate::updateLayout()+0x1f0"
15:12:07.064     #21  "Qt6Qml.dll!QQmlObjectCreator::finalize(QQmlInstantiationInterrupt&)+0x6da"
15:12:07.064     #22  "Qt6Qml.dll!QQmlComponentPrivate::complete(QQmlEnginePrivate*, QQmlComponentPrivate::ConstructionState*)+0x74"
15:12:07.064     #23  "Qt6Qml.dll!QQmlComponentPrivate::completeDeferred(QQmlEnginePrivate*, std::vector<QQmlComponentPrivate::ConstructionState, std::allocator<QQmlComponentPrivate::ConstructionState> >*)+0x2f"
15:12:07.064     #24  "Qt6QuickTemplates2.dll!QtQuickPrivate::completeDeferred(QObject*, QString const&, QQuickUntypedDeferredPointer*, QQmlEngine*)+0xc9"
15:12:07.064     #25  "Qt6QuickTemplates2.dll!QQuickPopupItemPrivate::executeContentItem(bool)+0x12f"
15:12:07.064     #26  "Qt6QuickTemplates2.dll!QQuickControl::componentComplete()+0x46"
15:12:07.064     #27  "Qt6QuickTemplates2.dll!QQuickPane::componentComplete()+0x12"
15:12:07.064     #28  "Qt6QuickTemplates2.dll!QQuickPage::componentComplete()+0x12"
15:12:07.064     #29  "Qt6QuickTemplates2.dll!QQuickPopup::componentComplete()+0xca"
15:12:07.064     #30  "Qt6Qml.dll!QQmlObjectCreator::finalize(QQmlInstantiationInterrupt&)+0x6da"
15:12:07.064     #31  "Qt6Qml.dll!QQmlComponentPrivate::complete(QQmlEnginePrivate*, QQmlComponentPrivate::ConstructionState*)+0x74"
15:12:07.064     #32  "Qt6Qml.dll!QQmlComponentPrivate::completeCreate()+0x2ae"
15:12:07.064     #33  "Qt6Qml.dll!QQmlComponentPrivate::createWithProperties(QObject*, QMap<QString, QVariant> const&, QQmlContext*, QQmlComponentPrivate::CreateBehavior, bool)+0xc4"
15:12:07.064     #34  "Qt6Qml.dll!QQmlComponent::create(QQmlContext*)+0x46"
15:12:07.064     #35  "Qt6QuickTemplates2.dll!QQuickToolTip::accessibilityActiveChanged(bool)+0x1cf"
15:12:07.064     #36  "Qt6QuickTemplates2.dll+0x1070a7 (nearest export: QQuickComboBox::qt_metacall(QMetaObject::Call, int, void**)+0x248a7)"
15:12:07.064     #37  "Qt6QuickTemplates2.dll+0x10eb9a (nearest export: QQuickComboBox::qt_metacall(QMetaObject::Call, int, void**)+0x2c39a)"
15:12:07.064     #38  "Qt6Core.dll+0x3fd299 (nearest export: z_adler32_combine64+0x6b4b9)"
15:12:07.064     #39  "Qt6Quick.dll!QQuickColorGroup::qt_static_metacall(QObject*, QMetaObject::Call, int, void**)+0xcca"
15:12:07.064     #40  "Qt6Qml.dll!QQmlNotifier::notify(QQmlData*, int)+0x7db"
15:12:07.064     #41  "Qt6Qml.dll+0x20fe13 (nearest export: QQmlObjectCreator::setPropertyValue(QQmlPropertyData const*, QV4::CompiledData::Binding const*)+0x13d3)"
15:12:07.064     #42  "Qt6Qml.dll!QQmlObjectCreator::setPropertyBinding(QQmlPropertyData const*, QV4::CompiledData::Binding const*)+0x107"
15:12:07.064     #43  "Qt6Qml.dll!QQmlObjectCreator::setupBindings(QFlags<QQmlObjectCreator::BindingMode>)+0x53e"
15:12:07.064     #44  "Qt6Qml.dll!QQmlObjectCreator::populateInstance(int, QObject*, QObject*, QQmlPropertyData const*, QV4::CompiledData::Binding const*)+0x230"
15:12:07.064     #45  "Qt6Qml.dll!QQmlObjectCreator::setPropertyBinding(QQmlPropertyData const*, QV4::CompiledData::Binding const*)+0xd4e"
15:12:07.064     #46  "Qt6Qml.dll!QQmlObjectCreator::setupBindings(QFlags<QQmlObjectCreator::BindingMode>)+0x53e"
15:12:07.064     #47  "Qt6Qml.dll!QQmlObjectCreator::populateInstance(int, QObject*, QObject*, QQmlPropertyData const*, QV4::CompiledData::Binding const*)+0x230"
15:12:07.375 Using Qt multimedia with FFmpeg version 7.1.3 LGPL version 2.1 or later
15:12:08.632 GUI thread unresponsive for 404 ms, "wedged in": "Backend::warmAudioOutput > FfmpegPreviewDecoder::warmAudioOutput"
15:12:08.684   GUI thread backtrace, innermost first (39 frames):
15:12:08.684     #0  "ntdll.dll!ZwAlpcSendWaitReceivePort+0x14"
15:12:08.684     #1  "RPCRT4.dll+0x407d4 (nearest export: RpcExceptionFilter+0x3ed4)"
15:12:08.684     #2  "RPCRT4.dll+0x3fc76 (nearest export: RpcExceptionFilter+0x3376)"
15:12:08.684     #3  "RPCRT4.dll!NdrClientCall3+0x78c"
15:12:08.684     #4  "RPCRT4.dll!NdrClientCall3+0xed"
15:12:08.684     #5  "AUDIOSES.DLL+0x4fb20"
15:12:08.684     #6  "AUDIOSES.DLL+0x1cf93"
15:12:08.685     #7  "AUDIOSES.DLL+0x1c62c"
15:12:08.685     #8  "AUDIOSES.DLL+0x1afe4"
15:12:08.685     #9  "AUDIOSES.DLL+0x1aebd"
15:12:08.685     #10  "AUDIOSES.DLL+0x1adf3"
15:12:08.685     #11  "Qt6Multimedia.dll!QWindowsAudioUtils::mediaTypeToFormat(IMFMediaType*)+0xfa1"
15:12:08.685     #12  "Qt6Multimedia.dll+0x77e10 (nearest export: QtMultimediaPrivate::refreshWarmupClient()+0x8d40)"
15:12:08.685     #13  "Qt6Multimedia.dll+0x780fa (nearest export: QtMultimediaPrivate::refreshWarmupClient()+0x902a)"
15:12:08.685     #14  "Qt6Multimedia.dll+0x9778a (nearest export: QWindowsVideoDevices::~QWindowsVideoDevices()+0x179fa)"
15:12:08.685     #15  "cutpro_preview.dll!FfmpegPreviewDecoder::warmAudioOutput()+0x106"
15:12:08.685     #16  "cutpro_backend.dll+0xef27 (nearest export: ProjectDatabase::qt_metacall(QMetaObject::Call, int, void**)+0x61af)"
15:12:08.685     #17  "cutpro_backend.dll+0x50c1f (nearest export: Backend::updateExportProgress()+0x8ffd)"
15:12:08.685     #18  "cutpro_backend.dll+0x51812 (nearest export: Backend::updateExportProgress()+0x9bf0)"
15:12:08.685     #19  "cutpro_backend.dll+0x50c56 (nearest export: Backend::updateExportProgress()+0x9034)"
15:12:08.685     #20  "cutpro_backend.dll+0x4f866 (nearest export: Backend::updateExportProgress()+0x7c44)"
15:12:08.685     #21  "cutpro_backend.dll+0x4d856 (nearest export: Backend::updateExportProgress()+0x5c34)"
15:12:08.685     #22  "Qt6Core.dll+0x3fd299 (nearest export: z_adler32_combine64+0x6b4b9)"
15:12:08.686     #23  "Qt6Core.dll!QSignalMapper::qt_metacall(QMetaObject::Call, int, void**)+0x241"
15:12:08.686     #24  "Qt6Core.dll!QObject::event(QEvent*)+0x229"
15:12:08.686     #25  "Qt6Core.dll!QCoreApplication::notifyInternal2(QObject*, QEvent*)+0x19a"
15:12:08.686     #26  "Qt6Core.dll!QEventDispatcherWin32Private::sendTimerEvent(int)+0x1a8"
15:12:08.686     #27  "Qt6Core.dll!QEventDispatcherWin32Private::sendTimerEvent(int)+0xabc"
15:12:08.686     #28  "USER32.dll!CallWindowProcW+0x6a6"
15:12:08.686     #29  "USER32.dll!IsWindowUnicode+0x20d"
15:12:08.686     #30  "Qt6Core.dll!QEventDispatcherWin32::processEvents(QFlags<QEventLoop::ProcessEventsFlag>)+0x692"
15:12:08.686     #31  "Qt6Gui.dll!QWindowsGuiEventDispatcher::processEvents(QFlags<QEventLoop::ProcessEventsFlag>)+0x19"
15:12:08.686     #32  "Qt6Core.dll!QEventLoop::exec(QFlags<QEventLoop::ProcessEventsFlag>)+0x232"
15:12:08.686     #33  "Qt6Core.dll!QCoreApplication::exec()+0x96"
15:12:08.686     #34  "cutpro.exe+0x2dd5"
15:12:08.686     #35  "cutpro.exe+0x12ef"
15:12:08.686     #36  "cutpro.exe+0x1406"
15:12:08.686     #37  "KERNEL32.DLL!BaseThreadInitThunk+0x17"
15:12:08.686     #38  "ntdll.dll!RtlUserThreadStart+0x2c"
15:12:09.056 GUI thread unresponsive for 829 ms, "wedged in": "Backend::warmAudioOutput > FfmpegPreviewDecoder::warmAudioOutput"
15:12:09.057   GUI thread backtrace, innermost first (39 frames):
15:12:09.057     #0  "ntdll.dll!ZwAlpcSendWaitReceivePort+0x14"
15:12:09.057     #1  "RPCRT4.dll+0x407d4 (nearest export: RpcExceptionFilter+0x3ed4)"
15:12:09.058     #2  "RPCRT4.dll+0x3fc76 (nearest export: RpcExceptionFilter+0x3376)"
15:12:09.058     #3  "RPCRT4.dll!NdrClientCall3+0x78c"
15:12:09.058     #4  "RPCRT4.dll!NdrClientCall3+0xed"
15:12:09.058     #5  "AUDIOSES.DLL+0x4fb20"
15:12:09.058     #6  "AUDIOSES.DLL+0x1cf93"
15:12:09.058     #7  "AUDIOSES.DLL+0x1c62c"
15:12:09.058     #8  "AUDIOSES.DLL+0x1afe4"
15:12:09.058     #9  "AUDIOSES.DLL+0x1aebd"
15:12:09.058     #10  "AUDIOSES.DLL+0x1adf3"
15:12:09.058     #11  "Qt6Multimedia.dll!QWindowsAudioUtils::mediaTypeToFormat(IMFMediaType*)+0xfa1"
15:12:09.059     #12  "Qt6Multimedia.dll+0x77e10 (nearest export: QtMultimediaPrivate::refreshWarmupClient()+0x8d40)"
15:12:09.059     #13  "Qt6Multimedia.dll+0x780fa (nearest export: QtMultimediaPrivate::refreshWarmupClient()+0x902a)"
15:12:09.059     #14  "Qt6Multimedia.dll+0x9778a (nearest export: QWindowsVideoDevices::~QWindowsVideoDevices()+0x179fa)"
15:12:09.059     #15  "cutpro_preview.dll!FfmpegPreviewDecoder::warmAudioOutput()+0x106"
15:12:09.059     #16  "cutpro_backend.dll+0xef27 (nearest export: ProjectDatabase::qt_metacall(QMetaObject::Call, int, void**)+0x61af)"
15:12:09.059     #17  "cutpro_backend.dll+0x50c1f (nearest export: Backend::updateExportProgress()+0x8ffd)"
15:12:09.059     #18  "cutpro_backend.dll+0x51812 (nearest export: Backend::updateExportProgress()+0x9bf0)"
15:12:09.059     #19  "cutpro_backend.dll+0x50c56 (nearest export: Backend::updateExportProgress()+0x9034)"
15:12:09.059     #20  "cutpro_backend.dll+0x4f866 (nearest export: Backend::updateExportProgress()+0x7c44)"
15:12:09.059     #21  "cutpro_backend.dll+0x4d856 (nearest export: Backend::updateExportProgress()+0x5c34)"
15:12:09.059     #22  "Qt6Core.dll+0x3fd299 (nearest export: z_adler32_combine64+0x6b4b9)"
15:12:09.059     #23  "Qt6Core.dll!QSignalMapper::qt_metacall(QMetaObject::Call, int, void**)+0x241"
15:12:09.059     #24  "Qt6Core.dll!QObject::event(QEvent*)+0x229"
15:12:09.059     #25  "Qt6Core.dll!QCoreApplication::notifyInternal2(QObject*, QEvent*)+0x19a"
15:12:09.059     #26  "Qt6Core.dll!QEventDispatcherWin32Private::sendTimerEvent(int)+0x1a8"
15:12:09.059     #27  "Qt6Core.dll!QEventDispatcherWin32Private::sendTimerEvent(int)+0xabc"
15:12:09.059     #28  "USER32.dll!CallWindowProcW+0x6a6"
15:12:09.059     #29  "USER32.dll!IsWindowUnicode+0x20d"
15:12:09.059     #30  "Qt6Core.dll!QEventDispatcherWin32::processEvents(QFlags<QEventLoop::ProcessEventsFlag>)+0x692"
15:12:09.059     #31  "Qt6Gui.dll!QWindowsGuiEventDispatcher::processEvents(QFlags<QEventLoop::ProcessEventsFlag>)+0x19"
15:12:09.059     #32  "Qt6Core.dll!QEventLoop::exec(QFlags<QEventLoop::ProcessEventsFlag>)+0x232"
15:12:09.059     #33  "Qt6Core.dll!QCoreApplication::exec()+0x96"
15:12:09.059     #34  "cutpro.exe+0x2dd5"
15:12:09.059     #35  "cutpro.exe+0x12ef"
15:12:09.059     #36  "cutpro.exe+0x1406"
15:12:09.059     #37  "KERNEL32.DLL!BaseThreadInitThunk+0x17"
15:12:09.059     #38  "ntdll.dll!RtlUserThreadStart+0x2c"
15:12:09.929 GUI thread unresponsive for 1702 ms, "wedged in": "Backend::warmAudioOutput > FfmpegPreviewDecoder::warmAudioOutput"
15:12:09.930   GUI thread backtrace, innermost first (39 frames):
15:12:09.930     #0  "ntdll.dll!ZwAlpcSendWaitReceivePort+0x14"
15:12:09.930     #1  "RPCRT4.dll+0x407d4 (nearest export: RpcExceptionFilter+0x3ed4)"
15:12:09.930     #2  "RPCRT4.dll+0x3fc76 (nearest export: RpcExceptionFilter+0x3376)"
15:12:09.930     #3  "RPCRT4.dll!NdrClientCall3+0x78c"
15:12:09.930     #4  "RPCRT4.dll!NdrClientCall3+0xed"
15:12:09.930     #5  "AUDIOSES.DLL+0x4fb20"
15:12:09.930     #6  "AUDIOSES.DLL+0x1cf93"
15:12:09.930     #7  "AUDIOSES.DLL+0x1c62c"
15:12:09.930     #8  "AUDIOSES.DLL+0x1afe4"
15:12:09.930     #9  "AUDIOSES.DLL+0x1aebd"
15:12:09.930     #10  "AUDIOSES.DLL+0x1adf3"
15:12:09.930     #11  "Qt6Multimedia.dll!QWindowsAudioUtils::mediaTypeToFormat(IMFMediaType*)+0xfa1"
15:12:09.930     #12  "Qt6Multimedia.dll+0x77e10 (nearest export: QtMultimediaPrivate::refreshWarmupClient()+0x8d40)"
15:12:09.930     #13  "Qt6Multimedia.dll+0x780fa (nearest export: QtMultimediaPrivate::refreshWarmupClient()+0x902a)"
15:12:09.930     #14  "Qt6Multimedia.dll+0x9778a (nearest export: QWindowsVideoDevices::~QWindowsVideoDevices()+0x179fa)"
15:12:09.930     #15  "cutpro_preview.dll!FfmpegPreviewDecoder::warmAudioOutput()+0x106"
15:12:09.930     #16  "cutpro_backend.dll+0xef27 (nearest export: ProjectDatabase::qt_metacall(QMetaObject::Call, int, void**)+0x61af)"
15:12:09.930     #17  "cutpro_backend.dll+0x50c1f (nearest export: Backend::updateExportProgress()+0x8ffd)"
15:12:09.930     #18  "cutpro_backend.dll+0x51812 (nearest export: Backend::updateExportProgress()+0x9bf0)"
15:12:09.930     #19  "cutpro_backend.dll+0x50c56 (nearest export: Backend::updateExportProgress()+0x9034)"
15:12:09.930     #20  "cutpro_backend.dll+0x4f866 (nearest export: Backend::updateExportProgress()+0x7c44)"
15:12:09.930     #21  "cutpro_backend.dll+0x4d856 (nearest export: Backend::updateExportProgress()+0x5c34)"
15:12:09.931     #22  "Qt6Core.dll+0x3fd299 (nearest export: z_adler32_combine64+0x6b4b9)"
15:12:09.931     #23  "Qt6Core.dll!QSignalMapper::qt_metacall(QMetaObject::Call, int, void**)+0x241"
15:12:09.931     #24  "Qt6Core.dll!QObject::event(QEvent*)+0x229"
15:12:09.931     #25  "Qt6Core.dll!QCoreApplication::notifyInternal2(QObject*, QEvent*)+0x19a"
15:12:09.931     #26  "Qt6Core.dll!QEventDispatcherWin32Private::sendTimerEvent(int)+0x1a8"
15:12:09.931     #27  "Qt6Core.dll!QEventDispatcherWin32Private::sendTimerEvent(int)+0xabc"
15:12:09.931     #28  "USER32.dll!CallWindowProcW+0x6a6"
15:12:09.931     #29  "USER32.dll!IsWindowUnicode+0x20d"
15:12:09.931     #30  "Qt6Core.dll!QEventDispatcherWin32::processEvents(QFlags<QEventLoop::ProcessEventsFlag>)+0x692"
15:12:09.931     #31  "Qt6Gui.dll!QWindowsGuiEventDispatcher::processEvents(QFlags<QEventLoop::ProcessEventsFlag>)+0x19"
15:12:09.931     #32  "Qt6Core.dll!QEventLoop::exec(QFlags<QEventLoop::ProcessEventsFlag>)+0x232"
15:12:09.931     #33  "Qt6Core.dll!QCoreApplication::exec()+0x96"
15:12:09.931     #34  "cutpro.exe+0x2dd5"
15:12:09.931     #35  "cutpro.exe+0x12ef"
15:12:09.931     #36  "cutpro.exe+0x1406"
15:12:09.931     #37  "KERNEL32.DLL!BaseThreadInitThunk+0x17"
15:12:09.931     #38  "ntdll.dll!RtlUserThreadStart+0x2c"
15:12:10.244 GUI thread STILL blocked after 2017 ms, "wedged in": "Backend::warmAudioOutput > FfmpegPreviewDecoder::warmAudioOutput" - this is the state Windows shows as "Not Responding".
15:12:10.245   GUI thread backtrace, innermost first (39 frames):
15:12:10.245     #0  "ntdll.dll!ZwAlpcSendWaitReceivePort+0x14"
15:12:10.245     #1  "RPCRT4.dll+0x407d4 (nearest export: RpcExceptionFilter+0x3ed4)"
15:12:10.245     #2  "RPCRT4.dll+0x3fc76 (nearest export: RpcExceptionFilter+0x3376)"
15:12:10.245     #3  "RPCRT4.dll!NdrClientCall3+0x78c"
15:12:10.245     #4  "RPCRT4.dll!NdrClientCall3+0xed"
15:12:10.245     #5  "AUDIOSES.DLL+0x4fb20"
15:12:10.245     #6  "AUDIOSES.DLL+0x1cf93"
15:12:10.245     #7  "AUDIOSES.DLL+0x1c62c"
15:12:10.245     #8  "AUDIOSES.DLL+0x1afe4"
15:12:10.245     #9  "AUDIOSES.DLL+0x1aebd"
15:12:10.245     #10  "AUDIOSES.DLL+0x1adf3"
15:12:10.245     #11  "Qt6Multimedia.dll!QWindowsAudioUtils::mediaTypeToFormat(IMFMediaType*)+0xfa1"
15:12:10.245     #12  "Qt6Multimedia.dll+0x77e10 (nearest export: QtMultimediaPrivate::refreshWarmupClient()+0x8d40)"
15:12:10.245     #13  "Qt6Multimedia.dll+0x780fa (nearest export: QtMultimediaPrivate::refreshWarmupClient()+0x902a)"
15:12:10.245     #14  "Qt6Multimedia.dll+0x9778a (nearest export: QWindowsVideoDevices::~QWindowsVideoDevices()+0x179fa)"
15:12:10.245     #15  "cutpro_preview.dll!FfmpegPreviewDecoder::warmAudioOutput()+0x106"
15:12:10.245     #16  "cutpro_backend.dll+0xef27 (nearest export: ProjectDatabase::qt_metacall(QMetaObject::Call, int, void**)+0x61af)"
15:12:10.245     #17  "cutpro_backend.dll+0x50c1f (nearest export: Backend::updateExportProgress()+0x8ffd)"
15:12:10.245     #18  "cutpro_backend.dll+0x51812 (nearest export: Backend::updateExportProgress()+0x9bf0)"
15:12:10.245     #19  "cutpro_backend.dll+0x50c56 (nearest export: Backend::updateExportProgress()+0x9034)"
15:12:10.245     #20  "cutpro_backend.dll+0x4f866 (nearest export: Backend::updateExportProgress()+0x7c44)"
15:12:10.245     #21  "cutpro_backend.dll+0x4d856 (nearest export: Backend::updateExportProgress()+0x5c34)"
15:12:10.245     #22  "Qt6Core.dll+0x3fd299 (nearest export: z_adler32_combine64+0x6b4b9)"
15:12:10.245     #23  "Qt6Core.dll!QSignalMapper::qt_metacall(QMetaObject::Call, int, void**)+0x241"
15:12:10.245     #24  "Qt6Core.dll!QObject::event(QEvent*)+0x229"
15:12:10.245     #25  "Qt6Core.dll!QCoreApplication::notifyInternal2(QObject*, QEvent*)+0x19a"
15:12:10.246     #26  "Qt6Core.dll!QEventDispatcherWin32Private::sendTimerEvent(int)+0x1a8"
15:12:10.246     #27  "Qt6Core.dll!QEventDispatcherWin32Private::sendTimerEvent(int)+0xabc"
15:12:10.246     #28  "USER32.dll!CallWindowProcW+0x6a6"
15:12:10.246     #29  "USER32.dll!IsWindowUnicode+0x20d"
15:12:10.246     #30  "Qt6Core.dll!QEventDispatcherWin32::processEvents(QFlags<QEventLoop::ProcessEventsFlag>)+0x692"
15:12:10.246     #31  "Qt6Gui.dll!QWindowsGuiEventDispatcher::processEvents(QFlags<QEventLoop::ProcessEventsFlag>)+0x19"
15:12:10.246     #32  "Qt6Core.dll!QEventLoop::exec(QFlags<QEventLoop::ProcessEventsFlag>)+0x232"
15:12:10.246     #33  "Qt6Core.dll!QCoreApplication::exec()+0x96"
15:12:10.246     #34  "cutpro.exe+0x2dd5"
15:12:10.246     #35  "cutpro.exe+0x12ef"
15:12:10.246     #36  "cutpro.exe+0x1406"
15:12:10.246     #37  "KERNEL32.DLL!BaseThreadInitThunk+0x17"
15:12:10.246     #38  "ntdll.dll!RtlUserThreadStart+0x2c"
15:12:20.827 [mov,mp4,m4a,3gp,3g2,mj2 @ 0000016bd6c46180] st: 1 edit list: 1 Missing key frame while searching for timestamp: 0
15:12:20.827 [mov,mp4,m4a,3gp,3g2,mj2 @ 0000016bd6c46180] st: 1 edit list 1 Cannot find an index entry before timestamp: 0.
15:12:22.517 [mov,mp4,m4a,3gp,3g2,mj2 @ 0000016bd6c46400] st: 1 edit list: 1 Missing key frame while searching for timestamp: 0
15:12:22.517 [mov,mp4,m4a,3gp,3g2,mj2 @ 0000016bd6c46400] st: 1 edit list 1 Cannot find an index entry before timestamp: 0.
15:12:22.859 [mov,mp4,m4a,3gp,3g2,mj2 @ 0000016bd6c45ec0] st: 1 edit list: 1 Missing key frame while searching for timestamp: 0
15:12:22.859 [mov,mp4,m4a,3gp,3g2,mj2 @ 0000016bd6c45ec0] st: 1 edit list 1 Cannot find an index entry before timestamp: 0.
15:12:40.845 [mov,mp4,m4a,3gp,3g2,mj2 @ 0000016bd6c45140] st: 1 edit list: 1 Missing key frame while searching for timestamp: 0
15:12:40.845 [mov,mp4,m4a,3gp,3g2,mj2 @ 0000016bd6c45140] st: 1 edit list 1 Cannot find an index entry before timestamp: 0.
15:12:41.149 GUI thread unresponsive for 407 ms, "wedged in": "FfmpegPreviewDecoder::start"
15:12:41.149   GUI thread backtrace, innermost first (48 frames):
15:12:41.149     #0  "ntdll.dll!ZwAlpcSendWaitReceivePort+0x14"
15:12:41.149     #1  "RPCRT4.dll+0x407d4 (nearest export: RpcExceptionFilter+0x3ed4)"
15:12:41.149     #2  "RPCRT4.dll+0x3fc76 (nearest export: RpcExceptionFilter+0x3376)"
15:12:41.149     #3  "RPCRT4.dll!NdrClientCall3+0x78c"
15:12:41.149     #4  "RPCRT4.dll!NdrClientCall3+0xed"
15:12:41.149     #5  "AUDIOSES.DLL+0x4fb20"
15:12:41.149     #6  "AUDIOSES.DLL+0x1cf93"
15:12:41.149     #7  "AUDIOSES.DLL+0x1c62c"
15:12:41.149     #8  "AUDIOSES.DLL+0x1afe4"
15:12:41.149     #9  "AUDIOSES.DLL+0x1aebd"
15:12:41.149     #10  "AUDIOSES.DLL+0x1adf3"
15:12:41.149     #11  "Qt6Multimedia.dll!QWindowsAudioUtils::mediaTypeToFormat(IMFMediaType*)+0xfa1"
15:12:41.149     #12  "Qt6Multimedia.dll+0x77e10 (nearest export: QtMultimediaPrivate::refreshWarmupClient()+0x8d40)"
15:12:41.149     #13  "Qt6Multimedia.dll+0x780fa (nearest export: QtMultimediaPrivate::refreshWarmupClient()+0x902a)"
15:12:41.149     #14  "Qt6Multimedia.dll+0x9778a (nearest export: QWindowsVideoDevices::~QWindowsVideoDevices()+0x179fa)"
15:12:41.149     #15  "cutpro_preview.dll!FfmpegPreviewDecoder::startAudio(QString const&, long long, long long, double)+0x205"
15:12:41.149     #16  "cutpro_preview.dll!FfmpegPreviewDecoder::start(QString const&, QString const&, long long, long long, int, int, double, bool, double, QString const&)+0x35e"
15:12:41.149     #17  "cutpro_backend.dll!Backend::startPreviewDecode(QString const&, QString const&, long long, long long, int, int, double, bool, double, QString const&)+0xe1"
15:12:41.149     #18  "cutpro_backend.dll+0x5259 (nearest export: Backend::qt_static_metacall(QObject*, QMetaObject::Call, int, void**)+0x3e93)"
15:12:41.149     #19  "cutpro_backend.dll!Backend::qt_metacall(QMetaObject::Call, int, void**)+0x73"
15:12:41.149     #20  "Qt6Qml.dll!QQmlObjectCreator::create(int, QObject*, QQmlInstantiationInterrupt*, int)+0x94"
15:12:41.149     #21  "Qt6Qml.dll!QV4::Heap::QObjectWrapper::markObjects(QV4::Heap::Base*, QV4::MarkStack*)+0x90e"
15:12:41.149     #22  "Qt6Qml.dll!QV4::QObjectMethod::callPrecise(QQmlObjectOrGadget const&, QQmlPropertyData const&, QV4::ExecutionEngine*, QV4::CallData*, QMetaObject::Call)+0x339"
15:12:41.149     #23  "Qt6Qml.dll!QV4::QObjectMethod::callInternal(QV4::Value const*, QV4::Value const*, int) const+0x858"
15:12:41.149     #24  "Qt6Qml.dll+0x1613dc (nearest export: qt_v4DebuggerHook+0x33ec)"
15:12:41.149     #25  "Qt6Qml.dll+0x165c9f (nearest export: qt_v4DebuggerHook+0x7caf)"
15:12:41.149     #26  "Qt6Qml.dll!QV4::Function::updateInternalClass(QV4::ExecutionEngine*, QList<QByteArray> const&)+0xb00"
15:12:41.149     #27  "Qt6Qml.dll+0x1613dc (nearest export: qt_v4DebuggerHook+0x33ec)"
15:12:41.149     #28  "Qt6Qml.dll+0x165c9f (nearest export: qt_v4DebuggerHook+0x7caf)"
15:12:41.149     #29  "Qt6Qml.dll!QV4::ExecutableCompilationUnit::createNamedObjectsPerComponent(int)+0x82f"
15:12:41.149     #30  "Qt6Qml.dll!QV4::Function::call(QObject*, void**, QMetaType const*, int, QV4::ExecutionContext*)+0x293"
15:12:41.149     #31  "Qt6Qml.dll!QQmlJavaScriptExpression::evaluate(void**, QMetaType const*, int)+0x105"
15:12:41.149     #32  "Qt6Qml.dll!QQmlBoundSignalExpression::evaluate(void**)+0x31c"
15:12:41.149     #33  "Qt6Qml.dll!QQmlBoundSignalExpression::QQmlBoundSignalExpression(QObject const*, int, QQmlRefPointer<QQmlContextData> const&, QObject*, QV4::Function*, QV4::ExecutionContext*)+0x8f8"
15:12:41.149     #34  "Qt6Qml.dll!QQmlNotifier::emitNotify(QQmlNotifierEndpoint*, void**)+0x215"
15:12:41.149     #35  "Qt6Core.dll+0x3fcf21 (nearest export: z_adler32_combine64+0x6b141)"
15:12:41.149     #36  "Qt6Qml.dll!QQmlVMEMetaObject::metaCall(QObject*, QMetaObject::Call, int, void**)+0x436"
15:12:41.149     #37  "Qt6Qml.dll+0x348c0c (nearest export: QQmlLocale::registerStringLocaleCompare(QV4::ExecutionEngine*)+0x6493c)"
15:12:41.149     #38  "Qt6Qml.dll!QQmlBinding::doUpdate(QQmlJavaScriptExpression::DeleteWatcher const&, QFlags<QQmlPropertyData::WriteFlag>, QV4::Scope&)+0x19f"
15:12:41.149     #39  "Qt6Qml.dll!QQmlBinding::update(QFlags<QQmlPropertyData::WriteFlag>)+0x211"
15:12:41.149     #40  "Qt6Qml.dll!QQmlNotifier::emitNotify(QQmlNotifierEndpoint*, void**)+0x215"
15:12:41.149     #41  "Qt6Core.dll+0x3fcf21 (nearest export: z_adler32_combine64+0x6b141)"
15:12:41.149     #42  "cutpro_backend.dll!Backend::playingChanged()+0x2f"
15:12:41.149     #43  "cutpro_backend.dll!Backend::setPlaying(bool)+0x3b"
15:12:41.149     #44  "cutpro_backend.dll+0x7d0b (nearest export: Backend::qt_static_metacall(QObject*, QMetaObject::Call, int, void**)+0x6945)"
15:12:41.149     #45  "cutpro_backend.dll!Backend::qt_metacall(QMetaObject::Call, int, void**)+0xec"
15:12:41.149     #46  "Qt6Qml.dll+0x42a618 (nearest export: QQmlLocale::registerStringLocaleCompare(QV4::ExecutionEngine*)+0x146348)"
15:12:41.149     #47  "Qt6Qml.dll!QQmlPropertyPrivate::write(QObject*, QQmlPropertyData const&, QVariant const&, QQmlRefPointer<QQmlContextData> const&, QFlags<QQmlPropertyData::WriteFlag>)+0x8df"
15:12:48.881 [mov,mp4,m4a,3gp,3g2,mj2 @ 0000016bd6c45c00] st: 1 edit list: 1 Missing key frame while searching for timestamp: 0
15:12:48.881 [mov,mp4,m4a,3gp,3g2,mj2 @ 0000016bd6c45c00] st: 1 edit list 1 Cannot find an index entry before timestamp: 0.
15:12:49.181 GUI thread unresponsive for 436 ms, "churning through": "FfmpegPreviewDecoder::start"
15:12:49.181   the innermost frame has only been open 326 ms of the 436 ms stall, so the thread is entering and leaving frames rather than stuck in one: the fix is to do it fewer times, not to move it off the thread.
15:12:49.181   GUI thread backtrace, innermost first (48 frames):
15:12:49.181     #0  "ntdll.dll!ZwAlpcSendWaitReceivePort+0x14"
15:12:49.181     #1  "RPCRT4.dll+0x407d4 (nearest export: RpcExceptionFilter+0x3ed4)"
15:12:49.181     #2  "RPCRT4.dll+0x3fc76 (nearest export: RpcExceptionFilter+0x3376)"
15:12:49.181     #3  "RPCRT4.dll!NdrClientCall3+0x78c"
15:12:49.181     #4  "RPCRT4.dll!NdrClientCall3+0xed"
15:12:49.181     #5  "AUDIOSES.DLL+0x4fb20"
15:12:49.181     #6  "AUDIOSES.DLL+0x1cf93"
15:12:49.181     #7  "AUDIOSES.DLL+0x1c62c"
15:12:49.181     #8  "AUDIOSES.DLL+0x1afe4"
15:12:49.181     #9  "AUDIOSES.DLL+0x1aebd"
15:12:49.181     #10  "AUDIOSES.DLL+0x1adf3"
15:12:49.181     #11  "Qt6Multimedia.dll!QWindowsAudioUtils::mediaTypeToFormat(IMFMediaType*)+0xfa1"
15:12:49.181     #12  "Qt6Multimedia.dll+0x77e10 (nearest export: QtMultimediaPrivate::refreshWarmupClient()+0x8d40)"
15:12:49.181     #13  "Qt6Multimedia.dll+0x780fa (nearest export: QtMultimediaPrivate::refreshWarmupClient()+0x902a)"
15:12:49.181     #14  "Qt6Multimedia.dll+0x9778a (nearest export: QWindowsVideoDevices::~QWindowsVideoDevices()+0x179fa)"
15:12:49.181     #15  "cutpro_preview.dll!FfmpegPreviewDecoder::startAudio(QString const&, long long, long long, double)+0x205"
15:12:49.181     #16  "cutpro_preview.dll!FfmpegPreviewDecoder::start(QString const&, QString const&, long long, long long, int, int, double, bool, double, QString const&)+0x35e"
15:12:49.181     #17  "cutpro_backend.dll!Backend::startPreviewDecode(QString const&, QString const&, long long, long long, int, int, double, bool, double, QString const&)+0xe1"
15:12:49.181     #18  "cutpro_backend.dll+0x5259 (nearest export: Backend::qt_static_metacall(QObject*, QMetaObject::Call, int, void**)+0x3e93)"
15:12:49.181     #19  "cutpro_backend.dll!Backend::qt_metacall(QMetaObject::Call, int, void**)+0x73"
15:12:49.181     #20  "Qt6Qml.dll!QQmlObjectCreator::create(int, QObject*, QQmlInstantiationInterrupt*, int)+0x94"
15:12:49.181     #21  "Qt6Qml.dll!QV4::Heap::QObjectWrapper::markObjects(QV4::Heap::Base*, QV4::MarkStack*)+0x90e"
15:12:49.181     #22  "Qt6Qml.dll!QV4::QObjectMethod::callPrecise(QQmlObjectOrGadget const&, QQmlPropertyData const&, QV4::ExecutionEngine*, QV4::CallData*, QMetaObject::Call)+0x339"
15:12:49.181     #23  "Qt6Qml.dll!QV4::QObjectMethod::callInternal(QV4::Value const*, QV4::Value const*, int) const+0x858"
15:12:49.181     #24  "Qt6Qml.dll+0x1613dc (nearest export: qt_v4DebuggerHook+0x33ec)"
15:12:49.181     #25  "Qt6Qml.dll+0x165c9f (nearest export: qt_v4DebuggerHook+0x7caf)"
15:12:49.181     #26  "Qt6Qml.dll!QV4::Function::updateInternalClass(QV4::ExecutionEngine*, QList<QByteArray> const&)+0xb00"
15:12:49.181     #27  "Qt6Qml.dll+0x1613dc (nearest export: qt_v4DebuggerHook+0x33ec)"
15:12:49.181     #28  "Qt6Qml.dll+0x165c9f (nearest export: qt_v4DebuggerHook+0x7caf)"
15:12:49.181     #29  "Qt6Qml.dll!QV4::ExecutableCompilationUnit::createNamedObjectsPerComponent(int)+0x82f"
15:12:49.183     #30  "Qt6Qml.dll!QV4::Function::call(QObject*, void**, QMetaType const*, int, QV4::ExecutionContext*)+0x293"
15:12:49.183     #31  "Qt6Qml.dll!QQmlJavaScriptExpression::evaluate(void**, QMetaType const*, int)+0x105"
15:12:49.183     #32  "Qt6Qml.dll!QQmlBoundSignalExpression::evaluate(void**)+0x31c"
15:12:49.183     #33  "Qt6Qml.dll!QQmlBoundSignalExpression::QQmlBoundSignalExpression(QObject const*, int, QQmlRefPointer<QQmlContextData> const&, QObject*, QV4::Function*, QV4::ExecutionContext*)+0x8f8"
15:12:49.183     #34  "Qt6Qml.dll!QQmlNotifier::emitNotify(QQmlNotifierEndpoint*, void**)+0x215"
15:12:49.183     #35  "Qt6Core.dll+0x3fcf21 (nearest export: z_adler32_combine64+0x6b141)"
15:12:49.183     #36  "Qt6Qml.dll!QQmlVMEMetaObject::metaCall(QObject*, QMetaObject::Call, int, void**)+0x436"
15:12:49.183     #37  "Qt6Qml.dll+0x348c0c (nearest export: QQmlLocale::registerStringLocaleCompare(QV4::ExecutionEngine*)+0x6493c)"
15:12:49.183     #38  "Qt6Qml.dll!QQmlBinding::doUpdate(QQmlJavaScriptExpression::DeleteWatcher const&, QFlags<QQmlPropertyData::WriteFlag>, QV4::Scope&)+0x19f"
15:12:49.183     #39  "Qt6Qml.dll!QQmlBinding::update(QFlags<QQmlPropertyData::WriteFlag>)+0x211"
15:12:49.183     #40  "Qt6Qml.dll!QQmlNotifier::emitNotify(QQmlNotifierEndpoint*, void**)+0x215"
15:12:49.183     #41  "Qt6Core.dll+0x3fcf21 (nearest export: z_adler32_combine64+0x6b141)"
15:12:49.183     #42  "cutpro_backend.dll!Backend::playingChanged()+0x2f"
15:12:49.183     #43  "cutpro_backend.dll!Backend::setPlaying(bool)+0x3b"
15:12:49.183     #44  "cutpro_backend.dll+0x7d0b (nearest export: Backend::qt_static_metacall(QObject*, QMetaObject::Call, int, void**)+0x6945)"
15:12:49.183     #45  "cutpro_backend.dll!Backend::qt_metacall(QMetaObject::Call, int, void**)+0xec"
15:12:49.183     #46  "Qt6Qml.dll+0x42a618 (nearest export: QQmlLocale::registerStringLocaleCompare(QV4::ExecutionEngine*)+0x146348)"
15:12:49.183     #47  "Qt6Qml.dll!QQmlPropertyPrivate::write(QObject*, QQmlPropertyData const&, QVariant const&, QQmlRefPointer<QQmlContextData> const&, QFlags<QQmlPropertyData::WriteFlag>)+0x8df"
15:14:41.860 [mov,mp4,m4a,3gp,3g2,mj2 @ 0000016bd6c456c0] st: 1 edit list: 1 Missing key frame while searching for timestamp: 0
15:14:41.860 [mov,mp4,m4a,3gp,3g2,mj2 @ 0000016bd6c456c0] st: 1 edit list 1 Cannot find an index entry before timestamp: 0.
15:14:42.146 GUI thread unresponsive for 445 ms, "churning through": "FfmpegPreviewDecoder::start"
15:14:42.146   the innermost frame has only been open 320 ms of the 445 ms stall, so the thread is entering and leaving frames rather than stuck in one: the fix is to do it fewer times, not to move it off the thread.
15:14:42.146   GUI thread backtrace, innermost first (48 frames):
15:14:42.146     #0  "ntdll.dll!ZwAlpcSendWaitReceivePort+0x14"
15:14:42.146     #1  "RPCRT4.dll+0x407d4 (nearest export: RpcExceptionFilter+0x3ed4)"
15:14:42.146     #2  "RPCRT4.dll+0x3fc76 (nearest export: RpcExceptionFilter+0x3376)"
15:14:42.146     #3  "RPCRT4.dll!NdrClientCall3+0x78c"
15:14:42.146     #4  "RPCRT4.dll!NdrClientCall3+0xed"
15:14:42.146     #5  "AUDIOSES.DLL+0x4fb20"
15:14:42.146     #6  "AUDIOSES.DLL+0x1cf93"
15:14:42.146     #7  "AUDIOSES.DLL+0x1c62c"
15:14:42.146     #8  "AUDIOSES.DLL+0x1afe4"
15:14:42.146     #9  "AUDIOSES.DLL+0x1aebd"
15:14:42.146     #10  "AUDIOSES.DLL+0x1adf3"
15:14:42.146     #11  "Qt6Multimedia.dll!QWindowsAudioUtils::mediaTypeToFormat(IMFMediaType*)+0xfa1"
15:14:42.146     #12  "Qt6Multimedia.dll+0x77e10 (nearest export: QtMultimediaPrivate::refreshWarmupClient()+0x8d40)"
15:14:42.146     #13  "Qt6Multimedia.dll+0x780fa (nearest export: QtMultimediaPrivate::refreshWarmupClient()+0x902a)"
15:14:42.146     #14  "Qt6Multimedia.dll+0x9778a (nearest export: QWindowsVideoDevices::~QWindowsVideoDevices()+0x179fa)"
15:14:42.146     #15  "cutpro_preview.dll!FfmpegPreviewDecoder::startAudio(QString const&, long long, long long, double)+0x205"
15:14:42.148     #16  "cutpro_preview.dll!FfmpegPreviewDecoder::start(QString const&, QString const&, long long, long long, int, int, double, bool, double, QString const&)+0x35e"
15:14:42.148     #17  "cutpro_backend.dll!Backend::startPreviewDecode(QString const&, QString const&, long long, long long, int, int, double, bool, double, QString const&)+0xe1"
15:14:42.148     #18  "cutpro_backend.dll+0x5259 (nearest export: Backend::qt_static_metacall(QObject*, QMetaObject::Call, int, void**)+0x3e93)"
15:14:42.148     #19  "cutpro_backend.dll!Backend::qt_metacall(QMetaObject::Call, int, void**)+0x73"
15:14:42.148     #20  "Qt6Qml.dll!QQmlObjectCreator::create(int, QObject*, QQmlInstantiationInterrupt*, int)+0x94"
15:14:42.148     #21  "Qt6Qml.dll!QV4::Heap::QObjectWrapper::markObjects(QV4::Heap::Base*, QV4::MarkStack*)+0x90e"
15:14:42.148     #22  "Qt6Qml.dll!QV4::QObjectMethod::callPrecise(QQmlObjectOrGadget const&, QQmlPropertyData const&, QV4::ExecutionEngine*, QV4::CallData*, QMetaObject::Call)+0x339"
15:14:42.148     #23  "Qt6Qml.dll!QV4::QObjectMethod::callInternal(QV4::Value const*, QV4::Value const*, int) const+0x858"
15:14:42.148     #24  "Qt6Qml.dll+0x1613dc (nearest export: qt_v4DebuggerHook+0x33ec)"
15:14:42.148     #25  "Qt6Qml.dll+0x165c9f (nearest export: qt_v4DebuggerHook+0x7caf)"
15:14:42.148     #26  "Qt6Qml.dll!QV4::Function::updateInternalClass(QV4::ExecutionEngine*, QList<QByteArray> const&)+0xb00"
15:14:42.148     #27  "Qt6Qml.dll!QV4::Runtime::CallPropertyLookup::call(QV4::ExecutionEngine*, QV4::Value const&, unsigned int, QV4::Value*, int)+0xa2"
15:14:42.148     #28  "0x16bdc15099c"
15:14:42.148     #29  "Qt6Qml.dll+0x165b98 (nearest export: qt_v4DebuggerHook+0x7ba8)"
15:14:42.148     #30  "Qt6Qml.dll!QV4::ExecutableCompilationUnit::createNamedObjectsPerComponent(int)+0x82f"
15:14:42.148     #31  "Qt6Qml.dll!QV4::Function::call(QObject*, void**, QMetaType const*, int, QV4::ExecutionContext*)+0x293"
15:14:42.148     #32  "Qt6Qml.dll!QQmlJavaScriptExpression::evaluate(void**, QMetaType const*, int)+0x105"
15:14:42.148     #33  "Qt6Qml.dll!QQmlBoundSignalExpression::evaluate(void**)+0x31c"
15:14:42.148     #34  "Qt6Qml.dll!QQmlBoundSignalExpression::QQmlBoundSignalExpression(QObject const*, int, QQmlRefPointer<QQmlContextData> const&, QObject*, QV4::Function*, QV4::ExecutionContext*)+0x8f8"
15:14:42.148     #35  "Qt6Qml.dll!QQmlNotifier::emitNotify(QQmlNotifierEndpoint*, void**)+0x215"
15:14:42.148     #36  "Qt6Core.dll+0x3fcf21 (nearest export: z_adler32_combine64+0x6b141)"
15:14:42.148     #37  "Qt6Qml.dll!QQmlVMEMetaObject::metaCall(QObject*, QMetaObject::Call, int, void**)+0x436"
15:14:42.148     #38  "Qt6Qml.dll+0x348c0c (nearest export: QQmlLocale::registerStringLocaleCompare(QV4::ExecutionEngine*)+0x6493c)"
15:14:42.148     #39  "Qt6Qml.dll!QQmlBinding::doUpdate(QQmlJavaScriptExpression::DeleteWatcher const&, QFlags<QQmlPropertyData::WriteFlag>, QV4::Scope&)+0x19f"
15:14:42.148     #40  "Qt6Qml.dll!QQmlBinding::update(QFlags<QQmlPropertyData::WriteFlag>)+0x211"
15:14:42.148     #41  "Qt6Qml.dll!QQmlNotifier::emitNotify(QQmlNotifierEndpoint*, void**)+0x215"
15:14:42.148     #42  "Qt6Core.dll+0x3fcf21 (nearest export: z_adler32_combine64+0x6b141)"
15:14:42.148     #43  "cutpro_backend.dll!Backend::playingChanged()+0x2f"
15:14:42.148     #44  "cutpro_backend.dll!Backend::setPlaying(bool)+0x3b"
15:14:42.148     #45  "cutpro_backend.dll+0x7d0b (nearest export: Backend::qt_static_metacall(QObject*, QMetaObject::Call, int, void**)+0x6945)"
15:14:42.148     #46  "cutpro_backend.dll!Backend::qt_metacall(QMetaObject::Call, int, void**)+0xec"
15:14:42.148     #47  "Qt6Qml.dll+0x42a618 (nearest export: QQmlLocale::registerStringLocaleCompare(QV4::ExecutionEngine*)+0x146348)"
15:14:51.669 [mov,mp4,m4a,3gp,3g2,mj2 @ 0000016bd6c466c0] st: 1 edit list: 1 Missing key frame while searching for timestamp: 0
15:14:51.669 [mov,mp4,m4a,3gp,3g2,mj2 @ 0000016bd6c466c0] st: 1 edit list 1 Cannot find an index entry before timestamp: 0.
15:14:52.015 [mov,mp4,m4a,3gp,3g2,mj2 @ 0000016bd6c45940] st: 1 edit list: 1 Missing key frame while searching for timestamp: 0
15:14:52.016 [mov,mp4,m4a,3gp,3g2,mj2 @ 0000016bd6c45940] st: 1 edit list 1 Cannot find an index entry before timestamp: 0.
15:14:52.867 [mov,mp4,m4a,3gp,3g2,mj2 @ 0000016bd6c46980] st: 1 edit list: 1 Missing key frame while searching for timestamp: 0
15:14:52.867 [mov,mp4,m4a,3gp,3g2,mj2 @ 0000016bd6c46980] st: 1 edit list 1 Cannot find an index entry before timestamp: 0.
15:14:53.315 [mov,mp4,m4a,3gp,3g2,mj2 @ 0000016bd6c44e80] st: 1 edit list: 1 Missing key frame while searching for timestamp: 0
15:14:53.315 [mov,mp4,m4a,3gp,3g2,mj2 @ 0000016bd6c44e80] st: 1 edit list 1 Cannot find an index entry before timestamp: 0.
15:14:55.998 [mov,mp4,m4a,3gp,3g2,mj2 @ 0000016bd6c46980] st: 1 edit list: 1 Missing key frame while searching for timestamp: 0
15:14:56.000 [mov,mp4,m4a,3gp,3g2,mj2 @ 0000016bd6c46980] st: 1 edit list 1 Cannot find an index entry before timestamp: 0.
15:15:09.092 [mov,mp4,m4a,3gp,3g2,mj2 @ 0000016bd6c45140] st: 1 edit list: 1 Missing key frame while searching for timestamp: 0
15:15:09.094 [mov,mp4,m4a,3gp,3g2,mj2 @ 0000016bd6c45140] st: 1 edit list 1 Cannot find an index entry before timestamp: 0.
15:15:13.519 [mov,mp4,m4a,3gp,3g2,mj2 @ 0000016bd6c45c00] st: 1 edit list: 1 Missing key frame while searching for timestamp: 0
15:15:13.520 [mov,mp4,m4a,3gp,3g2,mj2 @ 0000016bd6c45c00] st: 1 edit list 1 Cannot find an index entry before timestamp: 0.
15:15:13.801 GUI thread unresponsive for 429 ms, "churning through": "FfmpegPreviewDecoder::start"
15:15:13.801   the innermost frame has only been open 308 ms of the 429 ms stall, so the thread is entering and leaving frames rather than stuck in one: the fix is to do it fewer times, not to move it off the thread.
15:15:13.801   GUI thread backtrace, innermost first (48 frames):
15:15:13.801     #0  "ntdll.dll!ZwAlpcSendWaitReceivePort+0x14"
15:15:13.801     #1  "RPCRT4.dll+0x407d4 (nearest export: RpcExceptionFilter+0x3ed4)"
15:15:13.801     #2  "RPCRT4.dll+0x3fc76 (nearest export: RpcExceptionFilter+0x3376)"
15:15:13.801     #3  "RPCRT4.dll!NdrClientCall3+0x78c"
15:15:13.801     #4  "RPCRT4.dll!NdrClientCall3+0xed"
15:15:13.801     #5  "AUDIOSES.DLL+0x4fb20"
15:15:13.801     #6  "AUDIOSES.DLL+0x1cf93"
15:15:13.801     #7  "AUDIOSES.DLL+0x1c62c"
15:15:13.801     #8  "AUDIOSES.DLL+0x1afe4"
15:15:13.801     #9  "AUDIOSES.DLL+0x1aebd"
15:15:13.801     #10  "AUDIOSES.DLL+0x1adf3"
15:15:13.801     #11  "Qt6Multimedia.dll!QWindowsAudioUtils::mediaTypeToFormat(IMFMediaType*)+0xfa1"
15:15:13.801     #12  "Qt6Multimedia.dll+0x77e10 (nearest export: QtMultimediaPrivate::refreshWarmupClient()+0x8d40)"
15:15:13.801     #13  "Qt6Multimedia.dll+0x780fa (nearest export: QtMultimediaPrivate::refreshWarmupClient()+0x902a)"
15:15:13.801     #14  "Qt6Multimedia.dll+0x9778a (nearest export: QWindowsVideoDevices::~QWindowsVideoDevices()+0x179fa)"
15:15:13.801     #15  "cutpro_preview.dll!FfmpegPreviewDecoder::startAudio(QString const&, long long, long long, double)+0x205"
15:15:13.801     #16  "cutpro_preview.dll!FfmpegPreviewDecoder::start(QString const&, QString const&, long long, long long, int, int, double, bool, double, QString const&)+0x35e"
15:15:13.801     #17  "cutpro_backend.dll!Backend::startPreviewDecode(QString const&, QString const&, long long, long long, int, int, double, bool, double, QString const&)+0xe1"
15:15:13.802     #18  "cutpro_backend.dll+0x5259 (nearest export: Backend::qt_static_metacall(QObject*, QMetaObject::Call, int, void**)+0x3e93)"
15:15:13.802     #19  "cutpro_backend.dll!Backend::qt_metacall(QMetaObject::Call, int, void**)+0x73"
15:15:13.802     #20  "Qt6Qml.dll!QQmlObjectCreator::create(int, QObject*, QQmlInstantiationInterrupt*, int)+0x94"
15:15:13.802     #21  "Qt6Qml.dll!QV4::Heap::QObjectWrapper::markObjects(QV4::Heap::Base*, QV4::MarkStack*)+0x90e"
15:15:13.802     #22  "Qt6Qml.dll!QV4::QObjectMethod::callPrecise(QQmlObjectOrGadget const&, QQmlPropertyData const&, QV4::ExecutionEngine*, QV4::CallData*, QMetaObject::Call)+0x339"
15:15:13.802     #23  "Qt6Qml.dll!QV4::QObjectMethod::callInternal(QV4::Value const*, QV4::Value const*, int) const+0x858"
15:15:13.802     #24  "Qt6Qml.dll!QV4::Runtime::CallPropertyLookup::call(QV4::ExecutionEngine*, QV4::Value const&, unsigned int, QV4::Value*, int)+0xa2"
15:15:13.802     #25  "0x16b80011343"
15:15:13.802     #26  "Qt6Qml.dll+0x165b98 (nearest export: qt_v4DebuggerHook+0x7ba8)"
15:15:13.802     #27  "Qt6Qml.dll!QV4::Function::updateInternalClass(QV4::ExecutionEngine*, QList<QByteArray> const&)+0xb00"
15:15:13.802     #28  "Qt6Qml.dll!QV4::Runtime::CallPropertyLookup::call(QV4::ExecutionEngine*, QV4::Value const&, unsigned int, QV4::Value*, int)+0xa2"
15:15:13.802     #29  "0x16bdc15099c"
15:15:13.802     #30  "Qt6Qml.dll+0x165b98 (nearest export: qt_v4DebuggerHook+0x7ba8)"
15:15:13.802     #31  "Qt6Qml.dll!QV4::ExecutableCompilationUnit::createNamedObjectsPerComponent(int)+0x82f"
15:15:13.802     #32  "Qt6Qml.dll!QV4::Function::call(QObject*, void**, QMetaType const*, int, QV4::ExecutionContext*)+0x293"
15:15:13.802     #33  "Qt6Qml.dll!QQmlJavaScriptExpression::evaluate(void**, QMetaType const*, int)+0x105"
15:15:13.802     #34  "Qt6Qml.dll!QQmlBoundSignalExpression::evaluate(void**)+0x31c"
15:15:13.802     #35  "Qt6Qml.dll!QQmlBoundSignalExpression::QQmlBoundSignalExpression(QObject const*, int, QQmlRefPointer<QQmlContextData> const&, QObject*, QV4::Function*, QV4::ExecutionContext*)+0x8f8"
15:15:13.802     #36  "Qt6Qml.dll!QQmlNotifier::emitNotify(QQmlNotifierEndpoint*, void**)+0x215"
15:15:13.802     #37  "Qt6Core.dll+0x3fcf21 (nearest export: z_adler32_combine64+0x6b141)"
15:15:13.802     #38  "Qt6Qml.dll!QQmlVMEMetaObject::metaCall(QObject*, QMetaObject::Call, int, void**)+0x436"
15:15:13.802     #39  "Qt6Qml.dll+0x348c0c (nearest export: QQmlLocale::registerStringLocaleCompare(QV4::ExecutionEngine*)+0x6493c)"
15:15:13.802     #40  "Qt6Qml.dll!QQmlBinding::doUpdate(QQmlJavaScriptExpression::DeleteWatcher const&, QFlags<QQmlPropertyData::WriteFlag>, QV4::Scope&)+0x19f"
15:15:13.802     #41  "Qt6Qml.dll!QQmlBinding::update(QFlags<QQmlPropertyData::WriteFlag>)+0x211"
15:15:13.802     #42  "Qt6Qml.dll!QQmlNotifier::emitNotify(QQmlNotifierEndpoint*, void**)+0x215"
15:15:13.802     #43  "Qt6Core.dll+0x3fcf21 (nearest export: z_adler32_combine64+0x6b141)"
15:15:13.802     #44  "cutpro_backend.dll!Backend::playingChanged()+0x2f"
15:15:13.802     #45  "cutpro_backend.dll!Backend::setPlaying(bool)+0x3b"
15:15:13.802     #46  "cutpro_backend.dll+0x7d0b (nearest export: Backend::qt_static_metacall(QObject*, QMetaObject::Call, int, void**)+0x6945)"
15:15:13.802     #47  "cutpro_backend.dll!Backend::qt_metacall(QMetaObject::Call, int, void**)+0xec"
15:15:29.811 [mov,mp4,m4a,3gp,3g2,mj2 @ 0000016bd6c456c0] st: 1 edit list: 1 Missing key frame while searching for timestamp: 0
15:15:29.811 [mov,mp4,m4a,3gp,3g2,mj2 @ 0000016bd6c456c0] st: 1 edit list 1 Cannot find an index entry before timestamp: 0.
15:15:30.079 GUI thread unresponsive for 411 ms, "churning through": "FfmpegPreviewDecoder::start"
15:15:30.079   the innermost frame has only been open 294 ms of the 411 ms stall, so the thread is entering and leaving frames rather than stuck in one: the fix is to do it fewer times, not to move it off the thread.
15:15:30.079   GUI thread backtrace, innermost first (48 frames):
15:15:30.079     #0  "ntdll.dll!ZwAlpcSendWaitReceivePort+0x14"
15:15:30.079     #1  "RPCRT4.dll+0x407d4 (nearest export: RpcExceptionFilter+0x3ed4)"
15:15:30.079     #2  "RPCRT4.dll+0x3fc76 (nearest export: RpcExceptionFilter+0x3376)"
15:15:30.079     #3  "RPCRT4.dll!NdrClientCall3+0x78c"
15:15:30.079     #4  "RPCRT4.dll!NdrClientCall3+0xed"
15:15:30.079     #5  "AUDIOSES.DLL+0x4fb20"
15:15:30.079     #6  "AUDIOSES.DLL+0x1cf93"
15:15:30.079     #7  "AUDIOSES.DLL+0x1c62c"
15:15:30.079     #8  "AUDIOSES.DLL+0x1afe4"
15:15:30.079     #9  "AUDIOSES.DLL+0x1aebd"
15:15:30.079     #10  "AUDIOSES.DLL+0x1adf3"
15:15:30.079     #11  "Qt6Multimedia.dll!QWindowsAudioUtils::mediaTypeToFormat(IMFMediaType*)+0xfa1"
15:15:30.079     #12  "Qt6Multimedia.dll+0x77e10 (nearest export: QtMultimediaPrivate::refreshWarmupClient()+0x8d40)"
15:15:30.079     #13  "Qt6Multimedia.dll+0x780fa (nearest export: QtMultimediaPrivate::refreshWarmupClient()+0x902a)"
15:15:30.079     #14  "Qt6Multimedia.dll+0x9778a (nearest export: QWindowsVideoDevices::~QWindowsVideoDevices()+0x179fa)"
15:15:30.079     #15  "cutpro_preview.dll!FfmpegPreviewDecoder::startAudio(QString const&, long long, long long, double)+0x205"
15:15:30.079     #16  "cutpro_preview.dll!FfmpegPreviewDecoder::start(QString const&, QString const&, long long, long long, int, int, double, bool, double, QString const&)+0x35e"
15:15:30.079     #17  "cutpro_backend.dll!Backend::startPreviewDecode(QString const&, QString const&, long long, long long, int, int, double, bool, double, QString const&)+0xe1"
15:15:30.079     #18  "cutpro_backend.dll+0x5259 (nearest export: Backend::qt_static_metacall(QObject*, QMetaObject::Call, int, void**)+0x3e93)"
15:15:30.079     #19  "cutpro_backend.dll!Backend::qt_metacall(QMetaObject::Call, int, void**)+0x73"
15:15:30.079     #20  "Qt6Qml.dll!QQmlObjectCreator::create(int, QObject*, QQmlInstantiationInterrupt*, int)+0x94"
15:15:30.079     #21  "Qt6Qml.dll!QV4::Heap::QObjectWrapper::markObjects(QV4::Heap::Base*, QV4::MarkStack*)+0x90e"
15:15:30.079     #22  "Qt6Qml.dll!QV4::QObjectMethod::callPrecise(QQmlObjectOrGadget const&, QQmlPropertyData const&, QV4::ExecutionEngine*, QV4::CallData*, QMetaObject::Call)+0x339"
15:15:30.079     #23  "Qt6Qml.dll!QV4::QObjectMethod::callInternal(QV4::Value const*, QV4::Value const*, int) const+0x858"
15:15:30.079     #24  "Qt6Qml.dll!QV4::Runtime::CallPropertyLookup::call(QV4::ExecutionEngine*, QV4::Value const&, unsigned int, QV4::Value*, int)+0xa2"
15:15:30.079     #25  "0x16b80011343"
15:15:30.079     #26  "Qt6Qml.dll+0x165b98 (nearest export: qt_v4DebuggerHook+0x7ba8)"
15:15:30.079     #27  "Qt6Qml.dll!QV4::Function::updateInternalClass(QV4::ExecutionEngine*, QList<QByteArray> const&)+0xb00"
15:15:30.079     #28  "Qt6Qml.dll!QV4::Runtime::CallPropertyLookup::call(QV4::ExecutionEngine*, QV4::Value const&, unsigned int, QV4::Value*, int)+0xa2"
15:15:30.079     #29  "0x16bdc15099c"
15:15:30.079     #30  "Qt6Qml.dll+0x165b98 (nearest export: qt_v4DebuggerHook+0x7ba8)"
15:15:30.079     #31  "Qt6Qml.dll!QV4::ExecutableCompilationUnit::createNamedObjectsPerComponent(int)+0x82f"
15:15:30.079     #32  "Qt6Qml.dll!QV4::Function::call(QObject*, void**, QMetaType const*, int, QV4::ExecutionContext*)+0x293"
15:15:30.079     #33  "Qt6Qml.dll!QQmlJavaScriptExpression::evaluate(void**, QMetaType const*, int)+0x105"
15:15:30.079     #34  "Qt6Qml.dll!QQmlBoundSignalExpression::evaluate(void**)+0x31c"
15:15:30.079     #35  "Qt6Qml.dll!QQmlBoundSignalExpression::QQmlBoundSignalExpression(QObject const*, int, QQmlRefPointer<QQmlContextData> const&, QObject*, QV4::Function*, QV4::ExecutionContext*)+0x8f8"
15:15:30.079     #36  "Qt6Qml.dll!QQmlNotifier::emitNotify(QQmlNotifierEndpoint*, void**)+0x215"
15:15:30.079     #37  "Qt6Core.dll+0x3fcf21 (nearest export: z_adler32_combine64+0x6b141)"
15:15:30.079     #38  "Qt6Qml.dll!QQmlVMEMetaObject::metaCall(QObject*, QMetaObject::Call, int, void**)+0x436"
15:15:30.079     #39  "Qt6Qml.dll+0x348c0c (nearest export: QQmlLocale::registerStringLocaleCompare(QV4::ExecutionEngine*)+0x6493c)"
15:15:30.079     #40  "Qt6Qml.dll!QQmlBinding::doUpdate(QQmlJavaScriptExpression::DeleteWatcher const&, QFlags<QQmlPropertyData::WriteFlag>, QV4::Scope&)+0x19f"
15:15:30.079     #41  "Qt6Qml.dll!QQmlBinding::update(QFlags<QQmlPropertyData::WriteFlag>)+0x211"
15:15:30.079     #42  "Qt6Qml.dll!QQmlNotifier::emitNotify(QQmlNotifierEndpoint*, void**)+0x215"
15:15:30.079     #43  "Qt6Core.dll+0x3fcf21 (nearest export: z_adler32_combine64+0x6b141)"
15:15:30.079     #44  "cutpro_backend.dll!Backend::playingChanged()+0x2f"
15:15:30.079     #45  "cutpro_backend.dll!Backend::setPlaying(bool)+0x3b"
15:15:30.079     #46  "cutpro_backend.dll+0x7d0b (nearest export: Backend::qt_static_metacall(QObject*, QMetaObject::Call, int, void**)+0x6945)"
15:15:30.079     #47  "cutpro_backend.dll!Backend::qt_metacall(QMetaObject::Call, int, void**)+0xec"
15:15:35.766 [mov,mp4,m4a,3gp,3g2,mj2 @ 0000016bd6c456c0] st: 1 edit list: 1 Missing key frame while searching for timestamp: 0
15:15:35.766 [mov,mp4,m4a,3gp,3g2,mj2 @ 0000016bd6c456c0] st: 1 edit list 1 Cannot find an index entry before timestamp: 0.
15:15:36.071 GUI thread unresponsive for 450 ms, "churning through": "FfmpegPreviewDecoder::start"
15:15:36.071   the innermost frame has only been open 330 ms of the 450 ms stall, so the thread is entering and leaving frames rather than stuck in one: the fix is to do it fewer times, not to move it off the thread.
15:15:36.071   GUI thread backtrace, innermost first (48 frames):
15:15:36.071     #0  "ntdll.dll!ZwAlpcSendWaitReceivePort+0x14"
15:15:36.071     #1  "RPCRT4.dll+0x407d4 (nearest export: RpcExceptionFilter+0x3ed4)"
15:15:36.071     #2  "RPCRT4.dll+0x3fc76 (nearest export: RpcExceptionFilter+0x3376)"
15:15:36.071     #3  "RPCRT4.dll!NdrClientCall3+0x78c"
15:15:36.071     #4  "RPCRT4.dll!NdrClientCall3+0xed"
15:15:36.071     #5  "AUDIOSES.DLL+0x4fb20"
15:15:36.071     #6  "AUDIOSES.DLL+0x1cf93"
15:15:36.071     #7  "AUDIOSES.DLL+0x1c62c"
15:15:36.071     #8  "AUDIOSES.DLL+0x1afe4"
15:15:36.071     #9  "AUDIOSES.DLL+0x1aebd"
15:15:36.071     #10  "AUDIOSES.DLL+0x1adf3"
15:15:36.071     #11  "Qt6Multimedia.dll!QWindowsAudioUtils::mediaTypeToFormat(IMFMediaType*)+0xfa1"
15:15:36.071     #12  "Qt6Multimedia.dll+0x77e10 (nearest export: QtMultimediaPrivate::refreshWarmupClient()+0x8d40)"
15:15:36.071     #13  "Qt6Multimedia.dll+0x780fa (nearest export: QtMultimediaPrivate::refreshWarmupClient()+0x902a)"
15:15:36.074     #14  "Qt6Multimedia.dll+0x9778a (nearest export: QWindowsVideoDevices::~QWindowsVideoDevices()+0x179fa)"
15:15:36.074     #15  "cutpro_preview.dll!FfmpegPreviewDecoder::startAudio(QString const&, long long, long long, double)+0x205"
15:15:36.074     #16  "cutpro_preview.dll!FfmpegPreviewDecoder::start(QString const&, QString const&, long long, long long, int, int, double, bool, double, QString const&)+0x35e"
15:15:36.074     #17  "cutpro_backend.dll!Backend::startPreviewDecode(QString const&, QString const&, long long, long long, int, int, double, bool, double, QString const&)+0xe1"
15:15:36.074     #18  "cutpro_backend.dll+0x5259 (nearest export: Backend::qt_static_metacall(QObject*, QMetaObject::Call, int, void**)+0x3e93)"
15:15:36.074     #19  "cutpro_backend.dll!Backend::qt_metacall(QMetaObject::Call, int, void**)+0x73"
15:15:36.074     #20  "Qt6Qml.dll!QQmlObjectCreator::create(int, QObject*, QQmlInstantiationInterrupt*, int)+0x94"
15:15:36.074     #21  "Qt6Qml.dll!QV4::Heap::QObjectWrapper::markObjects(QV4::Heap::Base*, QV4::MarkStack*)+0x90e"
15:15:36.074     #22  "Qt6Qml.dll!QV4::QObjectMethod::callPrecise(QQmlObjectOrGadget const&, QQmlPropertyData const&, QV4::ExecutionEngine*, QV4::CallData*, QMetaObject::Call)+0x339"
15:15:36.074     #23  "Qt6Qml.dll!QV4::QObjectMethod::callInternal(QV4::Value const*, QV4::Value const*, int) const+0x858"
15:15:36.074     #24  "Qt6Qml.dll!QV4::Runtime::CallPropertyLookup::call(QV4::ExecutionEngine*, QV4::Value const&, unsigned int, QV4::Value*, int)+0xa2"
15:15:36.074     #25  "0x16b80011343"
15:15:36.074     #26  "Qt6Qml.dll+0x165b98 (nearest export: qt_v4DebuggerHook+0x7ba8)"
15:15:36.074     #27  "Qt6Qml.dll!QV4::Function::updateInternalClass(QV4::ExecutionEngine*, QList<QByteArray> const&)+0xb00"
15:15:36.074     #28  "Qt6Qml.dll!QV4::Runtime::CallPropertyLookup::call(QV4::ExecutionEngine*, QV4::Value const&, unsigned int, QV4::Value*, int)+0xa2"
15:15:36.074     #29  "0x16bdc15099c"
15:15:36.074     #30  "Qt6Qml.dll+0x165b98 (nearest export: qt_v4DebuggerHook+0x7ba8)"
15:15:36.074     #31  "Qt6Qml.dll!QV4::ExecutableCompilationUnit::createNamedObjectsPerComponent(int)+0x82f"
15:15:36.074     #32  "Qt6Qml.dll!QV4::Function::call(QObject*, void**, QMetaType const*, int, QV4::ExecutionContext*)+0x293"
15:15:36.074     #33  "Qt6Qml.dll!QQmlJavaScriptExpression::evaluate(void**, QMetaType const*, int)+0x105"
15:15:36.074     #34  "Qt6Qml.dll!QQmlBoundSignalExpression::evaluate(void**)+0x31c"
15:15:36.074     #35  "Qt6Qml.dll!QQmlBoundSignalExpression::QQmlBoundSignalExpression(QObject const*, int, QQmlRefPointer<QQmlContextData> const&, QObject*, QV4::Function*, QV4::ExecutionContext*)+0x8f8"
15:15:36.074     #36  "Qt6Qml.dll!QQmlNotifier::emitNotify(QQmlNotifierEndpoint*, void**)+0x215"
15:15:36.074     #37  "Qt6Core.dll+0x3fcf21 (nearest export: z_adler32_combine64+0x6b141)"
15:15:36.074     #38  "Qt6Qml.dll!QQmlVMEMetaObject::metaCall(QObject*, QMetaObject::Call, int, void**)+0x436"
15:15:36.074     #39  "Qt6Qml.dll+0x348c0c (nearest export: QQmlLocale::registerStringLocaleCompare(QV4::ExecutionEngine*)+0x6493c)"
15:15:36.074     #40  "Qt6Qml.dll!QQmlBinding::doUpdate(QQmlJavaScriptExpression::DeleteWatcher const&, QFlags<QQmlPropertyData::WriteFlag>, QV4::Scope&)+0x19f"
15:15:36.074     #41  "Qt6Qml.dll!QQmlBinding::update(QFlags<QQmlPropertyData::WriteFlag>)+0x211"
15:15:36.074     #42  "Qt6Qml.dll!QQmlNotifier::emitNotify(QQmlNotifierEndpoint*, void**)+0x215"
15:15:36.074     #43  "Qt6Core.dll+0x3fcf21 (nearest export: z_adler32_combine64+0x6b141)"
15:15:36.074     #44  "cutpro_backend.dll!Backend::playingChanged()+0x2f"
15:15:36.074     #45  "cutpro_backend.dll!Backend::setPlaying(bool)+0x3b"
15:15:36.074     #46  "cutpro_backend.dll+0x7d0b (nearest export: Backend::qt_static_metacall(QObject*, QMetaObject::Call, int, void**)+0x6945)"
15:15:36.074     #47  "cutpro_backend.dll!Backend::qt_metacall(QMetaObject::Call, int, void**)+0xec"
15:17:08.405 [mov,mp4,m4a,3gp,3g2,mj2 @ 0000016bd6c456c0] st: 1 edit list: 1 Missing key frame while searching for timestamp: 0
15:17:08.405 [mov,mp4,m4a,3gp,3g2,mj2 @ 0000016bd6c456c0] st: 1 edit list 1 Cannot find an index entry before timestamp: 0.
15:17:08.682 GUI thread unresponsive for 412 ms, "churning through": "FfmpegPreviewDecoder::start"
15:17:08.682   the innermost frame has only been open 308 ms of the 412 ms stall, so the thread is entering and leaving frames rather than stuck in one: the fix is to do it fewer times, not to move it off the thread.
15:17:08.684   GUI thread backtrace, innermost first (48 frames):
15:17:08.684     #0  "ntdll.dll!ZwAlpcSendWaitReceivePort+0x14"
15:17:08.684     #1  "RPCRT4.dll+0x407d4 (nearest export: RpcExceptionFilter+0x3ed4)"
15:17:08.684     #2  "RPCRT4.dll+0x3fc76 (nearest export: RpcExceptionFilter+0x3376)"
15:17:08.684     #3  "RPCRT4.dll!NdrClientCall3+0x78c"
15:17:08.684     #4  "RPCRT4.dll!NdrClientCall3+0xed"
15:17:08.684     #5  "AUDIOSES.DLL+0x4fb20"
15:17:08.684     #6  "AUDIOSES.DLL+0x1cf93"
15:17:08.684     #7  "AUDIOSES.DLL+0x1c62c"
15:17:08.684     #8  "AUDIOSES.DLL+0x1afe4"
15:17:08.684     #9  "AUDIOSES.DLL+0x1aebd"
15:17:08.684     #10  "AUDIOSES.DLL+0x1adf3"
15:17:08.687     #11  "Qt6Multimedia.dll!QWindowsAudioUtils::mediaTypeToFormat(IMFMediaType*)+0xfa1"
15:17:08.687     #12  "Qt6Multimedia.dll+0x77e10 (nearest export: QtMultimediaPrivate::refreshWarmupClient()+0x8d40)"
15:17:08.687     #13  "Qt6Multimedia.dll+0x780fa (nearest export: QtMultimediaPrivate::refreshWarmupClient()+0x902a)"
15:17:08.687     #14  "Qt6Multimedia.dll+0x9778a (nearest export: QWindowsVideoDevices::~QWindowsVideoDevices()+0x179fa)"
15:17:08.687     #15  "cutpro_preview.dll!FfmpegPreviewDecoder::startAudio(QString const&, long long, long long, double)+0x205"
15:17:08.687     #16  "cutpro_preview.dll!FfmpegPreviewDecoder::start(QString const&, QString const&, long long, long long, int, int, double, bool, double, QString const&)+0x35e"
15:17:08.687     #17  "cutpro_backend.dll!Backend::startPreviewDecode(QString const&, QString const&, long long, long long, int, int, double, bool, double, QString const&)+0xe1"
15:17:08.687     #18  "cutpro_backend.dll+0x5259 (nearest export: Backend::qt_static_metacall(QObject*, QMetaObject::Call, int, void**)+0x3e93)"
15:17:08.687     #19  "cutpro_backend.dll!Backend::qt_metacall(QMetaObject::Call, int, void**)+0x73"
15:17:08.687     #20  "Qt6Qml.dll!QQmlObjectCreator::create(int, QObject*, QQmlInstantiationInterrupt*, int)+0x94"
15:17:08.687     #21  "Qt6Qml.dll!QV4::Heap::QObjectWrapper::markObjects(QV4::Heap::Base*, QV4::MarkStack*)+0x90e"
15:17:08.687     #22  "Qt6Qml.dll!QV4::QObjectMethod::callPrecise(QQmlObjectOrGadget const&, QQmlPropertyData const&, QV4::ExecutionEngine*, QV4::CallData*, QMetaObject::Call)+0x339"
15:17:08.687     #23  "Qt6Qml.dll!QV4::QObjectMethod::callInternal(QV4::Value const*, QV4::Value const*, int) const+0x858"
15:17:08.687     #24  "Qt6Qml.dll!QV4::Runtime::CallPropertyLookup::call(QV4::ExecutionEngine*, QV4::Value const&, unsigned int, QV4::Value*, int)+0xa2"
15:17:08.687     #25  "0x16b80011343"
15:17:08.687     #26  "Qt6Qml.dll+0x165b98 (nearest export: qt_v4DebuggerHook+0x7ba8)"
15:17:08.687     #27  "Qt6Qml.dll!QV4::Function::updateInternalClass(QV4::ExecutionEngine*, QList<QByteArray> const&)+0xb00"
15:17:08.687     #28  "Qt6Qml.dll!QV4::Runtime::CallPropertyLookup::call(QV4::ExecutionEngine*, QV4::Value const&, unsigned int, QV4::Value*, int)+0xa2"
15:17:08.687     #29  "0x16bdc15099c"
15:17:08.687     #30  "Qt6Qml.dll+0x165b98 (nearest export: qt_v4DebuggerHook+0x7ba8)"
15:17:08.687     #31  "Qt6Qml.dll!QV4::ExecutableCompilationUnit::createNamedObjectsPerComponent(int)+0x82f"
15:17:08.687     #32  "Qt6Qml.dll!QV4::Function::call(QObject*, void**, QMetaType const*, int, QV4::ExecutionContext*)+0x293"
15:17:08.689     #33  "Qt6Qml.dll!QQmlJavaScriptExpression::evaluate(void**, QMetaType const*, int)+0x105"
15:17:08.689     #34  "Qt6Qml.dll!QQmlBoundSignalExpression::evaluate(void**)+0x31c"
15:17:08.689     #35  "Qt6Qml.dll!QQmlBoundSignalExpression::QQmlBoundSignalExpression(QObject const*, int, QQmlRefPointer<QQmlContextData> const&, QObject*, QV4::Function*, QV4::ExecutionContext*)+0x8f8"
15:17:08.689     #36  "Qt6Qml.dll!QQmlNotifier::emitNotify(QQmlNotifierEndpoint*, void**)+0x215"
15:17:08.689     #37  "Qt6Core.dll+0x3fcf21 (nearest export: z_adler32_combine64+0x6b141)"
15:17:08.689     #38  "Qt6Qml.dll!QQmlVMEMetaObject::metaCall(QObject*, QMetaObject::Call, int, void**)+0x436"
15:17:08.689     #39  "Qt6Qml.dll+0x348c0c (nearest export: QQmlLocale::registerStringLocaleCompare(QV4::ExecutionEngine*)+0x6493c)"
15:17:08.689     #40  "Qt6Qml.dll!QQmlBinding::doUpdate(QQmlJavaScriptExpression::DeleteWatcher const&, QFlags<QQmlPropertyData::WriteFlag>, QV4::Scope&)+0x19f"
15:17:08.689     #41  "Qt6Qml.dll!QQmlBinding::update(QFlags<QQmlPropertyData::WriteFlag>)+0x211"
15:17:08.689     #42  "Qt6Qml.dll!QQmlNotifier::emitNotify(QQmlNotifierEndpoint*, void**)+0x215"
15:17:08.689     #43  "Qt6Core.dll+0x3fcf21 (nearest export: z_adler32_combine64+0x6b141)"
15:17:08.689     #44  "cutpro_backend.dll!Backend::playingChanged()+0x2f"
15:17:08.689     #45  "cutpro_backend.dll!Backend::setPlaying(bool)+0x3b"
15:17:08.689     #46  "cutpro_backend.dll+0x7d0b (nearest export: Backend::qt_static_metacall(QObject*, QMetaObject::Call, int, void**)+0x6945)"
15:17:08.689     #47  "cutpro_backend.dll!Backend::qt_metacall(QMetaObject::Call, int, void**)+0xec"
15:17:09.126 GUI thread unresponsive for 857 ms, "wedged in": "FfmpegPreviewDecoder::start"
15:17:09.126   GUI thread backtrace, innermost first (48 frames):
15:17:09.126     #0  "ntdll.dll!ZwAlpcSendWaitReceivePort+0x14"
15:17:09.126     #1  "RPCRT4.dll+0x407d4 (nearest export: RpcExceptionFilter+0x3ed4)"
15:17:09.126     #2  "RPCRT4.dll+0x3fc76 (nearest export: RpcExceptionFilter+0x3376)"
15:17:09.126     #3  "RPCRT4.dll!NdrClientCall3+0x78c"
15:17:09.126     #4  "RPCRT4.dll!NdrClientCall3+0xed"
15:17:09.126     #5  "AUDIOSES.DLL+0x4fb20"
15:17:09.126     #6  "AUDIOSES.DLL+0x1cf93"
15:17:09.126     #7  "AUDIOSES.DLL+0x1c62c"
15:17:09.126     #8  "AUDIOSES.DLL+0x1afe4"
15:17:09.126     #9  "AUDIOSES.DLL+0x1aebd"
15:17:09.126     #10  "AUDIOSES.DLL+0x1adf3"
15:17:09.126     #11  "Qt6Multimedia.dll!QWindowsAudioUtils::mediaTypeToFormat(IMFMediaType*)+0xfa1"
15:17:09.126     #12  "Qt6Multimedia.dll+0x77e10 (nearest export: QtMultimediaPrivate::refreshWarmupClient()+0x8d40)"
15:17:09.126     #13  "Qt6Multimedia.dll+0x780fa (nearest export: QtMultimediaPrivate::refreshWarmupClient()+0x902a)"
15:17:09.126     #14  "Qt6Multimedia.dll+0x9778a (nearest export: QWindowsVideoDevices::~QWindowsVideoDevices()+0x179fa)"
15:17:09.126     #15  "cutpro_preview.dll!FfmpegPreviewDecoder::startAudio(QString const&, long long, long long, double)+0x205"
15:17:09.126     #16  "cutpro_preview.dll!FfmpegPreviewDecoder::start(QString const&, QString const&, long long, long long, int, int, double, bool, double, QString const&)+0x35e"
15:17:09.126     #17  "cutpro_backend.dll!Backend::startPreviewDecode(QString const&, QString const&, long long, long long, int, int, double, bool, double, QString const&)+0xe1"
15:17:09.126     #18  "cutpro_backend.dll+0x5259 (nearest export: Backend::qt_static_metacall(QObject*, QMetaObject::Call, int, void**)+0x3e93)"
15:17:09.126     #19  "cutpro_backend.dll!Backend::qt_metacall(QMetaObject::Call, int, void**)+0x73"
15:17:09.126     #20  "Qt6Qml.dll!QQmlObjectCreator::create(int, QObject*, QQmlInstantiationInterrupt*, int)+0x94"
15:17:09.126     #21  "Qt6Qml.dll!QV4::Heap::QObjectWrapper::markObjects(QV4::Heap::Base*, QV4::MarkStack*)+0x90e"
15:17:09.126     #22  "Qt6Qml.dll!QV4::QObjectMethod::callPrecise(QQmlObjectOrGadget const&, QQmlPropertyData const&, QV4::ExecutionEngine*, QV4::CallData*, QMetaObject::Call)+0x339"
15:17:09.126     #23  "Qt6Qml.dll!QV4::QObjectMethod::callInternal(QV4::Value const*, QV4::Value const*, int) const+0x858"
15:17:09.126     #24  "Qt6Qml.dll!QV4::Runtime::CallPropertyLookup::call(QV4::ExecutionEngine*, QV4::Value const&, unsigned int, QV4::Value*, int)+0xa2"
15:17:09.126     #25  "0x16b80011343"
15:17:09.126     #26  "Qt6Qml.dll+0x165b98 (nearest export: qt_v4DebuggerHook+0x7ba8)"
15:17:09.126     #27  "Qt6Qml.dll!QV4::Function::updateInternalClass(QV4::ExecutionEngine*, QList<QByteArray> const&)+0xb00"
15:17:09.126     #28  "Qt6Qml.dll!QV4::Runtime::CallPropertyLookup::call(QV4::ExecutionEngine*, QV4::Value const&, unsigned int, QV4::Value*, int)+0xa2"
15:17:09.126     #29  "0x16bdc15099c"
15:17:09.126     #30  "Qt6Qml.dll+0x165b98 (nearest export: qt_v4DebuggerHook+0x7ba8)"
15:17:09.126     #31  "Qt6Qml.dll!QV4::ExecutableCompilationUnit::createNamedObjectsPerComponent(int)+0x82f"
15:17:09.126     #32  "Qt6Qml.dll!QV4::Function::call(QObject*, void**, QMetaType const*, int, QV4::ExecutionContext*)+0x293"
15:17:09.126     #33  "Qt6Qml.dll!QQmlJavaScriptExpression::evaluate(void**, QMetaType const*, int)+0x105"
15:17:09.126     #34  "Qt6Qml.dll!QQmlBoundSignalExpression::evaluate(void**)+0x31c"
15:17:09.126     #35  "Qt6Qml.dll!QQmlBoundSignalExpression::QQmlBoundSignalExpression(QObject const*, int, QQmlRefPointer<QQmlContextData> const&, QObject*, QV4::Function*, QV4::ExecutionContext*)+0x8f8"
15:17:09.126     #36  "Qt6Qml.dll!QQmlNotifier::emitNotify(QQmlNotifierEndpoint*, void**)+0x215"
15:17:09.126     #37  "Qt6Core.dll+0x3fcf21 (nearest export: z_adler32_combine64+0x6b141)"
15:17:09.126     #38  "Qt6Qml.dll!QQmlVMEMetaObject::metaCall(QObject*, QMetaObject::Call, int, void**)+0x436"
15:17:09.126     #39  "Qt6Qml.dll+0x348c0c (nearest export: QQmlLocale::registerStringLocaleCompare(QV4::ExecutionEngine*)+0x6493c)"
15:17:09.126     #40  "Qt6Qml.dll!QQmlBinding::doUpdate(QQmlJavaScriptExpression::DeleteWatcher const&, QFlags<QQmlPropertyData::WriteFlag>, QV4::Scope&)+0x19f"
15:17:09.126     #41  "Qt6Qml.dll!QQmlBinding::update(QFlags<QQmlPropertyData::WriteFlag>)+0x211"
15:17:09.126     #42  "Qt6Qml.dll!QQmlNotifier::emitNotify(QQmlNotifierEndpoint*, void**)+0x215"
15:17:09.126     #43  "Qt6Core.dll+0x3fcf21 (nearest export: z_adler32_combine64+0x6b141)"
15:17:09.126     #44  "cutpro_backend.dll!Backend::playingChanged()+0x2f"
15:17:09.126     #45  "cutpro_backend.dll!Backend::setPlaying(bool)+0x3b"
15:17:09.126     #46  "cutpro_backend.dll+0x7d0b (nearest export: Backend::qt_static_metacall(QObject*, QMetaObject::Call, int, void**)+0x6945)"
15:17:09.126     #47  "cutpro_backend.dll!Backend::qt_metacall(QMetaObject::Call, int, void**)+0xec"
15:17:13.766 [mov,mp4,m4a,3gp,3g2,mj2 @ 0000016bd6c45140] st: 1 edit list: 1 Missing key frame while searching for timestamp: 0
15:17:13.766 [mov,mp4,m4a,3gp,3g2,mj2 @ 0000016bd6c45140] st: 1 edit list 1 Cannot find an index entry before timestamp: 0.
15:17:13.770 [mov,mp4,m4a,3gp,3g2,mj2 @ 0000016b81b9d5c0] st: 1 edit list: 1 Missing key frame while searching for timestamp: 0
15:17:13.771 [mov,mp4,m4a,3gp,3g2,mj2 @ 0000016b81b9d5c0] st: 1 edit list 1 Cannot find an index entry before timestamp: 0.
15:17:16.732 [mov,mp4,m4a,3gp,3g2,mj2 @ 0000016bdf9d3d40] st: 1 edit list: 1 Missing key frame while searching for timestamp: 0
15:17:16.732 [mov,mp4,m4a,3gp,3g2,mj2 @ 0000016bdf9d3d40] st: 1 edit list 1 Cannot find an index entry before timestamp: 0.
15:17:17.054 GUI thread unresponsive for 406 ms, "stalled somewhere unmarked": "no marked scope"
15:17:17.070   GUI thread backtrace, innermost first (48 frames):
15:17:17.070     #0  "Qt6Core.dll!QMetaObjectPrivate::signal(QMetaObject const*, int)+0x37"
15:17:17.070     #1  "Qt6Qml.dll!QQmlNotifier::notify(QQmlData*, int)+0x1bd"
15:17:17.070     #2  "Qt6Qml.dll!QQmlPropertyCapture::captureNonBindableProperty(QObject*, int, int, bool)+0x20f"
15:17:17.070     #3  "Qt6Qml.dll!QV4::QObjectWrapper::getProperty(QV4::ExecutionEngine*, QV4::Heap::Object*, QObject*, QQmlPropertyData const*, QFlags<QV4::QObjectWrapper::Flag>)+0xd7"
15:17:17.070     #4  "Qt6Qml.dll!QV4::QQmlContextWrapper::lookupScopeObjectProperty(QV4::Lookup*, QV4::ExecutionEngine*, QV4::Value*)+0x200"
15:17:17.070     #5  "0x16bc4240462"
15:17:17.070     #6  "Qt6Qml.dll+0x165b98 (nearest export: qt_v4DebuggerHook+0x7ba8)"
15:17:17.070     #7  "Qt6Qml.dll!QV4::Function::updateInternalClass(QV4::ExecutionEngine*, QList<QByteArray> const&)+0xb00"
15:17:17.070     #8  "Qt6Qml.dll!QV4::Runtime::CallQmlContextPropertyLookup::call(QV4::ExecutionEngine*, unsigned int, QV4::Value*, int)+0xa6"
15:17:17.070     #9  "0x16bc42408f4"
15:17:17.070     #10  "Qt6Qml.dll+0x165b98 (nearest export: qt_v4DebuggerHook+0x7ba8)"
15:17:17.070     #11  "Qt6Qml.dll!QV4::Function::updateInternalClass(QV4::ExecutionEngine*, QList<QByteArray> const&)+0xb00"
15:17:17.070     #12  "Qt6Qml.dll!QV4::Runtime::CallPropertyLookup::call(QV4::ExecutionEngine*, QV4::Value const&, unsigned int, QV4::Value*, int)+0xa2"
15:17:17.070     #13  "0x16bd7f204ea"
15:17:17.070     #14  "Qt6Qml.dll+0x165b98 (nearest export: qt_v4DebuggerHook+0x7ba8)"
15:17:17.070     #15  "Qt6Qml.dll!QV4::ExecutableCompilationUnit::createNamedObjectsPerComponent(int)+0x82f"
15:17:17.070     #16  "Qt6Qml.dll!QQmlJavaScriptExpression::evaluate(QV4::CallData*, bool*)+0x31d"
15:17:17.070     #17  "Qt6Qml.dll!QQmlBinding::evaluate(bool*)+0xb7"
15:17:17.070     #18  "Qt6Qml.dll!QQmlBinding::doUpdate(QQmlJavaScriptExpression::DeleteWatcher const&, QFlags<QQmlPropertyData::WriteFlag>, QV4::Scope&)+0x7e"
15:17:17.070     #19  "Qt6Qml.dll!QQmlBinding::update(QFlags<QQmlPropertyData::WriteFlag>)+0x211"
15:17:17.070     #20  "Qt6Qml.dll!QQmlObjectCreator::finalize(QQmlInstantiationInterrupt&)+0x161"
15:17:17.070     #21  "Qt6Qml.dll!QQmlIncubatorPrivate::incubate(QQmlInstantiationInterrupt&)+0x4b8"
15:17:17.070     #22  "Qt6Qml.dll!QQmlEnginePrivate::incubate(QQmlIncubator&, QQmlRefPointer<QQmlContextData> const&)+0x246"
15:17:17.071     #23  "Qt6QmlModels.dll!QQmlDelegateModel::cancel(int)+0x88b"
15:17:17.071     #24  "Qt6Quick.dll!QQuickRepeater::modelUpdated(QQmlChangeSet const&, bool)+0xd61"
15:17:17.071     #25  "Qt6Core.dll+0x3fd299 (nearest export: z_adler32_combine64+0x6b4b9)"
15:17:17.071     #26  "Qt6QmlModels.dll!QQmlInstanceModel::modelUpdated(QQmlChangeSet const&, bool)+0x4f"
15:17:17.071     #27  "Qt6QmlModels.dll!QQmlDelegateModel::event(QEvent*)+0x2ad"
15:17:17.071     #28  "Qt6QmlModels.dll!QQmlDelegateModel::indexOf(QObject*, QObject*) const+0x873"
15:17:17.071     #29  "Qt6QmlModels.dll+0x38757 (nearest export: QQmlDelegateModelItemMetaType::initializePrototype()+0x1417)"
15:17:17.071     #30  "Qt6QmlModels.dll!QQmlDelegateModel::_q_itemsInserted(int, int)+0x140"
15:17:17.071     #31  "Qt6Core.dll+0x3fd299 (nearest export: z_adler32_combine64+0x6b4b9)"
15:17:17.071     #32  "Qt6Core.dll!QAbstractItemModel::endInsertRows()+0x110"
15:17:17.071     #33  "cutpro_timeline.dll!TimelineClipModel::applyVisible(QList<TimelineClipModel::Row> const&)+0x6c4"
15:17:17.071     #34  "cutpro_timeline.dll!TimelineClipModel::rebuild(bool)+0x41f"
15:17:17.071     #35  "cutpro_timeline.dll!TimelineClipModel::setViewport(long long, long long, double)+0x12a"
15:17:17.071     #36  "cutpro_timeline.dll!TimelineClipModel::qt_static_metacall(QObject*, QMetaObject::Call, int, void**)+0xa0"
15:17:17.071     #37  "cutpro_timeline.dll!TimelineClipModel::qt_metacall(QMetaObject::Call, int, void**)+0x6d"
15:17:17.071     #38  "Qt6Qml.dll!QQmlObjectCreator::create(int, QObject*, QQmlInstantiationInterrupt*, int)+0x94"
15:17:17.071     #39  "Qt6Qml.dll!QV4::Heap::QObjectWrapper::markObjects(QV4::Heap::Base*, QV4::MarkStack*)+0x90e"
15:17:17.071     #40  "Qt6Qml.dll!QV4::QObjectMethod::callPrecise(QQmlObjectOrGadget const&, QQmlPropertyData const&, QV4::ExecutionEngine*, QV4::CallData*, QMetaObject::Call)+0x339"
15:17:17.071     #41  "Qt6Qml.dll!QV4::QObjectMethod::callInternal(QV4::Value const*, QV4::Value const*, int) const+0x858"
15:17:17.071     #42  "Qt6Qml.dll!QV4::Runtime::CallPropertyLookup::call(QV4::ExecutionEngine*, QV4::Value const&, unsigned int, QV4::Value*, int)+0xa2"
15:17:17.071     #43  "0x16bdb410b0e"
15:17:17.071     #44  "Qt6Qml.dll+0x165b98 (nearest export: qt_v4DebuggerHook+0x7ba8)"
15:17:17.071     #45  "Qt6Qml.dll!QV4::Function::updateInternalClass(QV4::ExecutionEngine*, QList<QByteArray> const&)+0xb00"
15:17:17.071     #46  "Qt6Qml.dll!QQmlDataBlob::networkError(QNetworkReply::NetworkError)+0x88c"
15:17:17.071     #47  "Qt6Qml.dll!QQmlDataBlob::networkError(QNetworkReply::NetworkError)+0xd00"
15:17:17.597 [mov,mp4,m4a,3gp,3g2,mj2 @ 0000016bfaf284c0] st: 1 edit list: 1 Missing key frame while searching for timestamp: 0
15:17:17.597 [mov,mp4,m4a,3gp,3g2,mj2 @ 0000016bfaf284c0] st: 1 edit list 1 Cannot find an index entry before timestamp: 0.
15:17:18.182 [h264 @ 0000016bf2d11800] illegal short term buffer state detected
15:17:18.524 [mov,mp4,m4a,3gp,3g2,mj2 @ 0000016bfaf28780] st: 1 edit list: 1 Missing key frame while searching for timestamp: 0
15:17:18.524 [mov,mp4,m4a,3gp,3g2,mj2 @ 0000016bfaf28780] st: 1 edit list 1 Cannot find an index entry before timestamp: 0.
15:17:19.335 [mov,mp4,m4a,3gp,3g2,mj2 @ 0000016bf284e400] st: 1 edit list: 1 Missing key frame while searching for timestamp: 0
15:17:19.335 [mov,mp4,m4a,3gp,3g2,mj2 @ 0000016bf284e400] st: 1 edit list 1 Cannot find an index entry before timestamp: 0.
15:17:19.828 [mov,mp4,m4a,3gp,3g2,mj2 @ 0000016bfaf77240] st: 1 edit list: 1 Missing key frame while searching for timestamp: 0
15:17:19.828 [mov,mp4,m4a,3gp,3g2,mj2 @ 0000016bfaf77240] st: 1 edit list 1 Cannot find an index entry before timestamp: 0.
15:17:20.901 [mov,mp4,m4a,3gp,3g2,mj2 @ 0000016bf284e6c0] st: 1 edit list: 1 Missing key frame while searching for timestamp: 0
15:17:20.901 [mov,mp4,m4a,3gp,3g2,mj2 @ 0000016bf284e6c0] st: 1 edit list 1 Cannot find an index entry before timestamp: 0.
15:17:21.504 [mov,mp4,m4a,3gp,3g2,mj2 @ 0000016b81b9bb00] st: 1 edit list: 1 Missing key frame while searching for timestamp: 0
15:17:21.504 [mov,mp4,m4a,3gp,3g2,mj2 @ 0000016b81b9bb00] st: 1 edit list 1 Cannot find an index entry before timestamp: 0.
15:17:37.826 [mov,mp4,m4a,3gp,3g2,mj2 @ 0000016b81b9e080] st: 1 edit list: 1 Missing key frame while searching for timestamp: 0
15:17:37.826 [mov,mp4,m4a,3gp,3g2,mj2 @ 0000016b81b9e080] st: 1 edit list 1 Cannot find an index entry before timestamp: 0.
15:17:38.168 GUI thread unresponsive for 442 ms, "wedged in": "FfmpegPreviewDecoder::start"
15:17:38.168   GUI thread backtrace, innermost first (48 frames):
15:17:38.168     #0  "ntdll.dll!ZwAlpcSendWaitReceivePort+0x14"
15:17:38.168     #1  "RPCRT4.dll+0x407d4 (nearest export: RpcExceptionFilter+0x3ed4)"
15:17:38.168     #2  "RPCRT4.dll+0x3fc76 (nearest export: RpcExceptionFilter+0x3376)"
15:17:38.168     #3  "RPCRT4.dll!NdrClientCall3+0x78c"
15:17:38.168     #4  "RPCRT4.dll!NdrClientCall3+0xed"
15:17:38.168     #5  "AUDIOSES.DLL+0x4fb20"
15:17:38.168     #6  "AUDIOSES.DLL+0x1cf93"
15:17:38.168     #7  "AUDIOSES.DLL+0x1c62c"
15:17:38.168     #8  "AUDIOSES.DLL+0x1afe4"
15:17:38.168     #9  "AUDIOSES.DLL+0x1aebd"
15:17:38.168     #10  "AUDIOSES.DLL+0x1adf3"
15:17:38.168     #11  "Qt6Multimedia.dll!QWindowsAudioUtils::mediaTypeToFormat(IMFMediaType*)+0xfa1"
15:17:38.168     #12  "Qt6Multimedia.dll+0x77e10 (nearest export: QtMultimediaPrivate::refreshWarmupClient()+0x8d40)"
15:17:38.168     #13  "Qt6Multimedia.dll+0x780fa (nearest export: QtMultimediaPrivate::refreshWarmupClient()+0x902a)"
15:17:38.168     #14  "Qt6Multimedia.dll+0x9778a (nearest export: QWindowsVideoDevices::~QWindowsVideoDevices()+0x179fa)"
15:17:38.168     #15  "cutpro_preview.dll!FfmpegPreviewDecoder::startAudio(QString const&, long long, long long, double)+0x205"
15:17:38.168     #16  "cutpro_preview.dll!FfmpegPreviewDecoder::start(QString const&, QString const&, long long, long long, int, int, double, bool, double, QString const&)+0x35e"
15:17:38.168     #17  "cutpro_backend.dll!Backend::startPreviewDecode(QString const&, QString const&, long long, long long, int, int, double, bool, double, QString const&)+0xe1"
15:17:38.168     #18  "cutpro_backend.dll+0x5259 (nearest export: Backend::qt_static_metacall(QObject*, QMetaObject::Call, int, void**)+0x3e93)"
15:17:38.168     #19  "cutpro_backend.dll!Backend::qt_metacall(QMetaObject::Call, int, void**)+0x73"
15:17:38.168     #20  "Qt6Qml.dll!QQmlObjectCreator::create(int, QObject*, QQmlInstantiationInterrupt*, int)+0x94"
15:17:38.168     #21  "Qt6Qml.dll!QV4::Heap::QObjectWrapper::markObjects(QV4::Heap::Base*, QV4::MarkStack*)+0x90e"
15:17:38.168     #22  "Qt6Qml.dll!QV4::QObjectMethod::callPrecise(QQmlObjectOrGadget const&, QQmlPropertyData const&, QV4::ExecutionEngine*, QV4::CallData*, QMetaObject::Call)+0x339"
15:17:38.168     #23  "Qt6Qml.dll!QV4::QObjectMethod::callInternal(QV4::Value const*, QV4::Value const*, int) const+0x858"
15:17:38.168     #24  "Qt6Qml.dll!QV4::Runtime::CallPropertyLookup::call(QV4::ExecutionEngine*, QV4::Value const&, unsigned int, QV4::Value*, int)+0xa2"
15:17:38.168     #25  "0x16b80011343"
15:17:38.168     #26  "Qt6Qml.dll+0x165b98 (nearest export: qt_v4DebuggerHook+0x7ba8)"
15:17:38.168     #27  "Qt6Qml.dll!QV4::Function::updateInternalClass(QV4::ExecutionEngine*, QList<QByteArray> const&)+0xb00"
15:17:38.168     #28  "Qt6Qml.dll!QV4::Runtime::CallPropertyLookup::call(QV4::ExecutionEngine*, QV4::Value const&, unsigned int, QV4::Value*, int)+0xa2"
15:17:38.168     #29  "0x16bdc15099c"
15:17:38.168     #30  "Qt6Qml.dll+0x165b98 (nearest export: qt_v4DebuggerHook+0x7ba8)"
15:17:38.168     #31  "Qt6Qml.dll!QV4::ExecutableCompilationUnit::createNamedObjectsPerComponent(int)+0x82f"
15:17:38.168     #32  "Qt6Qml.dll!QV4::Function::call(QObject*, void**, QMetaType const*, int, QV4::ExecutionContext*)+0x293"
15:17:38.168     #33  "Qt6Qml.dll!QQmlJavaScriptExpression::evaluate(void**, QMetaType const*, int)+0x105"
15:17:38.168     #34  "Qt6Qml.dll!QQmlBoundSignalExpression::evaluate(void**)+0x31c"
15:17:38.168     #35  "Qt6Qml.dll!QQmlBoundSignalExpression::QQmlBoundSignalExpression(QObject const*, int, QQmlRefPointer<QQmlContextData> const&, QObject*, QV4::Function*, QV4::ExecutionContext*)+0x8f8"
15:17:38.168     #36  "Qt6Qml.dll!QQmlNotifier::emitNotify(QQmlNotifierEndpoint*, void**)+0x215"
15:17:38.168     #37  "Qt6Core.dll+0x3fcf21 (nearest export: z_adler32_combine64+0x6b141)"
15:17:38.168     #38  "Qt6Qml.dll!QQmlVMEMetaObject::metaCall(QObject*, QMetaObject::Call, int, void**)+0x436"
15:17:38.168     #39  "Qt6Qml.dll+0x348c0c (nearest export: QQmlLocale::registerStringLocaleCompare(QV4::ExecutionEngine*)+0x6493c)"
15:17:38.168     #40  "Qt6Qml.dll!QQmlBinding::doUpdate(QQmlJavaScriptExpression::DeleteWatcher const&, QFlags<QQmlPropertyData::WriteFlag>, QV4::Scope&)+0x19f"
15:17:38.168     #41  "Qt6Qml.dll!QQmlBinding::update(QFlags<QQmlPropertyData::WriteFlag>)+0x211"
15:17:38.168     #42  "Qt6Qml.dll!QQmlNotifier::emitNotify(QQmlNotifierEndpoint*, void**)+0x215"
15:17:38.168     #43  "Qt6Core.dll+0x3fcf21 (nearest export: z_adler32_combine64+0x6b141)"
15:17:38.168     #44  "cutpro_backend.dll!Backend::playingChanged()+0x2f"
15:17:38.168     #45  "cutpro_backend.dll!Backend::setPlaying(bool)+0x3b"
15:17:38.168     #46  "cutpro_backend.dll+0x7d0b (nearest export: Backend::qt_static_metacall(QObject*, QMetaObject::Call, int, void**)+0x6945)"
15:17:38.168     #47  "cutpro_backend.dll!Backend::qt_metacall(QMetaObject::Call, int, void**)+0xec"
15:17:39.002 [mov,mp4,m4a,3gp,3g2,mj2 @ 0000016bfa5e95c0] st: 1 edit list: 1 Missing key frame while searching for timestamp: 0
15:17:39.002 [mov,mp4,m4a,3gp,3g2,mj2 @ 0000016bfa5e95c0] st: 1 edit list 1 Cannot find an index entry before timestamp: 0.
15:17:45.726 GUI thread unresponsive for 413 ms, "stalled somewhere unmarked": "no marked scope"
15:17:45.726   GUI thread backtrace, innermost first (48 frames):
15:17:45.726     #0  "cutpro_backend.dll!std::_Rb_tree_const_iterator<std::pair<QString const, QVariant> >::_Rb_tree_const_iterator(std::_Rb_tree_node_base const*)"
15:17:45.726     #1  "cutpro_backend.dll!std::_Rb_tree<QString, std::pair<QString const, QVariant>, std::_Select1st<std::pair<QString const, QVariant> >, std::less<QString>, std::allocator<std::pair<QString const, QVariant> > >::_M_lower_bound(std::_Rb_tree_node<std::pair<QString const, QVariant> > const*, std::_Rb_tree_node_base const*, QString const&) const+0x87"
15:17:45.726     #2  "cutpro_backend.dll!std::_Rb_tree<QString, std::pair<QString const, QVariant>, std::_Select1st<std::pair<QString const, QVariant> >, std::less<QString>, std::allocator<std::pair<QString const, QVariant> > >::find(QString const&) const+0x47"
15:17:45.726     #3  "cutpro_backend.dll!std::map<QString, QVariant, std::less<QString>, std::allocator<std::pair<QString const, QVariant> > >::find(QString const&) const+0x20"
15:17:45.726     #4  "cutpro_backend.dll!QMap<QString, QVariant>::value(QString const&, QVariant const&) const+0x60"
15:17:45.726     #5  "cutpro_backend.dll!Backend::durationMs() const+0x129"
15:17:45.726     #6  "cutpro_backend.dll+0x7276 (nearest export: Backend::qt_static_metacall(QObject*, QMetaObject::Call, int, void**)+0x5eb0)"
15:17:45.726     #7  "Qt6Qml.dll!QV4::QObjectWrapper::wrap_slowPath(QV4::ExecutionEngine*, QObject*)+0xf84"
15:17:45.726     #8  "Qt6Qml.dll!QV4::QQmlTypeWrapper::lookupSingletonProperty(QV4::Lookup*, QV4::ExecutionEngine*, QV4::Value const&)+0x327"
15:17:45.726     #9  "0x16bd591082c"
15:17:45.726     #10  "Qt6Qml.dll+0x165b98 (nearest export: qt_v4DebuggerHook+0x7ba8)"
15:17:45.726     #11  "Qt6Qml.dll!QV4::ExecutableCompilationUnit::createNamedObjectsPerComponent(int)+0x82f"
15:17:45.726     #12  "Qt6Qml.dll!QV4::Function::call(QObject*, void**, QMetaType const*, int, QV4::ExecutionContext*)+0x293"
15:17:45.726     #13  "Qt6Qml.dll!QQmlJavaScriptExpression::evaluate(void**, QMetaType const*, int)+0x105"
15:17:45.726     #14  "Qt6Qml.dll+0x3773f2 (nearest export: QQmlLocale::registerStringLocaleCompare(QV4::ExecutionEngine*)+0x93122)"
15:17:45.726     #15  "Qt6Quick.dll+0x3d05de (nearest export: QQuickInputMethod::qt_metacall(QMetaObject::Call, int, void**)+0x9e57e)"
15:17:45.726     #16  "Qt6Core.dll!QPropertyBindingPrivate::evaluateRecursive(QVarLengthArray<QPropertyBindingPrivatePtr, 256ll>&, QBindingStatus*)+0x181"
15:17:45.726     #17  "Qt6Qml.dll!QQmlPropertyBindingJS::expressionChanged()+0xc5"
15:17:45.726     #18  "Qt6Qml.dll!QQmlNotifier::emitNotify(QQmlNotifierEndpoint*, void**)+0x215"
15:17:45.726     #19  "Qt6Core.dll+0x3fcf21 (nearest export: z_adler32_combine64+0x6b141)"
15:17:45.726     #20  "cutpro_backend.dll!Backend::timelineChanged()+0x2f"
15:17:45.726     #21  "cutpro_backend.dll!Backend::setTrackState(QString const&, QString const&, bool)+0x863"
15:17:45.726     #22  "cutpro_backend.dll+0x2f4e (nearest export: Backend::qt_static_metacall(QObject*, QMetaObject::Call, int, void**)+0x1b88)"
15:17:45.726     #23  "cutpro_backend.dll!Backend::qt_metacall(QMetaObject::Call, int, void**)+0x73"
15:17:45.726     #24  "Qt6Qml.dll!QQmlObjectCreator::create(int, QObject*, QQmlInstantiationInterrupt*, int)+0x94"
15:17:45.726     #25  "Qt6Qml.dll!QV4::Heap::QObjectWrapper::markObjects(QV4::Heap::Base*, QV4::MarkStack*)+0x90e"
15:17:45.726     #26  "Qt6Qml.dll!QV4::QObjectMethod::callPrecise(QQmlObjectOrGadget const&, QQmlPropertyData const&, QV4::ExecutionEngine*, QV4::CallData*, QMetaObject::Call)+0x339"
15:17:45.726     #27  "Qt6Qml.dll!QV4::QObjectMethod::callInternal(QV4::Value const*, QV4::Value const*, int) const+0x858"
15:17:45.726     #28  "Qt6Qml.dll+0x1613dc (nearest export: qt_v4DebuggerHook+0x33ec)"
15:17:45.726     #29  "Qt6Qml.dll+0x165c9f (nearest export: qt_v4DebuggerHook+0x7caf)"
15:17:45.726     #30  "Qt6Qml.dll!QV4::Function::updateInternalClass(QV4::ExecutionEngine*, QList<QByteArray> const&)+0xb00"
15:17:45.726     #31  "Qt6Qml.dll+0x1613dc (nearest export: qt_v4DebuggerHook+0x33ec)"
15:17:45.726     #32  "Qt6Qml.dll+0x165c9f (nearest export: qt_v4DebuggerHook+0x7caf)"
15:17:45.726     #33  "Qt6Qml.dll!QV4::ExecutableCompilationUnit::createNamedObjectsPerComponent(int)+0x82f"
15:17:45.726     #34  "Qt6Qml.dll!QV4::Function::call(QObject*, void**, QMetaType const*, int, QV4::ExecutionContext*)+0x293"
15:17:45.726     #35  "Qt6Qml.dll!QQmlJavaScriptExpression::evaluate(void**, QMetaType const*, int)+0x105"
15:17:45.726     #36  "Qt6Qml.dll!QQmlBoundSignalExpression::evaluate(void**)+0x31c"
15:17:45.726     #37  "Qt6Qml.dll!QQmlBoundSignalExpression::QQmlBoundSignalExpression(QObject const*, int, QQmlRefPointer<QQmlContextData> const&, QObject*, QV4::Function*, QV4::ExecutionContext*)+0x8f8"
15:17:45.726     #38  "Qt6Qml.dll!QQmlNotifier::emitNotify(QQmlNotifierEndpoint*, void**)+0x215"
15:17:45.726     #39  "Qt6Core.dll+0x3fcf21 (nearest export: z_adler32_combine64+0x6b141)"
15:17:45.726     #40  "Qt6QuickTemplates2.dll!QQuickAbstractButtonPrivate::handleRelease(QPointF const&, unsigned long)+0x1a9"
15:17:45.726     #41  "Qt6QuickTemplates2.dll!QQuickControl::mouseReleaseEvent(QMouseEvent*)+0x9b"
15:17:45.726     #42  "Qt6Quick.dll!QQuickItemPrivate::deliverPointerEvent(QEvent*)+0x67"
15:17:45.726     #43  "Qt6Quick.dll!QQuickItem::event(QEvent*)+0xdb"
15:17:45.726     #44  "Qt6Core.dll!QCoreApplication::notifyInternal2(QObject*, QEvent*)+0x19a"
15:17:45.726     #45  "Qt6Quick.dll!QQuickDeliveryAgentPrivate::deliverMatchingPointsToItem(QQuickItem*, bool, QPointerEvent*, bool)+0x2c4"
15:17:45.726     #46  "Qt6Quick.dll!QQuickDeliveryAgentPrivate::deliverUpdatedPoints(QPointerEvent*)+0x9e"
15:17:45.726     #47  "Qt6Quick.dll!QQuickDeliveryAgentPrivate::deliverPointerEvent(QPointerEvent*)+0x636"
15:17:49.009 [mov,mp4,m4a,3gp,3g2,mj2 @ 0000016b8242f600] st: 1 edit list: 1 Missing key frame while searching for timestamp: 0
15:17:49.009 [mov,mp4,m4a,3gp,3g2,mj2 @ 0000016b8242f600] st: 1 edit list 1 Cannot find an index entry before timestamp: 0.
15:17:49.167 GUI thread unresponsive for 455 ms, "churning through": "FfmpegPreviewDecoder::start"
15:17:49.167   the innermost frame has only been open 180 ms of the 455 ms stall, so the thread is entering and leaving frames rather than stuck in one: the fix is to do it fewer times, not to move it off the thread.
15:17:49.169   GUI thread backtrace, innermost first (48 frames):
15:17:49.169     #0  "ntdll.dll!ZwAlpcSendWaitReceivePort+0x14"
15:17:49.169     #1  "RPCRT4.dll+0x407d4 (nearest export: RpcExceptionFilter+0x3ed4)"
15:17:49.169     #2  "RPCRT4.dll+0x3fc76 (nearest export: RpcExceptionFilter+0x3376)"
15:17:49.169     #3  "RPCRT4.dll!NdrClientCall3+0x78c"
15:17:49.169     #4  "RPCRT4.dll!NdrClientCall3+0xed"
15:17:49.169     #5  "AUDIOSES.DLL+0x4fb20"
15:17:49.169     #6  "AUDIOSES.DLL+0x1cf93"
15:17:49.169     #7  "AUDIOSES.DLL+0x1c62c"
15:17:49.169     #8  "AUDIOSES.DLL+0x1afe4"
15:17:49.169     #9  "AUDIOSES.DLL+0x1aebd"
15:17:49.169     #10  "AUDIOSES.DLL+0x1adf3"
15:17:49.169     #11  "Qt6Multimedia.dll!QWindowsAudioUtils::mediaTypeToFormat(IMFMediaType*)+0xfa1"
15:17:49.169     #12  "Qt6Multimedia.dll+0x77e10 (nearest export: QtMultimediaPrivate::refreshWarmupClient()+0x8d40)"
15:17:49.169     #13  "Qt6Multimedia.dll+0x780fa (nearest export: QtMultimediaPrivate::refreshWarmupClient()+0x902a)"
15:17:49.171     #14  "Qt6Multimedia.dll+0x9778a (nearest export: QWindowsVideoDevices::~QWindowsVideoDevices()+0x179fa)"
15:17:49.171     #15  "cutpro_preview.dll!FfmpegPreviewDecoder::startAudio(QString const&, long long, long long, double)+0x205"
15:17:49.171     #16  "cutpro_preview.dll!FfmpegPreviewDecoder::start(QString const&, QString const&, long long, long long, int, int, double, bool, double, QString const&)+0x35e"
15:17:49.171     #17  "cutpro_backend.dll!Backend::startPreviewDecode(QString const&, QString const&, long long, long long, int, int, double, bool, double, QString const&)+0xe1"
15:17:49.171     #18  "cutpro_backend.dll+0x5259 (nearest export: Backend::qt_static_metacall(QObject*, QMetaObject::Call, int, void**)+0x3e93)"
15:17:49.171     #19  "cutpro_backend.dll!Backend::qt_metacall(QMetaObject::Call, int, void**)+0x73"
15:17:49.171     #20  "Qt6Qml.dll!QQmlObjectCreator::create(int, QObject*, QQmlInstantiationInterrupt*, int)+0x94"
15:17:49.171     #21  "Qt6Qml.dll!QV4::Heap::QObjectWrapper::markObjects(QV4::Heap::Base*, QV4::MarkStack*)+0x90e"
15:17:49.171     #22  "Qt6Qml.dll!QV4::QObjectMethod::callPrecise(QQmlObjectOrGadget const&, QQmlPropertyData const&, QV4::ExecutionEngine*, QV4::CallData*, QMetaObject::Call)+0x339"
15:17:49.171     #23  "Qt6Qml.dll!QV4::QObjectMethod::callInternal(QV4::Value const*, QV4::Value const*, int) const+0x858"
15:17:49.171     #24  "Qt6Qml.dll!QV4::Runtime::CallPropertyLookup::call(QV4::ExecutionEngine*, QV4::Value const&, unsigned int, QV4::Value*, int)+0xa2"
15:17:49.171     #25  "0x16b80011343"
15:17:49.171     #26  "Qt6Qml.dll+0x165b98 (nearest export: qt_v4DebuggerHook+0x7ba8)"
15:17:49.171     #27  "Qt6Qml.dll!QV4::Function::updateInternalClass(QV4::ExecutionEngine*, QList<QByteArray> const&)+0xb00"
15:17:49.171     #28  "Qt6Qml.dll+0x1613dc (nearest export: qt_v4DebuggerHook+0x33ec)"
15:17:49.171     #29  "Qt6Qml.dll+0x165c9f (nearest export: qt_v4DebuggerHook+0x7caf)"
15:17:49.172     #30  "Qt6Qml.dll!QV4::ExecutableCompilationUnit::createNamedObjectsPerComponent(int)+0x82f"
15:17:49.172     #31  "Qt6Qml.dll!QV4::Function::call(QObject*, void**, QMetaType const*, int, QV4::ExecutionContext*)+0x293"
15:17:49.172     #32  "Qt6Qml.dll!QQmlJavaScriptExpression::evaluate(void**, QMetaType const*, int)+0x105"
15:17:49.172     #33  "Qt6Qml.dll!QQmlBoundSignalExpression::evaluate(void**)+0x31c"
15:17:49.172     #34  "Qt6Qml.dll!QQmlBoundSignalExpression::QQmlBoundSignalExpression(QObject const*, int, QQmlRefPointer<QQmlContextData> const&, QObject*, QV4::Function*, QV4::ExecutionContext*)+0x8f8"
15:17:49.172     #35  "Qt6Qml.dll!QQmlNotifier::emitNotify(QQmlNotifierEndpoint*, void**)+0x215"
15:17:49.172     #36  "Qt6Core.dll+0x3fcf21 (nearest export: z_adler32_combine64+0x6b141)"
15:17:49.172     #37  "Qt6Qml.dll!QQmlVMEMetaObject::metaCall(QObject*, QMetaObject::Call, int, void**)+0x436"
15:17:49.172     #38  "Qt6Qml.dll+0x3486af (nearest export: QQmlLocale::registerStringLocaleCompare(QV4::ExecutionEngine*)+0x643df)"
15:17:49.172     #39  "Qt6Qml.dll!QQmlBinding::doUpdate(QQmlJavaScriptExpression::DeleteWatcher const&, QFlags<QQmlPropertyData::WriteFlag>, QV4::Scope&)+0x19f"
15:17:49.172     #40  "Qt6Qml.dll!QQmlBinding::update(QFlags<QQmlPropertyData::WriteFlag>)+0x211"
15:17:49.172     #41  "Qt6Qml.dll!QQmlNotifier::emitNotify(QQmlNotifierEndpoint*, void**)+0x215"
15:17:49.172     #42  "Qt6Core.dll+0x3fcf21 (nearest export: z_adler32_combine64+0x6b141)"
15:17:49.172     #43  "Qt6Qml.dll!QQmlBinding::slowWrite(QQmlPropertyData const&, QQmlPropertyData const&, QV4::Value const&, bool, QFlags<QQmlPropertyData::WriteFlag>)+0x1db"
15:17:49.172     #44  "Qt6Qml.dll+0x347e9a (nearest export: QQmlLocale::registerStringLocaleCompare(QV4::ExecutionEngine*)+0x63bca)"
15:17:49.172     #45  "Qt6Qml.dll!QQmlBinding::doUpdate(QQmlJavaScriptExpression::DeleteWatcher const&, QFlags<QQmlPropertyData::WriteFlag>, QV4::Scope&)+0x19f"
15:17:49.172     #46  "Qt6Qml.dll!QQmlBinding::update(QFlags<QQmlPropertyData::WriteFlag>)+0x211"
15:17:49.172     #47  "Qt6Qml.dll!QQmlNotifier::emitNotify(QQmlNotifierEndpoint*, void**)+0x215"
15:17:49.665 GUI thread unresponsive for 953 ms, "stalled somewhere unmarked": "no marked scope"
15:17:49.667   GUI thread backtrace, innermost first (48 frames):
15:17:49.667     #0  "cutpro_backend.dll!std::_Rb_tree<QString, std::pair<QString const, QVariant>, std::_Select1st<std::pair<QString const, QVariant> >, std::less<QString>, std::allocator<std::pair<QString const, QVariant> > >::_M_lower_bound(std::_Rb_tree_node<std::pair<QString const, QVariant> > const*, std::_Rb_tree_node_base const*, QString const&) const+0x7b"
15:17:49.667     #1  "cutpro_backend.dll!std::_Rb_tree<QString, std::pair<QString const, QVariant>, std::_Select1st<std::pair<QString const, QVariant> >, std::less<QString>, std::allocator<std::pair<QString const, QVariant> > >::find(QString const&) const+0x47"
15:17:49.667     #2  "cutpro_backend.dll!std::map<QString, QVariant, std::less<QString>, std::allocator<std::pair<QString const, QVariant> > >::find(QString const&) const+0x20"
15:17:49.667     #3  "cutpro_backend.dll!QMap<QString, QVariant>::value(QString const&, QVariant const&) const+0x60"
15:17:49.667     #4  "cutpro_backend.dll!Backend::durationMs() const+0xce"
15:17:49.667     #5  "cutpro_backend.dll+0x7276 (nearest export: Backend::qt_static_metacall(QObject*, QMetaObject::Call, int, void**)+0x5eb0)"
15:17:49.667     #6  "Qt6Qml.dll!QV4::QObjectWrapper::wrap_slowPath(QV4::ExecutionEngine*, QObject*)+0xf84"
15:17:49.668     #7  "Qt6Qml.dll!QV4::QQmlTypeWrapper::lookupSingletonProperty(QV4::Lookup*, QV4::ExecutionEngine*, QV4::Value const&)+0x327"
15:17:49.668     #8  "0x16bd591067b"
15:17:49.668     #9  "Qt6Qml.dll+0x165b98 (nearest export: qt_v4DebuggerHook+0x7ba8)"
15:17:49.668     #10  "Qt6Qml.dll!QV4::ExecutableCompilationUnit::createNamedObjectsPerComponent(int)+0x82f"
15:17:49.668     #11  "Qt6Qml.dll!QV4::Function::call(QObject*, void**, QMetaType const*, int, QV4::ExecutionContext*)+0x293"
15:17:49.668     #12  "Qt6Qml.dll!QQmlJavaScriptExpression::evaluate(void**, QMetaType const*, int)+0x105"
15:17:49.668     #13  "Qt6Qml.dll+0x3773f2 (nearest export: QQmlLocale::registerStringLocaleCompare(QV4::ExecutionEngine*)+0x93122)"
15:17:49.668     #14  "Qt6Quick.dll+0x3d05de (nearest export: QQuickInputMethod::qt_metacall(QMetaObject::Call, int, void**)+0x9e57e)"
15:17:49.668     #15  "Qt6Core.dll!QPropertyBindingPrivate::evaluateRecursive(QVarLengthArray<QPropertyBindingPrivatePtr, 256ll>&, QBindingStatus*)+0x181"
15:17:49.668     #16  "Qt6Qml.dll!QQmlPropertyBindingJS::expressionChanged()+0xc5"
15:17:49.668     #17  "Qt6Qml.dll!QQmlNotifier::emitNotify(QQmlNotifierEndpoint*, void**)+0x215"
15:17:49.668     #18  "Qt6Core.dll+0x3fcf21 (nearest export: z_adler32_combine64+0x6b141)"
15:17:49.668     #19  "cutpro_backend.dll!Backend::timelineChanged()+0x2f"
15:17:49.669     #20  "cutpro_backend.dll!Backend::setTrackState(QString const&, QString const&, bool)+0x863"
15:17:49.669     #21  "cutpro_backend.dll+0x2f4e (nearest export: Backend::qt_static_metacall(QObject*, QMetaObject::Call, int, void**)+0x1b88)"
15:17:49.669     #22  "cutpro_backend.dll!Backend::qt_metacall(QMetaObject::Call, int, void**)+0x73"
15:17:49.669     #23  "Qt6Qml.dll!QQmlObjectCreator::create(int, QObject*, QQmlInstantiationInterrupt*, int)+0x94"
15:17:49.669     #24  "Qt6Qml.dll!QV4::Heap::QObjectWrapper::markObjects(QV4::Heap::Base*, QV4::MarkStack*)+0x90e"
15:17:49.669     #25  "Qt6Qml.dll!QV4::QObjectMethod::callPrecise(QQmlObjectOrGadget const&, QQmlPropertyData const&, QV4::ExecutionEngine*, QV4::CallData*, QMetaObject::Call)+0x339"
15:17:49.669     #26  "Qt6Qml.dll!QV4::QObjectMethod::callInternal(QV4::Value const*, QV4::Value const*, int) const+0x858"
15:17:49.669     #27  "Qt6Qml.dll+0x1613dc (nearest export: qt_v4DebuggerHook+0x33ec)"
15:17:49.669     #28  "Qt6Qml.dll+0x165c9f (nearest export: qt_v4DebuggerHook+0x7caf)"
15:17:49.669     #29  "Qt6Qml.dll!QV4::Function::updateInternalClass(QV4::ExecutionEngine*, QList<QByteArray> const&)+0xb00"
15:17:49.669     #30  "Qt6Qml.dll+0x1613dc (nearest export: qt_v4DebuggerHook+0x33ec)"
15:17:49.669     #31  "Qt6Qml.dll+0x165c9f (nearest export: qt_v4DebuggerHook+0x7caf)"
15:17:49.669     #32  "Qt6Qml.dll!QV4::ExecutableCompilationUnit::createNamedObjectsPerComponent(int)+0x82f"
15:17:49.669     #33  "Qt6Qml.dll!QV4::Function::call(QObject*, void**, QMetaType const*, int, QV4::ExecutionContext*)+0x293"
15:17:49.670     #34  "Qt6Qml.dll!QQmlJavaScriptExpression::evaluate(void**, QMetaType const*, int)+0x105"
15:17:49.670     #35  "Qt6Qml.dll!QQmlBoundSignalExpression::evaluate(void**)+0x31c"
15:17:49.670     #36  "Qt6Qml.dll!QQmlBoundSignalExpression::QQmlBoundSignalExpression(QObject const*, int, QQmlRefPointer<QQmlContextData> const&, QObject*, QV4::Function*, QV4::ExecutionContext*)+0x8f8"
15:17:49.670     #37  "Qt6Qml.dll!QQmlNotifier::emitNotify(QQmlNotifierEndpoint*, void**)+0x215"
15:17:49.670     #38  "Qt6Core.dll+0x3fcf21 (nearest export: z_adler32_combine64+0x6b141)"
15:17:49.670     #39  "Qt6QuickTemplates2.dll!QQuickAbstractButtonPrivate::handleRelease(QPointF const&, unsigned long)+0x1a9"
15:17:49.670     #40  "Qt6QuickTemplates2.dll!QQuickControl::mouseReleaseEvent(QMouseEvent*)+0x9b"
15:17:49.670     #41  "Qt6Quick.dll!QQuickItemPrivate::deliverPointerEvent(QEvent*)+0x67"
15:17:49.670     #42  "Qt6Quick.dll!QQuickItem::event(QEvent*)+0xdb"
15:17:49.670     #43  "Qt6Core.dll!QCoreApplication::notifyInternal2(QObject*, QEvent*)+0x19a"
15:17:49.670     #44  "Qt6Quick.dll!QQuickDeliveryAgentPrivate::deliverMatchingPointsToItem(QQuickItem*, bool, QPointerEvent*, bool)+0x2c4"
15:17:49.670     #45  "Qt6Quick.dll!QQuickDeliveryAgentPrivate::deliverUpdatedPoints(QPointerEvent*)+0x9e"
15:17:49.670     #46  "Qt6Quick.dll!QQuickDeliveryAgentPrivate::deliverPointerEvent(QPointerEvent*)+0x636"
15:17:49.670     #47  "Qt6Quick.dll!QQuickDeliveryAgentPrivate::handleMouseEvent(QMouseEvent*)+0xe7"
