06:44:03.067 GUI turn monitor on, budget 20 ms - every event-loop turn longer than this is reported with its marked scope (CUTPRO_TURN_BUDGET_MS=0 turns it off)
06:44:03.128 CrashReporterHost: watching pid 26204 from pid 21644 | reports -> C:/Users/USER/AppData/Local/Antigravity/Cut Pro/crash-reports
06:44:03.142 Cut Pro: native C++/Qt backend, coreVersion = 0.1.2 | built = Aug 30 2026 17:31:56 | executable = C:/premier-pro/python-app/dist/Cut Pro 2026/cutpro.exe
06:44:03.496 GUI thread unresponsive for 429 ms, "wedged in": "QQmlApplicationEngine::load(qrc:/qml/main.qml)"
06:44:03.929 GUI thread unresponsive for 863 ms, "wedged in": "QQmlApplicationEngine::load(qrc:/qml/main.qml)"
06:44:03.991   GUI thread backtrace, innermost first (14 frames):
06:44:03.991     #0  "ntdll.dll!NtWaitForSingleObject+0x14"
06:44:03.991     #1  "KERNELBASE.dll!WaitForSingleObjectEx+0xaf"
06:44:03.991     #2  "Qt6Core.dll!QWaitCondition::wait(QMutex*, QDeadlineTimer)+0x9a"
06:44:03.991     #3  "Qt6Qml.dll+0x2afd89 (nearest export: QQmlJS::Parser::parse(int)+0x137a9)"
06:44:03.991     #4  "Qt6Qml.dll!QQmlTypeLoader::loadThread(QQmlRefPointer<QQmlDataBlob> const&)+0x6d6"
06:44:03.991     #5  "Qt6Qml.dll!QQmlTypeLoader::getType(QUrl const&, QQmlTypeLoader::Mode)+0x22b"
06:44:03.991     #6  "Qt6Qml.dll!QQmlComponentPrivate::loadUrl(QUrl const&, QQmlComponent::CompilationMode)+0x1a4"
06:44:03.991     #7  "Qt6Qml.dll!QQmlApplicationEnginePrivate::startLoad(QUrl const&, QByteArray const&, bool)+0x93"
06:44:03.991     #8  "Qt6Qml.dll!QQmlApplicationEngine::load(QUrl const&)+0x3d"
06:44:03.991     #9  "cutpro.exe+0x2d8e"
06:44:03.991     #10  "cutpro.exe+0x12ef"
06:44:03.991     #11  "cutpro.exe+0x1406"
06:44:03.991     #12  "KERNEL32.DLL!BaseThreadInitThunk+0x17"
06:44:03.991     #13  "ntdll.dll!RtlUserThreadStart+0x2c"
06:44:04.738 Using Qt multimedia with FFmpeg version 7.1.3 LGPL version 2.1 or later
06:44:04.852 GUI thread unresponsive for 1785 ms, "wedged in": "QQmlApplicationEngine::load(qrc:/qml/main.qml)"
06:44:04.878   GUI thread backtrace, innermost first (48 frames):
06:44:04.878     #0  "Qt6Qml.dll!QQmlObjectCreator::registerPostHocRequiredProperties(QV4::CompiledData::Binding const*)+0xc24"
06:44:04.878     #1  "Qt6Qml.dll!QQmlObjectCreator::populateInstance(int, QObject*, QObject*, QQmlPropertyData const*, QV4::CompiledData::Binding const*)+0x1f7"
06:44:04.878     #2  "Qt6Qml.dll!QQmlObjectCreator::createInstance(int, QObject*, bool)+0x4ca"
06:44:04.878     #3  "Qt6Qml.dll!QQmlObjectCreator::populateDeferredInstance(QObject*, int, int, QObject*, QObject*, QQmlPropertyData const*, QV4::CompiledData::Binding const*)+0x4c1"
06:44:04.878     #4  "Qt6Qml.dll!QQmlObjectCreator::createInstance(int, QObject*, bool)+0xbf4"
06:44:04.878     #5  "Qt6Qml.dll!QQmlObjectCreator::setPropertyBinding(QQmlPropertyData const*, QV4::CompiledData::Binding const*)+0x19b"
06:44:04.878     #6  "Qt6Qml.dll!QQmlObjectCreator::setupBindings(QFlags<QQmlObjectCreator::BindingMode>)+0x53e"
06:44:04.878     #7  "Qt6Qml.dll!QQmlObjectCreator::populateInstance(int, QObject*, QObject*, QQmlPropertyData const*, QV4::CompiledData::Binding const*)+0x230"
06:44:04.878     #8  "Qt6Qml.dll!QQmlObjectCreator::setPropertyBinding(QQmlPropertyData const*, QV4::CompiledData::Binding const*)+0x863"
06:44:04.878     #9  "Qt6Qml.dll!QQmlObjectCreator::setupBindings(QFlags<QQmlObjectCreator::BindingMode>)+0x53e"
06:44:04.878     #10  "Qt6Qml.dll!QQmlObjectCreator::populateInstance(int, QObject*, QObject*, QQmlPropertyData const*, QV4::CompiledData::Binding const*)+0x230"
06:44:04.878     #11  "Qt6Qml.dll!QQmlObjectCreator::createInstance(int, QObject*, bool)+0x4ca"
06:44:04.878     #12  "Qt6Qml.dll!QQmlObjectCreator::setPropertyBinding(QQmlPropertyData const*, QV4::CompiledData::Binding const*)+0x19b"
06:44:04.878     #13  "Qt6Qml.dll!QQmlObjectCreator::populateDeferred(QObject*, int, QQmlPropertyPrivate const*, QV4::CompiledData::Binding const*)+0x221"
06:44:04.878     #14  "Qt6Qml.dll!QQmlObjectCreator::populateDeferredBinding(QQmlProperty const&, int, QV4::CompiledData::Binding const*)+0x3b"
06:44:04.878     #15  "Qt6QuickTemplates2.dll!QtQuickPrivate::beginDeferred(QObject*, QString const&, QQuickUntypedDeferredPointer*, bool, QQmlEngine*)+0x997"
06:44:04.878     #16  "Qt6QuickTemplates2.dll!QQuickPopupItemPrivate::executeContentItem(bool)+0xc9"
06:44:04.878     #17  "Qt6QuickTemplates2.dll!QQuickControlPrivate::getContentItem()+0x47"
06:44:04.878     #18  "Qt6QuickTemplates2.dll!QQuickPanePrivate::getContentItem()+0x12"
06:44:04.878     #19  "Qt6QuickTemplates2.dll!QQuickPopupItemPrivate::getContentItem()+0x16"
06:44:04.878     #20  "Qt6QuickTemplates2.dll!QQuickControl::contentItem() const+0x45"
06:44:04.878     #21  "Qt6QuickTemplates2.dll+0x4a022 (nearest export: QQuickPopup::qt_static_metacall(QObject*, QMetaObject::Call, int, void**)+0x1ef2)"
06:44:04.879     #22  "Qt6Qml.dll!QV4::QObjectWrapper::wrap_slowPath(QV4::ExecutionEngine*, QObject*)+0xc4b"
06:44:04.879     #23  "Qt6Qml.dll!QV4::QQmlContextWrapper::lookupScopeObjectProperty(QV4::Lookup*, QV4::ExecutionEngine*, QV4::Value*)+0x200"
06:44:04.879     #24  "0x20cdb8a080e"
06:44:04.879     #25  "Qt6Qml.dll+0x165b98 (nearest export: qt_v4DebuggerHook+0x7ba8)"
06:44:04.879     #26  "Qt6Qml.dll!QV4::ExecutableCompilationUnit::createNamedObjectsPerComponent(int)+0x82f"
06:44:04.879     #27  "Qt6Qml.dll!QQmlJavaScriptExpression::evaluate(QV4::CallData*, bool*)+0x31d"
06:44:04.879     #28  "Qt6Qml.dll!QQmlBinding::evaluate(bool*)+0xb7"
06:44:04.879     #29  "Qt6Qml.dll!QQmlBinding::doUpdate(QQmlJavaScriptExpression::DeleteWatcher const&, QFlags<QQmlPropertyData::WriteFlag>, QV4::Scope&)+0x7e"
06:44:04.879     #30  "Qt6Qml.dll!QQmlBinding::update(QFlags<QQmlPropertyData::WriteFlag>)+0x211"
06:44:04.879     #31  "Qt6Qml.dll!QQmlObjectCreator::finalize(QQmlInstantiationInterrupt&)+0x161"
06:44:04.879     #32  "Qt6Qml.dll!QQmlComponentPrivate::complete(QQmlEnginePrivate*, QQmlComponentPrivate::ConstructionState*)+0x74"
06:44:04.879     #33  "Qt6Qml.dll!QQmlComponentPrivate::completeDeferred(QQmlEnginePrivate*, std::vector<QQmlComponentPrivate::ConstructionState, std::allocator<QQmlComponentPrivate::ConstructionState> >*)+0x2f"
06:44:04.879     #34  "Qt6QuickTemplates2.dll!QtQuickPrivate::completeDeferred(QObject*, QString const&, QQuickUntypedDeferredPointer*, QQmlEngine*)+0xc9"
06:44:04.879     #35  "Qt6QuickTemplates2.dll!QQuickComboBox::indicator() const+0x19a"
06:44:04.879     #36  "Qt6QuickTemplates2.dll!QQuickComboBox::componentComplete()+0x4b"
06:44:04.879     #37  "Qt6Qml.dll!QQmlObjectCreator::finalize(QQmlInstantiationInterrupt&)+0x6da"
06:44:04.879     #38  "Qt6Qml.dll!QQmlIncubatorPrivate::incubate(QQmlInstantiationInterrupt&)+0x4b8"
06:44:04.879     #39  "Qt6Qml.dll!QQmlEnginePrivate::incubate(QQmlIncubator&, QQmlRefPointer<QQmlContextData> const&)+0x246"
06:44:04.879     #40  "Qt6Qml.dll!QQmlComponent::create(QQmlIncubator&, QQmlContext*, QQmlContext*)+0x2d8"
06:44:04.879     #41  "Qt6Quick.dll!QQuickLoader::QQuickLoader(QQuickItem*)+0x613"
06:44:04.879     #42  "Qt6Qml.dll!QQmlObjectCreator::finalize(QQmlInstantiationInterrupt&)+0x6da"
06:44:04.879     #43  "Qt6Qml.dll!QQmlIncubatorPrivate::incubate(QQmlInstantiationInterrupt&)+0x4b8"
06:44:04.879     #44  "Qt6Qml.dll!QQmlEnginePrivate::incubate(QQmlIncubator&, QQmlRefPointer<QQmlContextData> const&)+0x246"
06:44:04.879     #45  "Qt6Qml.dll!QQmlComponent::create(QQmlIncubator&, QQmlContext*, QQmlContext*)+0x2d8"
06:44:04.879     #46  "Qt6Quick.dll!QQuickLoader::QQuickLoader(QQuickItem*)+0x613"
06:44:04.879     #47  "Qt6Qml.dll!QQmlObjectCreator::finalize(QQmlInstantiationInterrupt&)+0x6da"
06:44:05.119 GUI thread STILL blocked after 2052 ms, "stalled somewhere unmarked": "no marked scope" - this is the state Windows shows as "Not Responding".
06:44:05.211   GUI thread backtrace, innermost first (48 frames):
06:44:05.211     #0  "ntdll.dll!RtlFreeHeap+0x388"
06:44:05.211     #1  "ucrtbase.dll!free_base+0x1b"
06:44:05.211     #2  "ucrtbase.dll!o___stdio_common_vswprintf+0x3b5"
06:44:05.211     #3  "DWrite.dll+0x101a5a (nearest export: DWriteCreateFactory+0x1ad1a)"
06:44:05.211     #4  "DWrite.dll+0x45f7d"
06:44:05.211     #5  "DWrite.dll+0x45e09"
06:44:05.211     #6  "Qt6Gui.dll!QWindowsFontEngineDirectWrite::recalcAdvances(QGlyphLayout*, QFlags<QFontEngine::ShaperFlag>) const+0x2c7"
06:44:05.211     #7  "Qt6Gui.dll+0x4d7887 (nearest export: qt_convert_rgb888_to_rgb32_ssse3(unsigned int*, unsigned char const*, int)+0xf257)"
06:44:05.211     #8  "Qt6Gui.dll+0x611997 (nearest export: QEdidParser::parse(QByteArray const&)+0xd417)"
06:44:05.211     #9  "Qt6Gui.dll+0x63e873 (nearest export: QEdidParser::parse(QByteArray const&)+0x3a2f3)"
06:44:05.211     #10  "Qt6Gui.dll+0x61d96c (nearest export: QEdidParser::parse(QByteArray const&)+0x193ec)"
06:44:05.211     #11  "Qt6Gui.dll+0x61ca02 (nearest export: QEdidParser::parse(QByteArray const&)+0x18482)"
06:44:05.211     #12  "Qt6Gui.dll!QTextEngine::shapeTextWithHarfbuzzNG(QScriptItem const&, unsigned short const*, int, int, int, QFontEngine*, QSpan<unsigned int, 18446744073709551615ull>, bool, bool, QMap<QFont::Tag, unsigned int> const&) const+0x6ab"
06:44:05.211     #13  "Qt6Gui.dll!QTextEngine::shapeText(int) const+0x7db"
06:44:05.211     #14  "Qt6Gui.dll+0x3ba97f (nearest export: QTextLine::layout_helper(int)+0x13bf)"
06:44:05.211     #15  "Qt6Quick.dll!QQuickTextPrivate::setLineGeometry(QTextLine&, double, double&)+0x63"
06:44:05.211     #16  "Qt6Quick.dll!QQuickTextPrivate::setupTextLayout(double*)+0x7f1"
06:44:05.211     #17  "Qt6Quick.dll!QQuickTextPrivate::updateSize()+0x133"
06:44:05.211     #18  "Qt6Quick.dll!QQuickTextPrivate::updateLayout()+0x1f0"
06:44:05.211     #19  "Qt6Qml.dll!QQmlObjectCreator::finalize(QQmlInstantiationInterrupt&)+0x6da"
06:44:05.211     #20  "Qt6Qml.dll!QQmlIncubatorPrivate::incubate(QQmlInstantiationInterrupt&)+0x4b8"
06:44:05.211     #21  "Qt6Qml.dll!QQmlEnginePrivate::incubate(QQmlIncubator&, QQmlRefPointer<QQmlContextData> const&)+0x246"
06:44:05.211     #22  "Qt6QmlModels.dll!QQmlDelegateModel::cancel(int)+0x88b"
06:44:05.211     #23  "Qt6Quick.dll!QQuickRepeater::clear()+0x370"
06:44:05.211     #24  "Qt6Quick.dll!QQuickRepeater::setModel(QVariant const&)+0x290"
06:44:05.211     #25  "Qt6Qml.dll+0x42a5af (nearest export: QQmlLocale::registerStringLocaleCompare(QV4::ExecutionEngine*)+0x1462df)"
06:44:05.211     #26  "Qt6Qml.dll!QQmlPropertyPrivate::write(QObject*, QQmlPropertyData const&, QVariant const&, QQmlRefPointer<QQmlContextData> const&, QFlags<QQmlPropertyData::WriteFlag>)+0xb88"
06:44:05.211     #27  "Qt6Qml.dll!QQmlBinding::slowWrite(QQmlPropertyData const&, QQmlPropertyData const&, QV4::Value const&, bool, QFlags<QQmlPropertyData::WriteFlag>)+0x54f"
06:44:05.211     #28  "Qt6Qml.dll+0x347e9a (nearest export: QQmlLocale::registerStringLocaleCompare(QV4::ExecutionEngine*)+0x63bca)"
06:44:05.211     #29  "Qt6Qml.dll!QQmlBinding::doUpdate(QQmlJavaScriptExpression::DeleteWatcher const&, QFlags<QQmlPropertyData::WriteFlag>, QV4::Scope&)+0x19f"
06:44:05.212     #30  "Qt6Qml.dll!QQmlBinding::update(QFlags<QQmlPropertyData::WriteFlag>)+0x211"
06:44:05.212     #31  "Qt6Qml.dll!QQmlNotifier::emitNotify(QQmlNotifierEndpoint*, void**)+0x215"
06:44:05.212     #32  "Qt6Core.dll+0x3fcf21 (nearest export: z_adler32_combine64+0x6b141)"
06:44:05.212     #33  "Qt6Qml.dll!QQmlVMEMetaObject::metaCall(QObject*, QMetaObject::Call, int, void**)+0x436"
06:44:05.212     #34  "Qt6Core.dll!QMetaObject::metacall(QObject*, QMetaObject::Call, int, void**)+0x84"
06:44:05.212     #35  "Qt6Qml.dll!QV4::QObjectWrapper::setProperty(QV4::ExecutionEngine*, QObject*, QQmlPropertyData const*, QV4::Value const&)+0x39b"
06:44:05.212     #36  "Qt6Qml.dll!QV4::QObjectWrapper::setQmlProperty(QV4::ExecutionEngine*, QQmlRefPointer<QQmlContextData> const&, QObject*, QV4::String*, QFlags<QV4::QObjectWrapper::Flag>, QV4::Value const&)+0x11e"
06:44:05.212     #37  "Qt6Qml.dll!QV4::QObjectWrapper::virtualPut(QV4::Managed*, QV4::PropertyKey, QV4::Value const&, QV4::Value*)+0x19a"
06:44:05.212     #38  "Qt6Qml.dll!QV4::Lookup::setterFallback(QV4::Lookup*, QV4::ExecutionEngine*, QV4::Value&, QV4::Value const&)+0xba"
06:44:05.212     #39  "Qt6Qml.dll+0x161bce (nearest export: qt_v4DebuggerHook+0x3bde)"
06:44:05.212     #40  "Qt6Qml.dll+0x165c9f (nearest export: qt_v4DebuggerHook+0x7caf)"
06:44:05.212     #41  "Qt6Qml.dll!QV4::Function::updateInternalClass(QV4::ExecutionEngine*, QList<QByteArray> const&)+0xb00"
06:44:05.212     #42  "Qt6Qml.dll+0x1613dc (nearest export: qt_v4DebuggerHook+0x33ec)"
06:44:05.212     #43  "Qt6Qml.dll+0x165c9f (nearest export: qt_v4DebuggerHook+0x7caf)"
06:44:05.212     #44  "Qt6Qml.dll!QV4::ExecutableCompilationUnit::createNamedObjectsPerComponent(int)+0x82f"
06:44:05.212     #45  "Qt6Qml.dll!QV4::Function::call(QObject*, void**, QMetaType const*, int, QV4::ExecutionContext*)+0x293"
06:44:05.212     #46  "Qt6Qml.dll!QQmlJavaScriptExpression::evaluate(void**, QMetaType const*, int)+0x105"
06:44:05.212     #47  "Qt6Qml.dll!QQmlBoundSignalExpression::evaluate(void**)+0x31c"
06:44:19.414 [mov,mp4,m4a,3gp,3g2,mj2 @ 0000020cebd268c0] st: 1 edit list: 1 Missing key frame while searching for timestamp: 0
06:44:19.414 [mov,mp4,m4a,3gp,3g2,mj2 @ 0000020cebd268c0] st: 1 edit list 1 Cannot find an index entry before timestamp: 0.
06:44:19.508 [mov,mp4,m4a,3gp,3g2,mj2 @ 0000020cebd25880] st: 1 edit list: 1 Missing key frame while searching for timestamp: 0
06:44:19.508 [mov,mp4,m4a,3gp,3g2,mj2 @ 0000020cebd25880] st: 1 edit list 1 Cannot find an index entry before timestamp: 0.
06:44:19.568 [mov,mp4,m4a,3gp,3g2,mj2 @ 0000020cebd25e00] st: 1 edit list: 1 Missing key frame while searching for timestamp: 0
06:44:19.568 [mov,mp4,m4a,3gp,3g2,mj2 @ 0000020cebd25e00] st: 1 edit list 1 Cannot find an index entry before timestamp: 0.
06:44:20.141 [h264 @ 0000020cec0a7d80] illegal short term buffer state detected
06:44:20.919 monitor: source key  -> clip_1196eceecbdc|C:/Users/USER/Downloads/Video/The Weakest Boy Enters Demon Slayer Academy With a God’s Power - manhwa recap.mp4|video|0|0|4652814|
06:44:20.935 playback: session.stop decoder idle, picture at -1 ms from MonitorPanel.qml:1053 (onActiveSourceKeyChanged) <- TimelinePanel.qml:1754
06:44:20.961 [mov,mp4,m4a,3gp,3g2,mj2 @ 0000020cebd26080] st: 1 edit list: 1 Missing key frame while searching for timestamp: 0
06:44:20.961 [mov,mp4,m4a,3gp,3g2,mj2 @ 0000020cebd26080] st: 1 edit list 1 Cannot find an index entry before timestamp: 0.
06:44:21.222 GUI turn 25 ms (budget 20 ms, ~0 frames of 30 fps lost): "no marked scope"""
06:44:21.280 [mov,mp4,m4a,3gp,3g2,mj2 @ 0000020cebd25340] st: 1 edit list: 1 Missing key frame while searching for timestamp: 0
06:44:21.280 [mov,mp4,m4a,3gp,3g2,mj2 @ 0000020cebd25340] st: 1 edit list 1 Cannot find an index entry before timestamp: 0.
06:44:21.280 [h264 @ 0000020cec0a7d80] illegal short term buffer state detected
06:44:21.280 [mov,mp4,m4a,3gp,3g2,mj2 @ 0000020cebd26e00] st: 1 edit list: 1 Missing key frame while searching for timestamp: 0
06:44:21.280 [mov,mp4,m4a,3gp,3g2,mj2 @ 0000020cebd26e00] st: 1 edit list 1 Cannot find an index entry before timestamp: 0.
06:44:21.586 [mov,mp4,m4a,3gp,3g2,mj2 @ 0000020cebd26340] st: 1 edit list: 1 Missing key frame while searching for timestamp: 0
06:44:21.586 [mov,mp4,m4a,3gp,3g2,mj2 @ 0000020cebd26340] st: 1 edit list 1 Cannot find an index entry before timestamp: 0.
06:44:41.797 GUI thread unresponsive for 413 ms, "stalled somewhere unmarked": "no marked scope"
06:44:42.245 GUI thread unresponsive for 861 ms, "stalled somewhere unmarked": "no marked scope"
06:44:42.307   GUI thread backtrace, innermost first (48 frames):
06:44:42.307     #0  "ntdll.dll+0x275a5 (nearest export: RtlAllocateHeap+0x1955)"
06:44:42.307     #1  "ntdll.dll!RtlAllocateHeap+0xbf4"
06:44:42.307     #2  "ntdll.dll!RtlAllocateHeap+0xabb"
06:44:42.307     #3  "msvcrt.dll!malloc+0x70"
06:44:42.307     #4  "libstdc++-6.dll!operator new(unsigned long long)+0x1c"
06:44:42.307     #5  "cutpro_subtitles.dll!std::__new_allocator<std::_Rb_tree_node<std::pair<QString const, QVariant> > >::allocate(unsigned long long, void const*)+0x63"
06:44:42.307     #6  "cutpro_subtitles.dll!std::_Rb_tree<QString, std::pair<QString const, QVariant>, std::_Select1st<std::pair<QString const, QVariant> >, std::less<QString>, std::allocator<std::pair<QString const, QVariant> > >::_M_get_node()+0x8c"
06:44:42.307     #7  "cutpro_subtitles.dll!std::_Rb_tree_node<std::pair<QString const, QVariant> >* std::_Rb_tree<QString, std::pair<QString const, QVariant>, std::_Select1st<std::pair<QString const, QVariant> >, std::less<QString>, std::allocator<std::pair<QString const, QVariant> > >::_M_create_node<std::pair<QString const, QVariant> const&>(std::pair<QString const, QVariant> const&)+0x1c"
06:44:42.307     #8  "cutpro_subtitles.dll!std::_Rb_tree_node<std::pair<QString const, QVariant> >* std::_Rb_tree<QString, std::pair<QString const, QVariant>, std::_Select1st<std::pair<QString const, QVariant> >, std::less<QString>, std::allocator<std::pair<QString const, QVariant> > >::_Alloc_node::operator()<std::pair<QString const, QVariant> const&>(std::pair<QString const, QVariant> const&) const+0x31"
06:44:42.307     #9  "cutpro_subtitles.dll!std::_Rb_tree_node<std::pair<QString const, QVariant> >* std::_Rb_tree<QString, std::pair<QString const, QVariant>, std::_Select1st<std::pair<QString const, QVariant> >, std::less<QString>, std::allocator<std::pair<QString const, QVariant> > >::_M_clone_node<false, std::_Rb_tree<QString, std::pair<QString const, QVariant>, std::_Select1st<std::pair<QString const, QVariant> >, std::less<QString>, std::allocator<std::pair<QString const, QVariant> > >::_Alloc_node>(std::_Rb_tree_node<std::pair<QString const, QVariant> >*, std::_Rb_tree<QString, std::pair<QString const, QVariant>, std::_Select1st<std::pair<QString const, QVariant> >, std::less<QString>, std::allocator<std::pair<QString const, QVariant> > >::_Alloc_node&)+0x37"
06:44:42.307     #10  "cutpro_subtitles.dll!std::_Rb_tree_node<std::pair<QString const, QVariant> >* std::_Rb_tree<QString, std::pair<QString const, QVariant>, std::_Select1st<std::pair<QString const, QVariant> >, std::less<QString>, std::allocator<std::pair<QString const, QVariant> > >::_M_copy<false, std::_Rb_tree<QString, std::pair<QString const, QVariant>, std::_Select1st<std::pair<QString const, QVariant> >, std::less<QString>, std::allocator<std::pair<QString const, QVariant> > >::_Alloc_node>(std::_Rb_tree_node<std::pair<QString const, QVariant> >*, std::_Rb_tree_node_base*, std::_Rb_tree<QString, std::pair<QString const, QVariant>, std::_Select1st<std::pair<QString const, QVariant> >, std::less<QString>, std::allocator<std::pair<QString const, QVariant> > >::_Alloc_node&)+0x32"
06:44:42.307     #11  "cutpro_subtitles.dll!std::_Rb_tree_node<std::pair<QString const, QVariant> >* std::_Rb_tree<QString, std::pair<QString const, QVariant>, std::_Select1st<std::pair<QString const, QVariant> >, std::less<QString>, std::allocator<std::pair<QString const, QVariant> > >::_M_copy<false, std::_Rb_tree<QString, std::pair<QString const, QVariant>, std::_Select1st<std::pair<QString const, QVariant> >, std::less<QString>, std::allocator<std::pair<QString const, QVariant> > >::_Alloc_node>(std::_Rb_tree<QString, std::pair<QString const, QVariant>, std::_Select1st<std::pair<QString const, QVariant> >, std::less<QString>, std::allocator<std::pair<QString const, QVariant> > > const&, std::_Rb_tree<QString, std::pair<QString const, QVariant>, std::_Select1st<std::pair<QString const, QVariant> >, std::less<QString>, std::allocator<std::pair<QString const, QVariant> > >::_Alloc_node&)+0x4b"
06:44:42.307     #12  "cutpro_subtitles.dll!std::_Rb_tree<QString, std::pair<QString const, QVariant>, std::_Select1st<std::pair<QString const, QVariant> >, std::less<QString>, std::allocator<std::pair<QString const, QVariant> > >::_M_copy(std::_Rb_tree<QString, std::pair<QString const, QVariant>, std::_Select1st<std::pair<QString const, QVariant> >, std::less<QString>, std::allocator<std::pair<QString const, QVariant> > > const&)+0x37"
06:44:42.307     #13  "cutpro_subtitles.dll!std::_Rb_tree<QString, std::pair<QString const, QVariant>, std::_Select1st<std::pair<QString const, QVariant> >, std::less<QString>, std::allocator<std::pair<QString const, QVariant> > >::_Rb_tree(std::_Rb_tree<QString, std::pair<QString const, QVariant>, std::_Select1st<std::pair<QString const, QVariant> >, std::less<QString>, std::allocator<std::pair<QString const, QVariant> > > const&)+0x49"
06:44:42.307     #14  "cutpro_subtitles.dll!std::map<QString, QVariant, std::less<QString>, std::allocator<std::pair<QString const, QVariant> > >::map(std::map<QString, QVariant, std::less<QString>, std::allocator<std::pair<QString const, QVariant> > > const&)+0x20"
06:44:42.307     #15  "cutpro_subtitles.dll!QMapData<std::map<QString, QVariant, std::less<QString>, std::allocator<std::pair<QString const, QVariant> > > >::QMapData(QMapData<std::map<QString, QVariant, std::less<QString>, std::allocator<std::pair<QString const, QVariant> > > > const&)+0x38"
06:44:42.307     #16  "cutpro_subtitles.dll!QtPrivate::QExplicitlySharedDataPointerV2<QMapData<std::map<QString, QVariant, std::less<QString>, std::allocator<std::pair<QString const, QVariant> > > > >::detach()+0xa8"
06:44:42.307     #17  "cutpro_subtitles.dll!QMap<QString, QVariant>::detach()+0x2c"
06:44:42.307     #18  "cutpro_subtitles.dll!QMap<QString, QVariant>::operator[](QString const&)+0x5b"
06:44:42.307     #19  "cutpro_subtitles.dll!SubtitleIO::deoverlap(QList<QVariant>&)+0x41d"
06:44:42.307     #20  "cutpro_subtitles.dll!SubtitleIO::readSrt(QString const&, QString*)+0x603"
06:44:42.307     #21  "cutpro_subtitles.dll!SubtitleIO::read(QString const&, QString*, QString*)+0x1fe"
06:44:42.307     #22  "cutpro_backend.dll!Backend::importSubtitles(QString const&)+0x8f"
06:44:42.307     #23  "cutpro_backend.dll+0x416d (nearest export: Backend::qt_static_metacall(QObject*, QMetaObject::Call, int, void**)+0x2da7)"
06:44:42.307     #24  "cutpro_backend.dll!Backend::qt_metacall(QMetaObject::Call, int, void**)+0x73"
06:44:42.307     #25  "Qt6Qml.dll!QQmlObjectCreator::create(int, QObject*, QQmlInstantiationInterrupt*, int)+0x94"
06:44:42.307     #26  "Qt6Qml.dll!QV4::Heap::QObjectWrapper::markObjects(QV4::Heap::Base*, QV4::MarkStack*)+0x90e"
06:44:42.307     #27  "Qt6Qml.dll!QV4::QObjectMethod::callPrecise(QQmlObjectOrGadget const&, QQmlPropertyData const&, QV4::ExecutionEngine*, QV4::CallData*, QMetaObject::Call)+0x339"
06:44:42.307     #28  "Qt6Qml.dll!QV4::QObjectMethod::callInternal(QV4::Value const*, QV4::Value const*, int) const+0x858"
06:44:42.307     #29  "Qt6Qml.dll+0x1613dc (nearest export: qt_v4DebuggerHook+0x33ec)"
06:44:42.307     #30  "Qt6Qml.dll+0x165c9f (nearest export: qt_v4DebuggerHook+0x7caf)"
06:44:42.307     #31  "Qt6Qml.dll!QV4::ExecutableCompilationUnit::createNamedObjectsPerComponent(int)+0x82f"
06:44:42.307     #32  "Qt6Qml.dll!QV4::Function::call(QObject*, void**, QMetaType const*, int, QV4::ExecutionContext*)+0x293"
06:44:42.307     #33  "Qt6Qml.dll!QQmlJavaScriptExpression::evaluate(void**, QMetaType const*, int)+0x105"
06:44:42.307     #34  "Qt6Qml.dll!QQmlBoundSignalExpression::evaluate(void**)+0x31c"
06:44:42.307     #35  "Qt6Qml.dll!QQmlBoundSignalExpression::QQmlBoundSignalExpression(QObject const*, int, QQmlRefPointer<QQmlContextData> const&, QObject*, QV4::Function*, QV4::ExecutionContext*)+0x8f8"
06:44:42.307     #36  "Qt6Qml.dll!QQmlNotifier::emitNotify(QQmlNotifierEndpoint*, void**)+0x215"
06:44:42.307     #37  "Qt6Core.dll+0x3fcf21 (nearest export: z_adler32_combine64+0x6b141)"
06:44:42.307     #38  "Qt6Core.dll+0x3fd299 (nearest export: z_adler32_combine64+0x6b4b9)"
06:44:42.307     #39  "Qt6Core.dll!QMetaCallEvent::placeMetaCall(QObject*)+0x35"
06:44:42.307     #40  "Qt6Core.dll!QObject::event(QEvent*)+0x299"
06:44:42.307     #41  "Qt6Core.dll!QCoreApplication::notifyInternal2(QObject*, QEvent*)+0x19a"
06:44:42.307     #42  "Qt6Core.dll!QCoreApplicationPrivate::sendPostedEvents(QObject*, int, QThreadData*)+0x445"
06:44:42.307     #43  "Qt6Gui.dll!QWindowsGuiEventDispatcher::sendPostedEvents()+0x12"
06:44:42.307     #44  "Qt6Core.dll!QEventDispatcherWin32::processEvents(QFlags<QEventLoop::ProcessEventsFlag>)+0xaa7"
06:44:42.307     #45  "Qt6Gui.dll!QWindowsGuiEventDispatcher::processEvents(QFlags<QEventLoop::ProcessEventsFlag>)+0x19"
06:44:42.307     #46  "Qt6Core.dll!QEventLoop::exec(QFlags<QEventLoop::ProcessEventsFlag>)+0x232"
06:44:42.307     #47  "Qt6Core.dll!QCoreApplication::exec()+0x96"
06:44:44.225 GUI thread unresponsive for 413 ms, "stalled somewhere unmarked": "no marked scope"
06:44:44.668 GUI thread unresponsive for 856 ms, "stalled somewhere unmarked": "no marked scope"
06:44:44.731   GUI thread backtrace, innermost first (48 frames):
06:44:44.731     #0  "Qt6Core.dll+0x4d0f80 (nearest export: z_adler32_combine64+0x13f1a0)"
06:44:44.731     #1  "Qt6Core.dll!QTranslator::qt_metacall(QMetaObject::Call, int, void**)+0x3e8"
06:44:44.731     #2  "Qt6Core.dll!QVariant::QVariant(QVariant const&)+0x1f"
06:44:44.731     #3  "cutpro_preview.dll!QMap<QString, QVariant>::value(QString const&, QVariant const&) const+0xb7"
06:44:44.731     #4  "cutpro_preview.dll!VideoPreviewHelper::resolve(bool)+0x43b"
06:44:44.731     #5  "cutpro_preview.dll!VideoPreviewHelper::setTimeline(QList<QVariant> const&, QList<QVariant> const&)+0x59"
06:44:44.731     #6  "cutpro_backend.dll+0xa500 (nearest export: ProjectDatabase::qt_metacall(QMetaObject::Call, int, void**)+0x170e)"
06:44:44.731     #7  "cutpro_backend.dll+0x4fbf1 (nearest export: Backend::updateExportProgress()+0x724f)"
06:44:44.731     #8  "cutpro_backend.dll+0x515cb (nearest export: Backend::updateExportProgress()+0x8c29)"
06:44:44.731     #9  "cutpro_backend.dll+0x4fc28 (nearest export: Backend::updateExportProgress()+0x7286)"
06:44:44.731     #10  "cutpro_backend.dll+0x4e03a (nearest export: Backend::updateExportProgress()+0x5698)"
06:44:44.731     #11  "cutpro_backend.dll+0x4c2bc (nearest export: Backend::updateExportProgress()+0x391a)"
06:44:44.731     #12  "Qt6Core.dll+0x3fd299 (nearest export: z_adler32_combine64+0x6b4b9)"
06:44:44.731     #13  "cutpro_backend.dll!Backend::clipsChanged()+0x2f"
06:44:44.731     #14  "cutpro_backend.dll!Backend::addTranscriptToTimeline()+0x57c"
06:44:44.731     #15  "cutpro_backend.dll+0x42e2 (nearest export: Backend::qt_static_metacall(QObject*, QMetaObject::Call, int, void**)+0x2f1c)"
06:44:44.731     #16  "cutpro_backend.dll!Backend::qt_metacall(QMetaObject::Call, int, void**)+0x73"
06:44:44.731     #17  "Qt6Qml.dll!QQmlObjectCreator::create(int, QObject*, QQmlInstantiationInterrupt*, int)+0x94"
06:44:44.731     #18  "Qt6Qml.dll+0x10a743 (nearest export: QV4::Heap::QObjectWrapper::markObjects(QV4::Heap::Base*, QV4::MarkStack*)+0x1843)"
06:44:44.731     #19  "Qt6Qml.dll!QV4::QObjectMethod::callPrecise(QQmlObjectOrGadget const&, QQmlPropertyData const&, QV4::ExecutionEngine*, QV4::CallData*, QMetaObject::Call)+0x170"
06:44:44.731     #20  "Qt6Qml.dll!QV4::QObjectMethod::callInternal(QV4::Value const*, QV4::Value const*, int) const+0x858"
06:44:44.731     #21  "Qt6Qml.dll+0x1613dc (nearest export: qt_v4DebuggerHook+0x33ec)"
06:44:44.731     #22  "Qt6Qml.dll+0x165c9f (nearest export: qt_v4DebuggerHook+0x7caf)"
06:44:44.731     #23  "Qt6Qml.dll!QV4::ExecutableCompilationUnit::createNamedObjectsPerComponent(int)+0x82f"
06:44:44.731     #24  "Qt6Qml.dll!QV4::Function::call(QObject*, void**, QMetaType const*, int, QV4::ExecutionContext*)+0x293"
06:44:44.731     #25  "Qt6Qml.dll!QQmlJavaScriptExpression::evaluate(void**, QMetaType const*, int)+0x105"
06:44:44.731     #26  "Qt6Qml.dll!QQmlBoundSignalExpression::evaluate(void**)+0x31c"
06:44:44.731     #27  "Qt6Qml.dll!QQmlBoundSignalExpression::QQmlBoundSignalExpression(QObject const*, int, QQmlRefPointer<QQmlContextData> const&, QObject*, QV4::Function*, QV4::ExecutionContext*)+0x8f8"
06:44:44.731     #28  "Qt6Qml.dll!QQmlNotifier::emitNotify(QQmlNotifierEndpoint*, void**)+0x215"
06:44:44.731     #29  "Qt6Core.dll+0x3fcf21 (nearest export: z_adler32_combine64+0x6b141)"
06:44:44.731     #30  "Qt6QuickTemplates2.dll!QQuickAbstractButtonPrivate::handleRelease(QPointF const&, unsigned long)+0x1a9"
06:44:44.731     #31  "Qt6QuickTemplates2.dll!QQuickControl::mouseReleaseEvent(QMouseEvent*)+0x9b"
06:44:44.731     #32  "Qt6Quick.dll!QQuickItemPrivate::deliverPointerEvent(QEvent*)+0x67"
06:44:44.731     #33  "Qt6Quick.dll!QQuickItem::event(QEvent*)+0xdb"
06:44:44.731     #34  "Qt6Core.dll!QCoreApplication::notifyInternal2(QObject*, QEvent*)+0x19a"
06:44:44.731     #35  "Qt6Quick.dll!QQuickDeliveryAgentPrivate::deliverMatchingPointsToItem(QQuickItem*, bool, QPointerEvent*, bool)+0x2c4"
06:44:44.731     #36  "Qt6Quick.dll!QQuickDeliveryAgentPrivate::deliverUpdatedPoints(QPointerEvent*)+0x9e"
06:44:44.731     #37  "Qt6Quick.dll!QQuickDeliveryAgentPrivate::deliverPointerEvent(QPointerEvent*)+0x636"
06:44:44.731     #38  "Qt6Quick.dll!QQuickDeliveryAgentPrivate::handleMouseEvent(QMouseEvent*)+0xe7"
06:44:44.731     #39  "Qt6Quick.dll!QQuickDeliveryAgent::event(QEvent*)+0x12b"
06:44:44.731     #40  "Qt6Quick.dll!QQuickWindow::event(QEvent*)+0x17e"
06:44:44.731     #41  "Qt6Core.dll!QCoreApplication::notifyInternal2(QObject*, QEvent*)+0x19a"
06:44:44.731     #42  "Qt6Gui.dll!QGuiApplicationPrivate::processMouseEvent(QWindowSystemInterfacePrivate::MouseEvent*)+0x972"
06:44:44.731     #43  "Qt6Gui.dll!QWindowSystemInterface::sendWindowSystemEvents(QFlags<QEventLoop::ProcessEventsFlag>)+0x30c"
06:44:44.731     #44  "Qt6Core.dll!QEventDispatcherWin32::processEvents(QFlags<QEventLoop::ProcessEventsFlag>)+0xaa7"
06:44:44.731     #45  "Qt6Gui.dll!QWindowsGuiEventDispatcher::processEvents(QFlags<QEventLoop::ProcessEventsFlag>)+0x19"
06:44:44.731     #46  "Qt6Core.dll!QEventLoop::exec(QFlags<QEventLoop::ProcessEventsFlag>)+0x232"
06:44:44.731     #47  "Qt6Core.dll!QCoreApplication::exec()+0x96"
06:44:48.290 playback: playing false -> true at playhead 0 ms [+27358 ms] from MonitorPanel.qml:536 (startPlayback) <- MonitorPanel.qml:1889 (onClicked)
06:44:48.292 monitor: playing -> true at 0
06:44:48.292 monitor: playback session at playhead 0 clip clip_1196eceecbdc
06:44:48.292 playback: session.start The Weakest Boy Enters Demon Slayer Academy With a God’s Power - manhwa recap.mp4 at source 0 ms, kind video [+0 ms] from MonitorPanel.qml:655 (startProcessPlayback) <- MonitorPanel.qml:978 (onPlayingChanged) <- MonitorPanel.qml:536 (startPlayback) <- MonitorPanel.qml:1889 (onClicked)
06:44:48.316 [mov,mp4,m4a,3gp,3g2,mj2 @ 0000020cebd26340] st: 1 edit list: 1 Missing key frame while searching for timestamp: 0
06:44:48.317 [mov,mp4,m4a,3gp,3g2,mj2 @ 0000020cebd26340] st: 1 edit list 1 Cannot find an index entry before timestamp: 0.
06:44:48.541 preview playback: first frame after 247 ms, at source 0 ms (requested 0 ms)
06:44:48.541 playback: frame at source 0 ms, advanced 0 ms of media in -1 ms of wall clock
06:44:48.782 playback: playhead is 38 ms AHEAD of the picture (playhead 38 ms, picture 0 ms)
06:44:48.927 playback: playhead.jump 38 -> 323 ms (+285) [+634 ms] from MonitorPanel.qml:948 (onTriggered)
06:44:49.222 playback: playhead.jump 323 -> 618 ms (+295) [+295 ms] from MonitorPanel.qml:948 (onTriggered)
06:44:49.516 playback: playing true -> false at playhead 618 ms [+294 ms] from MonitorPanel.qml:1887 (onClicked)
06:44:49.516 monitor: playing -> false at 618
06:44:49.516 playback: session.stop decoder running, picture at 958 ms [+0 ms] from MonitorPanel.qml:1006 (onPlayingChanged) <- MonitorPanel.qml:1887 (onClicked)
06:44:53.198 playback: playing false -> true at playhead 958 ms [+3694 ms] from MonitorPanel.qml:536 (startPlayback) <- MonitorPanel.qml:1889 (onClicked)
06:44:53.198 monitor: playing -> true at 958
06:44:53.198 monitor: playback session at playhead 958 clip clip_1196eceecbdc
06:44:53.198 playback: session.start The Weakest Boy Enters Demon Slayer Academy With a God’s Power - manhwa recap.mp4 at source 958 ms, kind video [+0 ms] from MonitorPanel.qml:655 (startProcessPlayback) <- MonitorPanel.qml:978 (onPlayingChanged) <- MonitorPanel.qml:536 (startPlayback) <- MonitorPanel.qml:1889 (onClicked)
06:44:53.234 [mov,mp4,m4a,3gp,3g2,mj2 @ 0000020cebd26b40] st: 1 edit list: 1 Missing key frame while searching for timestamp: 0
06:44:53.234 [mov,mp4,m4a,3gp,3g2,mj2 @ 0000020cebd26b40] st: 1 edit list 1 Cannot find an index entry before timestamp: 0.
06:44:53.369 preview playback: first frame after 155 ms, at source 958 ms (requested 958 ms)
06:44:53.369 playback: frame at source 958 ms, advanced 0 ms of media in 3869 ms of wall clock
06:44:53.594 playback: playhead is 46 ms AHEAD of the picture (playhead 1004 ms, picture 958 ms)
06:44:53.739 playback: playhead.jump 1004 -> 1288 ms (+284) [+527 ms] from MonitorPanel.qml:948 (onTriggered)
06:44:54.048 playback: playhead.jump 1288 -> 1581 ms (+293) [+308 ms] from MonitorPanel.qml:948 (onTriggered)
06:44:54.454 playback: playhead.jump 1581 -> 2000 ms (+419) [+406 ms] from MonitorPanel.qml:948 (onTriggered)
06:44:54.602 playback: playhead is 42 ms AHEAD of the picture (playhead 2000 ms, picture 1958 ms)
06:44:54.768 playback: playhead.jump 2000 -> 2297 ms (+297) [+313 ms] from MonitorPanel.qml:948 (onTriggered)
06:44:55.044 playback: playhead.jump 2297 -> 2575 ms (+278) [+276 ms] from MonitorPanel.qml:948 (onTriggered)
06:44:55.384 playback: playhead.jump 2575 -> 2924 ms (+349) [+338 ms] from MonitorPanel.qml:948 (onTriggered)
06:44:55.687 playback: playhead.jump 2924 -> 3206 ms (+282) [+303 ms] from MonitorPanel.qml:948 (onTriggered)
06:44:55.821 playback: playhead is 40 ms AHEAD of the picture (playhead 3206 ms, picture 3166 ms)
06:44:55.984 playback: playhead.jump 3206 -> 3507 ms (+301) [+297 ms] from MonitorPanel.qml:948 (onTriggered)
06:44:56.281 playback: playhead.jump 3507 -> 3828 ms (+321) [+297 ms] from MonitorPanel.qml:948 (onTriggered)
06:44:56.667 playback: playhead.jump 3828 -> 4207 ms (+379) [+385 ms] from MonitorPanel.qml:948 (onTriggered)
06:44:56.964 playback: playhead.jump 4207 -> 4498 ms (+291) [+297 ms] from MonitorPanel.qml:948 (onTriggered)
06:44:57.120 playback: playhead is 40 ms AHEAD of the picture (playhead 4498 ms, picture 4458 ms)
06:44:57.272 playback: playhead.jump 4498 -> 4791 ms (+293) [+308 ms] from MonitorPanel.qml:948 (onTriggered)
06:44:57.593 playback: playhead.jump 4791 -> 5129 ms (+338) [+321 ms] from MonitorPanel.qml:948 (onTriggered)
06:44:57.882 playback: playhead.jump 5129 -> 5412 ms (+283) [+289 ms] from MonitorPanel.qml:948 (onTriggered)
06:44:58.160 playback: playhead is 37 ms AHEAD of the picture (playhead 5412 ms, picture 5375 ms)
06:44:58.213 GUI thread unresponsive for 445 ms, "stalled somewhere unmarked": "no marked scope"
06:44:58.357 playback: playhead.jump 5412 -> 5877 ms (+465) [+474 ms] from MonitorPanel.qml:948 (onTriggered)
06:44:58.703 playback: playhead.jump 5877 -> 6209 ms (+332) [+346 ms] from MonitorPanel.qml:948 (onTriggered)
06:44:59.105 playback: playhead.jump 6209 -> 6612 ms (+403) [+402 ms] from MonitorPanel.qml:948 (onTriggered)
06:44:59.314 playback: playhead is 71 ms AHEAD of the picture (playhead 6612 ms, picture 6541 ms)
06:44:59.334 GUI thread unresponsive for 420 ms, "stalled somewhere unmarked": "no marked scope"
06:44:59.519 playback: playhead.jump 6612 -> 6998 ms (+386) [+413 ms] from MonitorPanel.qml:948 (onTriggered)
06:44:59.775 GUI thread unresponsive for 415 ms, "stalled somewhere unmarked": "no marked scope"
06:45:00.469 playback: playhead.jump 6998 -> 7940 ms (+942) [+949 ms] from MonitorPanel.qml:948 (onTriggered)
06:45:00.650 GUI thread unresponsive for 421 ms, "stalled somewhere unmarked": "no marked scope"
06:45:00.984 playback: playhead is 107 ms AHEAD of the picture (playhead 7940 ms, picture 7833 ms)
06:45:01.237 playback: playhead.jump 7940 -> 8762 ms (+822) [+769 ms] from MonitorPanel.qml:948 (onTriggered)
06:45:01.450 playback: playhead is 54 ms AHEAD of the picture (playhead 8762 ms, picture 8708 ms)
06:45:01.632 playback: playhead.jump 8762 -> 9168 ms (+406) [+394 ms] from MonitorPanel.qml:948 (onTriggered)
06:45:01.963 GUI thread unresponsive for 422 ms, "stalled somewhere unmarked": "no marked scope"
06:45:02.206 playback: playhead.jump 9168 -> 9754 ms (+586) [+574 ms] from MonitorPanel.qml:948 (onTriggered)
06:45:02.507 playback: playhead.jump 9754 -> 10038 ms (+284) [+300 ms] from MonitorPanel.qml:948 (onTriggered)
06:45:02.649 playback: playhead is 38 ms AHEAD of the picture (playhead 10038 ms, picture 10000 ms)
06:45:02.849 playback: playhead.jump 10038 -> 10390 ms (+352) [+342 ms] from MonitorPanel.qml:948 (onTriggered)
06:45:03.258 playback: playhead.jump 10390 -> 10754 ms (+364) [+408 ms] from MonitorPanel.qml:948 (onTriggered)
06:45:03.525 GUI thread unresponsive for 411 ms, "stalled somewhere unmarked": "no marked scope"
06:45:03.818 playback: playhead.jump 10754 -> 11340 ms (+586) [+560 ms] from MonitorPanel.qml:948 (onTriggered)
06:45:04.035 playback: playhead is 49 ms AHEAD of the picture (playhead 11340 ms, picture 11291 ms)
06:45:04.242 playback: playhead.jump 11340 -> 11768 ms (+428) [+423 ms] from MonitorPanel.qml:948 (onTriggered)
06:45:04.631 playback: playhead.jump 11768 -> 12171 ms (+403) [+388 ms] from MonitorPanel.qml:948 (onTriggered)
06:45:04.964 playback: playhead.jump 12171 -> 12500 ms (+329) [+333 ms] from MonitorPanel.qml:948 (onTriggered)
06:45:05.109 playback: playhead is 42 ms AHEAD of the picture (playhead 12500 ms, picture 12458 ms)
06:45:05.273 playback: playhead.jump 12500 -> 12800 ms (+300) [+308 ms] from MonitorPanel.qml:948 (onTriggered)
06:45:05.703 playback: playhead.jump 12800 -> 13213 ms (+413) [+430 ms] from MonitorPanel.qml:948 (onTriggered)
06:45:06.033 playback: playhead.jump 13213 -> 13583 ms (+370) [+330 ms] from MonitorPanel.qml:948 (onTriggered)
06:45:06.180 playback: playhead is 42 ms AHEAD of the picture (playhead 13583 ms, picture 13541 ms)
06:45:06.342 playback: playhead.jump 13583 -> 13874 ms (+291) [+308 ms] from MonitorPanel.qml:948 (onTriggered)
06:45:06.631 playback: playhead.jump 13874 -> 14160 ms (+286) [+289 ms] from MonitorPanel.qml:948 (onTriggered)
06:45:06.956 playback: playhead.jump 14160 -> 14497 ms (+337) [+324 ms] from MonitorPanel.qml:948 (onTriggered)
06:45:07.289 playback: playhead.jump 14497 -> 14836 ms (+339) [+333 ms] from MonitorPanel.qml:948 (onTriggered)
06:45:07.431 playback: playhead is 45 ms AHEAD of the picture (playhead 14836 ms, picture 14791 ms)
06:45:07.604 playback: playhead.jump 14836 -> 15130 ms (+294) [+314 ms] from MonitorPanel.qml:948 (onTriggered)
06:45:07.900 GUI thread unresponsive for 425 ms, "stalled somewhere unmarked": "no marked scope"
06:45:08.058 playback: playhead.jump 15130 -> 15586 ms (+456) [+454 ms] from MonitorPanel.qml:948 (onTriggered)
06:45:08.397 playback: playhead.jump 15586 -> 15921 ms (+335) [+338 ms] from MonitorPanel.qml:948 (onTriggered)
06:45:08.564 playback: playhead is 46 ms AHEAD of the picture (playhead 15921 ms, picture 15875 ms)
06:45:08.735 playback: playhead.jump 15921 -> 16259 ms (+338) [+338 ms] from MonitorPanel.qml:948 (onTriggered)
06:45:09.090 playback: playhead.jump 16259 -> 16632 ms (+373) [+353 ms] from MonitorPanel.qml:948 (onTriggered)
06:45:09.522 playback: playhead.jump 16632 -> 17045 ms (+413) [+432 ms] from MonitorPanel.qml:948 (onTriggered)
06:45:09.671 playback: playhead is 45 ms AHEAD of the picture (playhead 17045 ms, picture 17000 ms)
06:45:09.854 playback: playhead.jump 17045 -> 17377 ms (+332) [+331 ms] from MonitorPanel.qml:948 (onTriggered)
06:45:10.313 playback: playhead.jump 17377 -> 17822 ms (+445) [+459 ms] from MonitorPanel.qml:948 (onTriggered)
06:45:10.466 playback: playhead is 114 ms AHEAD of the picture (playhead 17822 ms, picture 17708 ms)
06:45:10.591 playback: playhead.jump 17822 -> 18123 ms (+301) [+278 ms] from MonitorPanel.qml:948 (onTriggered)
06:45:10.742 playback: playhead is 40 ms AHEAD of the picture (playhead 18123 ms, picture 18083 ms)
06:45:10.880 playback: playhead.jump 18123 -> 18411 ms (+288) [+288 ms] from MonitorPanel.qml:948 (onTriggered)
06:45:11.323 playback: playhead.jump 18411 -> 18841 ms (+430) [+443 ms] from MonitorPanel.qml:948 (onTriggered)
06:45:11.600 playback: playhead.jump 18841 -> 19118 ms (+277) [+276 ms] from MonitorPanel.qml:948 (onTriggered)
06:45:11.767 playback: playhead is 35 ms AHEAD of the picture (playhead 19118 ms, picture 19083 ms)
06:45:11.897 playback: playhead.jump 19118 -> 19411 ms (+293) [+297 ms] from MonitorPanel.qml:948 (onTriggered)
06:45:12.270 playback: playhead.jump 19411 -> 19727 ms (+316) [+372 ms] from MonitorPanel.qml:948 (onTriggered)
06:45:12.524 GUI thread unresponsive for 424 ms, "stalled somewhere unmarked": "no marked scope"
06:45:12.702 playback: playhead.jump 19727 -> 20224 ms (+497) [+432 ms] from MonitorPanel.qml:948 (onTriggered)
06:45:12.923 playback: playhead is 58 ms AHEAD of the picture (playhead 20224 ms, picture 20166 ms)
06:45:13.106 playback: playhead.jump 20224 -> 20595 ms (+371) [+404 ms] from MonitorPanel.qml:948 (onTriggered)
06:45:13.400 GUI thread unresponsive for 433 ms, "stalled somewhere unmarked": "no marked scope"
06:45:13.587 playback: playhead.jump 20595 -> 21096 ms (+501) [+480 ms] from MonitorPanel.qml:948 (onTriggered)
06:45:13.893 playback: playhead.jump 21096 -> 21416 ms (+320) [+306 ms] from MonitorPanel.qml:948 (onTriggered)
06:45:14.046 playback: playhead is 41 ms AHEAD of the picture (playhead 21416 ms, picture 21375 ms)
06:45:14.184 playback: playhead.jump 21416 -> 21708 ms (+292) [+291 ms] from MonitorPanel.qml:948 (onTriggered)
06:45:14.479 playback: playhead.jump 21708 -> 22001 ms (+293) [+294 ms] from MonitorPanel.qml:948 (onTriggered)
06:45:14.762 playback: playhead.jump 22001 -> 22292 ms (+291) [+284 ms] from MonitorPanel.qml:948 (onTriggered)
06:45:15.058 playback: playhead.jump 22292 -> 22582 ms (+290) [+295 ms] from MonitorPanel.qml:948 (onTriggered)
06:45:15.321 playback: playhead is 41 ms AHEAD of the picture (playhead 22582 ms, picture 22541 ms)
06:45:15.450 playback: playhead.jump 22582 -> 22993 ms (+411) [+391 ms] from MonitorPanel.qml:948 (onTriggered)
06:45:15.718 playback: playhead.jump 22993 -> 23244 ms (+251) [+267 ms] from MonitorPanel.qml:948 (onTriggered)
06:45:16.001 playback: playhead.jump 23244 -> 23541 ms (+297) [+284 ms] from MonitorPanel.qml:948 (onTriggered)
06:45:16.292 playback: playhead.jump 23541 -> 23831 ms (+290) [+289 ms] from MonitorPanel.qml:948 (onTriggered)
06:45:16.447 playback: playhead is 40 ms AHEAD of the picture (playhead 23831 ms, picture 23791 ms)
06:45:16.592 playback: playhead.jump 23831 -> 24125 ms (+294) [+300 ms] from MonitorPanel.qml:948 (onTriggered)
06:45:16.888 playback: playhead.jump 24125 -> 24413 ms (+288) [+295 ms] from MonitorPanel.qml:948 (onTriggered)
06:45:17.294 playback: playhead.jump 24413 -> 24831 ms (+418) [+406 ms] from MonitorPanel.qml:948 (onTriggered)
06:45:17.470 playback: playhead is 40 ms AHEAD of the picture (playhead 24831 ms, picture 24791 ms)
06:45:17.655 playback: playhead.jump 24831 -> 25151 ms (+320) [+361 ms] from MonitorPanel.qml:948 (onTriggered)
06:45:17.937 playback: playhead.jump 25151 -> 25455 ms (+304) [+281 ms] from MonitorPanel.qml:948 (onTriggered)
06:45:18.242 playback: playhead.jump 25455 -> 25754 ms (+299) [+304 ms] from MonitorPanel.qml:948 (onTriggered)
06:45:18.506 playback: playhead.jump 25754 -> 26037 ms (+283) [+263 ms] from MonitorPanel.qml:948 (onTriggered)
06:45:18.650 playback: playhead is 37 ms AHEAD of the picture (playhead 26037 ms, picture 26000 ms)
06:45:18.770 playback: playhead.jump 26037 -> 26285 ms (+248) [+263 ms] from MonitorPanel.qml:948 (onTriggered)
06:45:19.087 GUI thread unresponsive for 401 ms, "stalled somewhere unmarked": "no marked scope"
06:45:19.214 playback: playhead.jump 26285 -> 26750 ms (+465) [+444 ms] from MonitorPanel.qml:948 (onTriggered)
06:45:19.617 playback: playhead.jump 26750 -> 27114 ms (+364) [+402 ms] from MonitorPanel.qml:948 (onTriggered)
06:45:19.763 playback: playhead is 73 ms AHEAD of the picture (playhead 27114 ms, picture 27041 ms)
06:45:19.894 playback: playhead.jump 27114 -> 27411 ms (+297) [+276 ms] from MonitorPanel.qml:948 (onTriggered)
06:45:20.235 playback: playhead.jump 27411 -> 27759 ms (+348) [+342 ms] from MonitorPanel.qml:948 (onTriggered)
06:45:20.526 GUI thread unresponsive for 419 ms, "stalled somewhere unmarked": "no marked scope"
06:45:20.646 playback: playhead.jump 27759 -> 28175 ms (+416) [+411 ms] from MonitorPanel.qml:948 (onTriggered)
06:45:20.917 playback: playhead is 50 ms AHEAD of the picture (playhead 28175 ms, picture 28125 ms)
06:45:20.962 GUI thread unresponsive for 432 ms, "stalled somewhere unmarked": "no marked scope"
06:45:21.125 playback: playhead.jump 28175 -> 28633 ms (+458) [+477 ms] from MonitorPanel.qml:948 (onTriggered)
06:45:21.458 playback: playhead.jump 28633 -> 29003 ms (+370) [+332 ms] from MonitorPanel.qml:948 (onTriggered)
06:45:21.781 playback: playhead.jump 29003 -> 29331 ms (+328) [+323 ms] from MonitorPanel.qml:948 (onTriggered)
06:45:21.956 playback: playhead is 40 ms AHEAD of the picture (playhead 29331 ms, picture 29291 ms)
06:45:22.115 playback: playhead.jump 29331 -> 29629 ms (+298) [+335 ms] from MonitorPanel.qml:948 (onTriggered)
06:45:22.429 playback: playhead.jump 29629 -> 29956 ms (+327) [+312 ms] from MonitorPanel.qml:948 (onTriggered)
06:45:22.821 playback: playhead.jump 29956 -> 30333 ms (+377) [+393 ms] from MonitorPanel.qml:948 (onTriggered)
06:45:23.091 playback: playhead is 42 ms AHEAD of the picture (playhead 30333 ms, picture 30291 ms)
06:45:23.223 playback: playhead.jump 30333 -> 30741 ms (+408) [+401 ms] from MonitorPanel.qml:948 (onTriggered)
06:45:23.526 playback: playhead.jump 30741 -> 31074 ms (+333) [+303 ms] from MonitorPanel.qml:948 (onTriggered)
06:45:23.910 playback: playhead.jump 31074 -> 31417 ms (+343) [+383 ms] from MonitorPanel.qml:948 (onTriggered)
06:45:24.093 playback: playhead is 42 ms AHEAD of the picture (playhead 31417 ms, picture 31375 ms)
06:45:24.283 playback: playhead.jump 31417 -> 31779 ms (+362) [+373 ms] from MonitorPanel.qml:948 (onTriggered)
06:45:24.627 playback: playhead.jump 31779 -> 32169 ms (+390) [+343 ms] from MonitorPanel.qml:948 (onTriggered)
06:45:25.032 playback: playhead.jump 32169 -> 32577 ms (+408) [+405 ms] from MonitorPanel.qml:948 (onTriggered)
06:45:25.200 playback: playhead is 36 ms AHEAD of the picture (playhead 32577 ms, picture 32541 ms)
06:45:25.347 playback: playhead.jump 32577 -> 32868 ms (+291) [+313 ms] from MonitorPanel.qml:948 (onTriggered)
06:45:25.730 playback: playhead.jump 32868 -> 33263 ms (+395) [+383 ms] from MonitorPanel.qml:948 (onTriggered)
06:45:25.960 GUI thread unresponsive for 411 ms, "stalled somewhere unmarked": "no marked scope"
06:45:26.031 playback: playhead is 97 ms AHEAD of the picture (playhead 33263 ms, picture 33166 ms)
06:45:26.249 playback: playhead.jump 33263 -> 33793 ms (+530) [+519 ms] from MonitorPanel.qml:948 (onTriggered)
06:45:26.493 playback: playhead is 43 ms AHEAD of the picture (playhead 33793 ms, picture 33750 ms)
06:45:26.669 playback: playhead.jump 33793 -> 34167 ms (+374) [+419 ms] from MonitorPanel.qml:948 (onTriggered)
06:45:26.974 playback: playhead.jump 34167 -> 34494 ms (+327) [+304 ms] from MonitorPanel.qml:948 (onTriggered)
06:45:27.264 playback: playhead.jump 34494 -> 34789 ms (+295) [+290 ms] from MonitorPanel.qml:948 (onTriggered)
06:45:27.540 playback: playhead.jump 34789 -> 35074 ms (+285) [+276 ms] from MonitorPanel.qml:948 (onTriggered)
06:45:27.693 playback: playhead is 33 ms AHEAD of the picture (playhead 35074 ms, picture 35041 ms)
06:45:27.814 playback: playhead.jump 35074 -> 35326 ms (+252) [+273 ms] from MonitorPanel.qml:948 (onTriggered)
06:45:28.190 playback: playhead.jump 35326 -> 35701 ms (+375) [+376 ms] from MonitorPanel.qml:948 (onTriggered)
06:45:28.495 playback: playhead.jump 35701 -> 36033 ms (+332) [+304 ms] from MonitorPanel.qml:948 (onTriggered)
06:45:28.779 playback: playhead.jump 36033 -> 36324 ms (+291) [+284 ms] from MonitorPanel.qml:948 (onTriggered)
06:45:28.929 playback: playhead is 33 ms AHEAD of the picture (playhead 36324 ms, picture 36291 ms)
06:45:29.059 playback: playhead.jump 36324 -> 36577 ms (+253) [+280 ms] from MonitorPanel.qml:948 (onTriggered)
06:45:29.330 playback: playhead.jump 36577 -> 36871 ms (+294) [+270 ms] from MonitorPanel.qml:948 (onTriggered)
06:45:29.626 playback: playhead.jump 36871 -> 37164 ms (+293) [+295 ms] from MonitorPanel.qml:948 (onTriggered)
06:45:30.032 playback: playhead.jump 37164 -> 37576 ms (+412) [+406 ms] from MonitorPanel.qml:948 (onTriggered)
06:45:30.168 playback: playhead is 35 ms AHEAD of the picture (playhead 37576 ms, picture 37541 ms)
06:45:30.308 playback: playhead.jump 37576 -> 37837 ms (+261) [+277 ms] from MonitorPanel.qml:948 (onTriggered)
06:45:30.572 playback: playhead.jump 37837 -> 38077 ms (+240) [+262 ms] from MonitorPanel.qml:948 (onTriggered)
06:45:30.988 playback: playhead.jump 38077 -> 38502 ms (+425) [+416 ms] from MonitorPanel.qml:948 (onTriggered)
06:45:31.248 playback: playhead is 44 ms AHEAD of the picture (playhead 38502 ms, picture 38458 ms)
06:45:31.275 GUI thread unresponsive for 401 ms, "stalled somewhere unmarked": "no marked scope"
06:45:31.426 playback: playhead.jump 38502 -> 38939 ms (+437) [+438 ms] from MonitorPanel.qml:948 (onTriggered)
06:45:31.710 GUI thread unresponsive for 418 ms, "stalled somewhere unmarked": "no marked scope"
06:45:31.834 playback: playhead.jump 38939 -> 39371 ms (+432) [+408 ms] from MonitorPanel.qml:948 (onTriggered)
06:45:32.189 playback: playhead.jump 39371 -> 39696 ms (+325) [+355 ms] from MonitorPanel.qml:948 (onTriggered)
06:45:32.360 playback: playhead is 71 ms AHEAD of the picture (playhead 39696 ms, picture 39625 ms)
06:45:32.512 playback: playhead.jump 39696 -> 40044 ms (+348) [+322 ms] from MonitorPanel.qml:948 (onTriggered)
06:45:32.814 playback: playhead.jump 40044 -> 40331 ms (+287) [+301 ms] from MonitorPanel.qml:948 (onTriggered)
06:45:33.097 playback: playhead.jump 40331 -> 40618 ms (+287) [+282 ms] from MonitorPanel.qml:948 (onTriggered)
06:45:33.360 playback: playhead is 35 ms AHEAD of the picture (playhead 40618 ms, picture 40583 ms)
06:45:33.488 playback: playhead.jump 40618 -> 41032 ms (+414) [+392 ms] from MonitorPanel.qml:948 (onTriggered)
06:45:33.793 playback: playhead.jump 41032 -> 41328 ms (+296) [+304 ms] from MonitorPanel.qml:948 (onTriggered)
06:45:34.078 playback: playhead.jump 41328 -> 41618 ms (+290) [+285 ms] from MonitorPanel.qml:948 (onTriggered)
06:45:34.400 playback: playhead.jump 41618 -> 41917 ms (+299) [+321 ms] from MonitorPanel.qml:948 (onTriggered)
06:45:34.630 playback: playhead is 42 ms AHEAD of the picture (playhead 41917 ms, picture 41875 ms)
06:45:34.838 playback: playhead.jump 41917 -> 42350 ms (+433) [+438 ms] from MonitorPanel.qml:948 (onTriggered)
06:45:35.087 GUI thread unresponsive for 403 ms, "stalled somewhere unmarked": "no marked scope"
06:45:35.568 playback: playhead.jump 42350 -> 43060 ms (+710) [+730 ms] from MonitorPanel.qml:948 (onTriggered)
06:45:35.742 playback: playhead is 60 ms AHEAD of the picture (playhead 43060 ms, picture 43000 ms)
06:45:35.880 playback: playhead.jump 43060 -> 43409 ms (+349) [+312 ms] from MonitorPanel.qml:948 (onTriggered)
06:45:36.189 playback: playhead.jump 43409 -> 43674 ms (+265) [+307 ms] from MonitorPanel.qml:948 (onTriggered)
06:45:36.462 playback: playhead.jump 43674 -> 43993 ms (+319) [+273 ms] from MonitorPanel.qml:948 (onTriggered)
06:45:36.866 playback: playhead.jump 43993 -> 44409 ms (+416) [+405 ms] from MonitorPanel.qml:948 (onTriggered)
06:45:37.000 playback: playhead is 34 ms AHEAD of the picture (playhead 44409 ms, picture 44375 ms)
06:45:37.130 playback: playhead.jump 44409 -> 44662 ms (+253) [+263 ms] from MonitorPanel.qml:948 (onTriggered)
06:45:37.420 playback: playhead.jump 44662 -> 44949 ms (+287) [+289 ms] from MonitorPanel.qml:948 (onTriggered)
06:45:37.680 playback: playhead.jump 44949 -> 45203 ms (+254) [+260 ms] from MonitorPanel.qml:948 (onTriggered)
06:45:37.953 playback: playhead.jump 45203 -> 45495 ms (+292) [+273 ms] from MonitorPanel.qml:948 (onTriggered)
06:45:38.274 GUI thread unresponsive for 408 ms, "stalled somewhere unmarked": "no marked scope"
06:45:38.300 playback: playhead is 37 ms AHEAD of the picture (playhead 45495 ms, picture 45458 ms)
06:45:38.427 playback: playhead.jump 45495 -> 45949 ms (+454) [+473 ms] from MonitorPanel.qml:948 (onTriggered)
06:45:38.709 playback: playhead.jump 45949 -> 46248 ms (+299) [+282 ms] from MonitorPanel.qml:948 (onTriggered)
06:45:38.989 playback: playhead.jump 46248 -> 46535 ms (+287) [+279 ms] from MonitorPanel.qml:948 (onTriggered)
06:45:39.271 playback: playhead.jump 46535 -> 46786 ms (+251) [+283 ms] from MonitorPanel.qml:948 (onTriggered)
06:45:39.414 playback: playhead is 36 ms AHEAD of the picture (playhead 46786 ms, picture 46750 ms)
06:45:39.539 playback: playhead.jump 46786 -> 47075 ms (+289) [+267 ms] from MonitorPanel.qml:948 (onTriggered)
06:45:39.937 playback: playhead.jump 47075 -> 47454 ms (+379) [+398 ms] from MonitorPanel.qml:948 (onTriggered)
06:45:40.221 playback: playhead.jump 47454 -> 47742 ms (+288) [+284 ms] from MonitorPanel.qml:948 (onTriggered)
06:45:40.506 playback: playhead.jump 47742 -> 48033 ms (+291) [+284 ms] from MonitorPanel.qml:948 (onTriggered)
06:45:40.649 playback: playhead is 33 ms AHEAD of the picture (playhead 48033 ms, picture 48000 ms)
06:45:40.782 playback: playhead.jump 48033 -> 48291 ms (+258) [+276 ms] from MonitorPanel.qml:948 (onTriggered)
06:45:41.045 playback: playhead.jump 48291 -> 48574 ms (+283) [+262 ms] from MonitorPanel.qml:948 (onTriggered)
06:45:41.314 playback: playhead.jump 48574 -> 48868 ms (+294) [+269 ms] from MonitorPanel.qml:948 (onTriggered)
06:45:41.704 playback: playhead.jump 48868 -> 49242 ms (+374) [+390 ms] from MonitorPanel.qml:948 (onTriggered)
06:45:41.849 playback: playhead is 34 ms AHEAD of the picture (playhead 49242 ms, picture 49208 ms)
06:45:41.979 playback: playhead.jump 49242 -> 49495 ms (+253) [+273 ms] from MonitorPanel.qml:948 (onTriggered)
06:45:42.253 playback: playhead.jump 49495 -> 49789 ms (+294) [+274 ms] from MonitorPanel.qml:948 (onTriggered)
06:45:42.531 playback: playhead.jump 49789 -> 50076 ms (+287) [+278 ms] from MonitorPanel.qml:948 (onTriggered)
06:45:42.789 playback: playhead.jump 50076 -> 50323 ms (+247) [+257 ms] from MonitorPanel.qml:948 (onTriggered)
06:45:43.034 playback: playhead is 32 ms AHEAD of the picture (playhead 50323 ms, picture 50291 ms)
06:45:43.159 playback: playhead.jump 50323 -> 50703 ms (+380) [+369 ms] from MonitorPanel.qml:948 (onTriggered)
06:45:43.412 playback: playhead.jump 50703 -> 50954 ms (+251) [+253 ms] from MonitorPanel.qml:948 (onTriggered)
06:45:43.682 playback: playhead.jump 50954 -> 51202 ms (+248) [+270 ms] from MonitorPanel.qml:948 (onTriggered)
06:45:43.949 playback: playhead.jump 51202 -> 51492 ms (+290) [+266 ms] from MonitorPanel.qml:948 (onTriggered)
06:45:44.108 playback: playhead is 34 ms AHEAD of the picture (playhead 51492 ms, picture 51458 ms)
06:45:44.238 playback: playhead.jump 51492 -> 51782 ms (+290) [+288 ms] from MonitorPanel.qml:948 (onTriggered)
06:45:44.525 playback: playhead.jump 51782 -> 52076 ms (+294) [+288 ms] from MonitorPanel.qml:948 (onTriggered)
06:45:44.944 playback: playhead.jump 52076 -> 52496 ms (+420) [+418 ms] from MonitorPanel.qml:948 (onTriggered)
06:45:45.226 playback: playhead.jump 52496 -> 52742 ms (+246) [+281 ms] from MonitorPanel.qml:948 (onTriggered)
06:45:45.370 playback: playhead is 34 ms AHEAD of the picture (playhead 52742 ms, picture 52708 ms)
06:45:45.492 playback: playhead.jump 52742 -> 53036 ms (+294) [+265 ms] from MonitorPanel.qml:948 (onTriggered)
06:45:45.772 playback: playhead.jump 53036 -> 53287 ms (+251) [+280 ms] from MonitorPanel.qml:948 (onTriggered)
06:45:46.037 playback: playhead.jump 53287 -> 53580 ms (+293) [+265 ms] from MonitorPanel.qml:948 (onTriggered)
06:45:46.328 playback: playhead.jump 53580 -> 53870 ms (+290) [+289 ms] from MonitorPanel.qml:948 (onTriggered)
06:45:46.599 playback: playhead is 37 ms AHEAD of the picture (playhead 53870 ms, picture 53833 ms)
06:45:46.648 GUI thread unresponsive for 407 ms, "stalled somewhere unmarked": "no marked scope"
06:45:46.759 playback: playhead.jump 53870 -> 54288 ms (+418) [+431 ms] from MonitorPanel.qml:948 (onTriggered)
06:45:47.044 playback: playhead.jump 54288 -> 54575 ms (+287) [+284 ms] from MonitorPanel.qml:948 (onTriggered)
06:45:47.331 playback: playhead.jump 54575 -> 54870 ms (+295) [+287 ms] from MonitorPanel.qml:948 (onTriggered)
06:45:47.604 playback: playhead.jump 54870 -> 55121 ms (+251) [+273 ms] from MonitorPanel.qml:948 (onTriggered)
06:45:47.761 playback: playhead is 38 ms AHEAD of the picture (playhead 55121 ms, picture 55083 ms)
06:45:47.939 playback: playhead.jump 55121 -> 55440 ms (+319) [+335 ms] from MonitorPanel.qml:948 (onTriggered)
06:45:48.387 playback: playhead.jump 55440 -> 55891 ms (+451) [+447 ms] from MonitorPanel.qml:948 (onTriggered)
06:45:48.649 GUI thread unresponsive for 405 ms, "stalled somewhere unmarked": "no marked scope"
06:45:48.874 playback: playhead.jump 55891 -> 56380 ms (+489) [+486 ms] from MonitorPanel.qml:948 (onTriggered)
06:45:49.031 playback: playhead is 47 ms AHEAD of the picture (playhead 56380 ms, picture 56333 ms)
06:45:49.170 playback: playhead.jump 56380 -> 56709 ms (+329) [+296 ms] from MonitorPanel.qml:948 (onTriggered)
06:45:49.478 playback: playhead.jump 56709 -> 57002 ms (+293) [+308 ms] from MonitorPanel.qml:948 (onTriggered)
06:45:49.772 playback: playhead.jump 57002 -> 57285 ms (+283) [+294 ms] from MonitorPanel.qml:948 (onTriggered)
06:45:50.060 playback: playhead.jump 57285 -> 57579 ms (+294) [+289 ms] from MonitorPanel.qml:948 (onTriggered)
06:45:50.312 playback: playhead is 38 ms AHEAD of the picture (playhead 57579 ms, picture 57541 ms)
06:45:50.445 playback: playhead.jump 57579 -> 57956 ms (+377) [+383 ms] from MonitorPanel.qml:948 (onTriggered)
06:45:50.715 playback: playhead.jump 57956 -> 58243 ms (+287) [+270 ms] from MonitorPanel.qml:948 (onTriggered)
06:45:51.013 playback: playhead.jump 58243 -> 58551 ms (+308) [+297 ms] from MonitorPanel.qml:948 (onTriggered)
06:45:51.302 playback: playhead.jump 58551 -> 58837 ms (+286) [+289 ms] from MonitorPanel.qml:948 (onTriggered)
06:45:51.445 playback: playhead is 46 ms AHEAD of the picture (playhead 58837 ms, picture 58791 ms)
06:45:51.570 playback: playhead.jump 58837 -> 59120 ms (+283) [+268 ms] from MonitorPanel.qml:948 (onTriggered)
06:45:51.948 playback: playhead.jump 59120 -> 59493 ms (+373) [+377 ms] from MonitorPanel.qml:948 (onTriggered)
06:45:52.231 playback: playhead.jump 59493 -> 59744 ms (+251) [+283 ms] from MonitorPanel.qml:948 (onTriggered)
06:45:52.522 playback: playhead.jump 59744 -> 60038 ms (+294) [+290 ms] from MonitorPanel.qml:948 (onTriggered)
06:45:52.668 playback: playhead is 38 ms AHEAD of the picture (playhead 60038 ms, picture 60000 ms)
06:45:52.802 playback: playhead.jump 60038 -> 60329 ms (+291) [+279 ms] from MonitorPanel.qml:948 (onTriggered)
06:45:53.072 playback: playhead.jump 60329 -> 60618 ms (+289) [+269 ms] from MonitorPanel.qml:948 (onTriggered)
06:45:53.331 playback: playhead.jump 60618 -> 60867 ms (+249) [+258 ms] from MonitorPanel.qml:948 (onTriggered)
06:45:53.745 playback: playhead.jump 60867 -> 61289 ms (+422) [+415 ms] from MonitorPanel.qml:948 (onTriggered)
06:45:53.887 playback: playhead is 39 ms AHEAD of the picture (playhead 61289 ms, picture 61250 ms)
06:45:54.009 playback: playhead.jump 61289 -> 61538 ms (+249) [+262 ms] from MonitorPanel.qml:948 (onTriggered)
06:45:54.275 playback: playhead.jump 61538 -> 61825 ms (+287) [+266 ms] from MonitorPanel.qml:948 (onTriggered)
06:45:54.559 playback: playhead.jump 61825 -> 62075 ms (+250) [+284 ms] from MonitorPanel.qml:948 (onTriggered)
06:45:54.866 playback: playhead.jump 62075 -> 62410 ms (+335) [+306 ms] from MonitorPanel.qml:948 (onTriggered)
06:45:55.036 playback: playhead is 35 ms AHEAD of the picture (playhead 62410 ms, picture 62375 ms)
06:45:55.199 playback: playhead.jump 62410 -> 62729 ms (+319) [+332 ms] from MonitorPanel.qml:948 (onTriggered)
06:45:55.563 playback: playhead.jump 62729 -> 63120 ms (+391) [+363 ms] from MonitorPanel.qml:948 (onTriggered)
06:45:55.908 playback: playhead.jump 63120 -> 63445 ms (+325) [+345 ms] from MonitorPanel.qml:948 (onTriggered)
06:45:56.054 playback: playhead is 70 ms AHEAD of the picture (playhead 63445 ms, picture 63375 ms)
06:45:56.207 playback: playhead.jump 63445 -> 63757 ms (+312) [+298 ms] from MonitorPanel.qml:948 (onTriggered)
06:45:56.515 playback: playhead.jump 63757 -> 64037 ms (+280) [+307 ms] from MonitorPanel.qml:948 (onTriggered)
06:45:56.857 playback: playhead.jump 64037 -> 64377 ms (+340) [+342 ms] from MonitorPanel.qml:948 (onTriggered)
06:45:57.102 playback: playhead is 44 ms AHEAD of the picture (playhead 64377 ms, picture 64333 ms)
06:45:57.230 playback: playhead.jump 64377 -> 64745 ms (+368) [+373 ms] from MonitorPanel.qml:948 (onTriggered)
06:45:57.502 playback: playhead.jump 64745 -> 65035 ms (+290) [+272 ms] from MonitorPanel.qml:948 (onTriggered)
06:45:57.777 playback: playhead.jump 65035 -> 65326 ms (+291) [+275 ms] from MonitorPanel.qml:948 (onTriggered)
06:45:58.029 playback: playhead.jump 65326 -> 65573 ms (+247) [+250 ms] from MonitorPanel.qml:948 (onTriggered)
06:45:58.180 playback: playhead is 32 ms AHEAD of the picture (playhead 65573 ms, picture 65541 ms)
06:45:58.310 playback: playhead.jump 65573 -> 65827 ms (+254) [+280 ms] from MonitorPanel.qml:948 (onTriggered)
06:45:58.712 playback: playhead.jump 65827 -> 66243 ms (+416) [+401 ms] from MonitorPanel.qml:948 (onTriggered)
06:45:58.996 playback: playhead.jump 66243 -> 66536 ms (+293) [+284 ms] from MonitorPanel.qml:948 (onTriggered)
06:45:59.288 playback: playhead.jump 66536 -> 66795 ms (+259) [+291 ms] from MonitorPanel.qml:948 (onTriggered)
06:45:59.439 playback: playhead is 45 ms AHEAD of the picture (playhead 66795 ms, picture 66750 ms)
06:45:59.558 playback: playhead.jump 66795 -> 67076 ms (+281) [+270 ms] from MonitorPanel.qml:948 (onTriggered)
06:45:59.845 playback: playhead.jump 67076 -> 67370 ms (+294) [+287 ms] from MonitorPanel.qml:948 (onTriggered)
06:46:00.124 playback: playhead.jump 67370 -> 67661 ms (+291) [+278 ms] from MonitorPanel.qml:948 (onTriggered)
06:46:00.509 playback: playhead.jump 67661 -> 68036 ms (+375) [+385 ms] from MonitorPanel.qml:948 (onTriggered)
06:46:00.666 playback: playhead is 36 ms AHEAD of the picture (playhead 68036 ms, picture 68000 ms)
06:46:00.786 playback: playhead.jump 68036 -> 68327 ms (+291) [+277 ms] from MonitorPanel.qml:948 (onTriggered)
06:46:01.151 playback: playhead.jump 68327 -> 68660 ms (+333) [+364 ms] from MonitorPanel.qml:948 (onTriggered)
06:46:01.311 playback: playhead is 77 ms AHEAD of the picture (playhead 68660 ms, picture 68583 ms)
06:46:01.475 playback: playhead.jump 68660 -> 68951 ms (+291) [+323 ms] from MonitorPanel.qml:948 (onTriggered)
06:46:01.772 GUI thread unresponsive for 425 ms, "stalled somewhere unmarked": "no marked scope"
06:46:01.893 playback: playhead is 35 ms AHEAD of the picture (playhead 68951 ms, picture 68916 ms)
06:46:02.067 playback: playhead.jump 68951 -> 69592 ms (+641) [+592 ms] from MonitorPanel.qml:948 (onTriggered)
06:46:02.498 playback: playhead.jump 69592 -> 70010 ms (+418) [+430 ms] from MonitorPanel.qml:948 (onTriggered)
06:46:02.678 playback: playhead is 94 ms AHEAD of the picture (playhead 70010 ms, picture 69916 ms)
06:46:02.803 playback: playhead.jump 70010 -> 70325 ms (+315) [+305 ms] from MonitorPanel.qml:948 (onTriggered)
06:46:02.942 playback: playhead is 34 ms AHEAD of the picture (playhead 70325 ms, picture 70291 ms)
06:46:03.065 playback: playhead.jump 70325 -> 70575 ms (+250) [+261 ms] from MonitorPanel.qml:948 (onTriggered)
06:46:03.347 playback: playhead.jump 70575 -> 70869 ms (+294) [+283 ms] from MonitorPanel.qml:948 (onTriggered)
06:46:03.741 playback: playhead.jump 70869 -> 71288 ms (+419) [+393 ms] from MonitorPanel.qml:948 (onTriggered)
06:46:04.009 playback: playhead.jump 71288 -> 71536 ms (+248) [+266 ms] from MonitorPanel.qml:948 (onTriggered)
06:46:04.153 playback: playhead is 36 ms AHEAD of the picture (playhead 71536 ms, picture 71500 ms)
06:46:04.280 playback: playhead.jump 71536 -> 71826 ms (+290) [+271 ms] from MonitorPanel.qml:948 (onTriggered)
06:46:04.544 playback: playhead.jump 71826 -> 72076 ms (+250) [+264 ms] from MonitorPanel.qml:948 (onTriggered)
06:46:04.830 playback: playhead.jump 72076 -> 72367 ms (+291) [+286 ms] from MonitorPanel.qml:948 (onTriggered)
06:46:05.097 playback: playhead.jump 72367 -> 72618 ms (+251) [+266 ms] from MonitorPanel.qml:948 (onTriggered)
06:46:05.333 playback: playhead is 35 ms AHEAD of the picture (playhead 72618 ms, picture 72583 ms)
06:46:05.455 playback: playhead.jump 72618 -> 72991 ms (+373) [+357 ms] from MonitorPanel.qml:948 (onTriggered)
06:46:05.757 playback: playhead.jump 72991 -> 73284 ms (+293) [+302 ms] from MonitorPanel.qml:948 (onTriggered)
06:46:06.048 playback: playhead.jump 73284 -> 73576 ms (+292) [+291 ms] from MonitorPanel.qml:948 (onTriggered)
06:46:06.415 playback: playhead.jump 73576 -> 73900 ms (+324) [+365 ms] from MonitorPanel.qml:948 (onTriggered)
06:46:06.641 playback: playhead is 67 ms AHEAD of the picture (playhead 73900 ms, picture 73833 ms)
06:46:06.853 playback: playhead.jump 73900 -> 74364 ms (+464) [+439 ms] from MonitorPanel.qml:948 (onTriggered)
06:46:07.151 GUI thread unresponsive for 445 ms, "stalled somewhere unmarked": "no marked scope"
06:46:07.265 playback: playhead.jump 74364 -> 74788 ms (+424) [+411 ms] from MonitorPanel.qml:948 (onTriggered)
06:46:07.596 playback: playhead.jump 74788 -> 75130 ms (+342) [+330 ms] from MonitorPanel.qml:948 (onTriggered)
06:46:07.750 playback: playhead is 47 ms AHEAD of the picture (playhead 75130 ms, picture 75083 ms)
06:46:07.896 playback: playhead.jump 75130 -> 75414 ms (+284) [+299 ms] from MonitorPanel.qml:948 (onTriggered)
06:46:08.178 playback: playhead.jump 75414 -> 75707 ms (+293) [+282 ms] from MonitorPanel.qml:948 (onTriggered)
06:46:08.462 playback: playhead.jump 75707 -> 75991 ms (+284) [+284 ms] from MonitorPanel.qml:948 (onTriggered)
06:46:08.841 playback: playhead.jump 75991 -> 76370 ms (+379) [+377 ms] from MonitorPanel.qml:948 (onTriggered)
06:46:08.979 playback: playhead is 37 ms AHEAD of the picture (playhead 76370 ms, picture 76333 ms)
06:46:09.095 playback: playhead.jump 76370 -> 76617 ms (+247) [+254 ms] from MonitorPanel.qml:948 (onTriggered)
06:46:09.370 playback: playhead.jump 76617 -> 76908 ms (+291) [+275 ms] from MonitorPanel.qml:948 (onTriggered)
06:46:09.635 playback: playhead.jump 76908 -> 77161 ms (+253) [+264 ms] from MonitorPanel.qml:948 (onTriggered)
06:46:09.927 playback: playhead.jump 77161 -> 77452 ms (+291) [+292 ms] from MonitorPanel.qml:948 (onTriggered)
06:46:10.074 playback: playhead is 36 ms AHEAD of the picture (playhead 77452 ms, picture 77416 ms)
06:46:10.204 playback: playhead.jump 77452 -> 77741 ms (+289) [+275 ms] from MonitorPanel.qml:948 (onTriggered)
06:46:10.591 playback: playhead.jump 77741 -> 78123 ms (+382) [+387 ms] from MonitorPanel.qml:948 (onTriggered)
06:46:10.861 playback: playhead.jump 78123 -> 78411 ms (+288) [+270 ms] from MonitorPanel.qml:948 (onTriggered)
06:46:11.132 playback: playhead.jump 78411 -> 78660 ms (+249) [+270 ms] from MonitorPanel.qml:948 (onTriggered)
06:46:11.290 playback: playhead is 35 ms AHEAD of the picture (playhead 78660 ms, picture 78625 ms)
06:46:11.409 playback: playhead.jump 78660 -> 78952 ms (+292) [+277 ms] from MonitorPanel.qml:948 (onTriggered)
06:46:11.685 playback: playhead.jump 78952 -> 79200 ms (+248) [+275 ms] from MonitorPanel.qml:948 (onTriggered)
06:46:12.069 playback: playhead.jump 79200 -> 79618 ms (+418) [+383 ms] from MonitorPanel.qml:948 (onTriggered)
06:46:12.350 playback: playhead.jump 79618 -> 79876 ms (+258) [+281 ms] from MonitorPanel.qml:948 (onTriggered)
06:46:12.505 playback: playhead is 43 ms AHEAD of the picture (playhead 79876 ms, picture 79833 ms)
06:46:12.632 playback: playhead.jump 79876 -> 80164 ms (+288) [+282 ms] from MonitorPanel.qml:948 (onTriggered)
06:46:12.907 playback: playhead.jump 80164 -> 80453 ms (+289) [+275 ms] from MonitorPanel.qml:948 (onTriggered)
06:46:13.186 playback: playhead.jump 80453 -> 80702 ms (+249) [+278 ms] from MonitorPanel.qml:948 (onTriggered)
06:46:13.469 playback: playhead.jump 80702 -> 80997 ms (+295) [+282 ms] from MonitorPanel.qml:948 (onTriggered)
06:46:13.722 playback: playhead is 39 ms AHEAD of the picture (playhead 80997 ms, picture 80958 ms)
06:46:13.852 playback: playhead.jump 80997 -> 81368 ms (+371) [+382 ms] from MonitorPanel.qml:948 (onTriggered)
06:46:14.116 playback: playhead.jump 81368 -> 81659 ms (+291) [+265 ms] from MonitorPanel.qml:948 (onTriggered)
06:46:14.399 playback: playhead.jump 81659 -> 81916 ms (+257) [+282 ms] from MonitorPanel.qml:948 (onTriggered)
06:46:14.692 playback: playhead.jump 81916 -> 82243 ms (+327) [+292 ms] from MonitorPanel.qml:948 (onTriggered)
06:46:14.826 playback: playhead is 35 ms AHEAD of the picture (playhead 82243 ms, picture 82208 ms)
06:46:14.942 playback: playhead.jump 82243 -> 82494 ms (+251) [+250 ms] from MonitorPanel.qml:948 (onTriggered)
06:46:15.280 playback: playhead.jump 82494 -> 82818 ms (+324) [+337 ms] from MonitorPanel.qml:948 (onTriggered)
06:46:15.602 playback: playhead.jump 82818 -> 83121 ms (+303) [+321 ms] from MonitorPanel.qml:948 (onTriggered)
06:46:15.869 playback: playhead is 38 ms AHEAD of the picture (playhead 83121 ms, picture 83083 ms)
06:46:16.000 playback: playhead.jump 83121 -> 83541 ms (+420) [+397 ms] from MonitorPanel.qml:948 (onTriggered)
06:46:16.288 playback: playhead.jump 83541 -> 83828 ms (+287) [+288 ms] from MonitorPanel.qml:948 (onTriggered)
06:46:16.548 playback: playhead.jump 83828 -> 84079 ms (+251) [+259 ms] from MonitorPanel.qml:948 (onTriggered)
06:46:16.797 playback: playhead.jump 84079 -> 84324 ms (+245) [+249 ms] from MonitorPanel.qml:948 (onTriggered)
06:46:16.948 playback: playhead is 33 ms AHEAD of the picture (playhead 84324 ms, picture 84291 ms)
06:46:17.084 playback: playhead.jump 84324 -> 84618 ms (+294) [+286 ms] from MonitorPanel.qml:948 (onTriggered)
06:46:17.478 playback: playhead.jump 84618 -> 84994 ms (+376) [+394 ms] from MonitorPanel.qml:948 (onTriggered)
06:46:17.759 playback: playhead.jump 84994 -> 85284 ms (+290) [+281 ms] from MonitorPanel.qml:948 (onTriggered)
06:46:18.036 playback: playhead.jump 85284 -> 85578 ms (+294) [+277 ms] from MonitorPanel.qml:948 (onTriggered)
06:46:18.179 playback: playhead is 37 ms AHEAD of the picture (playhead 85578 ms, picture 85541 ms)
06:46:18.305 playback: playhead.jump 85578 -> 85827 ms (+249) [+269 ms] from MonitorPanel.qml:948 (onTriggered)
06:46:18.579 playback: playhead.jump 85827 -> 86121 ms (+294) [+273 ms] from MonitorPanel.qml:948 (onTriggered)
06:46:18.962 playback: playhead.jump 86121 -> 86494 ms (+373) [+383 ms] from MonitorPanel.qml:948 (onTriggered)
06:46:19.338 playback: playhead.jump 86494 -> 86789 ms (+295) [+376 ms] from MonitorPanel.qml:948 (onTriggered)
06:46:19.528 playback: playhead is 39 ms AHEAD of the picture (playhead 86789 ms, picture 86750 ms)
06:46:19.661 playback: playhead.jump 86789 -> 87205 ms (+416) [+323 ms] from MonitorPanel.qml:948 (onTriggered)
06:46:19.938 playback: playhead.jump 87205 -> 87452 ms (+247) [+276 ms] from MonitorPanel.qml:948 (onTriggered)
06:46:20.208 playback: playhead.jump 87452 -> 87745 ms (+293) [+270 ms] from MonitorPanel.qml:948 (onTriggered)
06:46:20.595 playback: playhead.jump 87745 -> 88127 ms (+382) [+387 ms] from MonitorPanel.qml:948 (onTriggered)
06:46:20.755 playback: playhead is 44 ms AHEAD of the picture (playhead 88127 ms, picture 88083 ms)
06:46:20.892 playback: playhead.jump 88127 -> 88411 ms (+284) [+297 ms] from MonitorPanel.qml:948 (onTriggered)
06:46:21.180 playback: playhead.jump 88411 -> 88709 ms (+298) [+287 ms] from MonitorPanel.qml:948 (onTriggered)
06:46:21.476 playback: playhead.jump 88709 -> 89004 ms (+295) [+296 ms] from MonitorPanel.qml:948 (onTriggered)
06:46:21.754 playback: playhead.jump 89004 -> 89301 ms (+297) [+277 ms] from MonitorPanel.qml:948 (onTriggered)
06:46:22.005 playback: playhead is 51 ms AHEAD of the picture (playhead 89301 ms, picture 89250 ms)
06:46:22.144 playback: playhead.jump 89301 -> 89665 ms (+364) [+389 ms] from MonitorPanel.qml:948 (onTriggered)
06:46:22.455 playback: playhead.jump 89665 -> 90001 ms (+336) [+311 ms] from MonitorPanel.qml:948 (onTriggered)
06:46:22.751 playback: playhead.jump 90001 -> 90289 ms (+288) [+295 ms] from MonitorPanel.qml:948 (onTriggered)
06:46:23.022 playback: playhead.jump 90289 -> 90575 ms (+286) [+270 ms] from MonitorPanel.qml:948 (onTriggered)
06:46:23.162 playback: playhead is 34 ms AHEAD of the picture (playhead 90575 ms, picture 90541 ms)
06:46:23.276 playback: playhead.jump 90575 -> 90824 ms (+249) [+253 ms] from MonitorPanel.qml:948 (onTriggered)
06:46:23.646 playback: playhead.jump 90824 -> 91158 ms (+334) [+371 ms] from MonitorPanel.qml:948 (onTriggered)
06:46:23.915 playback: playhead.jump 91158 -> 91449 ms (+291) [+268 ms] from MonitorPanel.qml:948 (onTriggered)
06:46:24.199 playback: playhead.jump 91449 -> 91745 ms (+296) [+284 ms] from MonitorPanel.qml:948 (onTriggered)
06:46:24.342 playback: playhead is 37 ms AHEAD of the picture (playhead 91745 ms, picture 91708 ms)
06:46:24.475 playback: playhead.jump 91745 -> 91995 ms (+250) [+275 ms] from MonitorPanel.qml:948 (onTriggered)
06:46:24.765 playback: playhead.jump 91995 -> 92286 ms (+291) [+290 ms] from MonitorPanel.qml:948 (onTriggered)
06:46:25.115 playback: playhead.jump 92286 -> 92628 ms (+342) [+349 ms] from MonitorPanel.qml:948 (onTriggered)
06:46:25.362 playback: playhead is 87 ms AHEAD of the picture (playhead 92628 ms, picture 92541 ms)
06:46:25.399 GUI thread unresponsive for 458 ms, "stalled somewhere unmarked": "no marked scope"
06:46:25.557 playback: playhead.jump 92628 -> 93055 ms (+427) [+441 ms] from MonitorPanel.qml:948 (onTriggered)
06:46:25.864 playback: playhead.jump 93055 -> 93414 ms (+359) [+307 ms] from MonitorPanel.qml:948 (onTriggered)
06:46:26.007 playback: playhead is 39 ms AHEAD of the picture (playhead 93414 ms, picture 93375 ms)
06:46:26.156 playback: playhead.jump 93414 -> 93704 ms (+290) [+292 ms] from MonitorPanel.qml:948 (onTriggered)
06:46:26.443 playback: playhead.jump 93704 -> 93960 ms (+256) [+287 ms] from MonitorPanel.qml:948 (onTriggered)
06:46:26.737 playback: playhead.jump 93960 -> 94284 ms (+324) [+293 ms] from MonitorPanel.qml:948 (onTriggered)
06:46:27.119 playback: playhead.jump 94284 -> 94659 ms (+375) [+381 ms] from MonitorPanel.qml:948 (onTriggered)
06:46:27.257 playback: playhead is 34 ms AHEAD of the picture (playhead 94659 ms, picture 94625 ms)
06:46:27.380 playback: playhead.jump 94659 -> 94911 ms (+252) [+261 ms] from MonitorPanel.qml:948 (onTriggered)
06:46:27.693 playback: playhead.jump 94911 -> 95206 ms (+295) [+312 ms] from MonitorPanel.qml:948 (onTriggered)
06:46:27.972 playback: playhead.jump 95206 -> 95491 ms (+285) [+279 ms] from MonitorPanel.qml:948 (onTriggered)
06:46:28.257 playback: playhead.jump 95491 -> 95785 ms (+294) [+285 ms] from MonitorPanel.qml:948 (onTriggered)
06:46:28.412 playback: playhead is 35 ms AHEAD of the picture (playhead 95785 ms, picture 95750 ms)
06:46:28.527 playback: playhead.jump 95785 -> 96074 ms (+289) [+270 ms] from MonitorPanel.qml:948 (onTriggered)
06:46:28.822 playback: playhead.jump 96074 -> 96366 ms (+292) [+294 ms] from MonitorPanel.qml:948 (onTriggered)
06:46:29.150 GUI thread unresponsive for 412 ms, "stalled somewhere unmarked": "no marked scope"
06:46:29.370 playback: playhead.jump 96366 -> 96921 ms (+555) [+548 ms] from MonitorPanel.qml:948 (onTriggered)
06:46:29.545 playback: playhead is 46 ms AHEAD of the picture (playhead 96921 ms, picture 96875 ms)
06:46:29.677 playback: playhead.jump 96921 -> 97202 ms (+281) [+306 ms] from MonitorPanel.qml:948 (onTriggered)
06:46:29.978 playback: playhead.jump 97202 -> 97493 ms (+291) [+302 ms] from MonitorPanel.qml:948 (onTriggered)
06:46:30.326 playback: playhead.jump 97493 -> 97826 ms (+333) [+348 ms] from MonitorPanel.qml:948 (onTriggered)
06:46:30.628 playback: playhead.jump 97826 -> 98168 ms (+342) [+301 ms] from MonitorPanel.qml:948 (onTriggered)
06:46:30.800 playback: playhead is 43 ms AHEAD of the picture (playhead 98168 ms, picture 98125 ms)
06:46:30.948 playback: playhead.jump 98168 -> 98462 ms (+294) [+320 ms] from MonitorPanel.qml:948 (onTriggered)
06:46:31.345 playback: playhead.jump 98462 -> 98870 ms (+408) [+396 ms] from MonitorPanel.qml:948 (onTriggered)
06:46:31.650 playback: playhead.jump 98870 -> 99167 ms (+297) [+304 ms] from MonitorPanel.qml:948 (onTriggered)
06:46:31.906 playback: playhead.jump 99167 -> 99450 ms (+283) [+255 ms] from MonitorPanel.qml:948 (onTriggered)
06:46:32.107 playback: playhead is 34 ms AHEAD of the picture (playhead 99450 ms, picture 99416 ms)
06:46:32.314 playback: playhead.jump 99450 -> 99839 ms (+389) [+408 ms] from MonitorPanel.qml:948 (onTriggered)
06:46:32.672 playback: playhead.jump 99839 -> 100170 ms (+331) [+358 ms] from MonitorPanel.qml:948 (onTriggered)
06:46:32.961 GUI thread unresponsive for 411 ms, "stalled somewhere unmarked": "no marked scope"
06:46:33.245 playback: playhead.jump 100170 -> 100765 ms (+595) [+572 ms] from MonitorPanel.qml:948 (onTriggered)
06:46:33.437 playback: playhead is 57 ms AHEAD of the picture (playhead 100765 ms, picture 100708 ms)
06:46:33.569 playback: playhead.jump 100765 -> 101082 ms (+317) [+325 ms] from MonitorPanel.qml:948 (onTriggered)
06:46:33.850 playback: playhead.jump 101082 -> 101369 ms (+287) [+280 ms] from MonitorPanel.qml:948 (onTriggered)
06:46:34.146 playback: playhead.jump 101369 -> 101658 ms (+289) [+295 ms] from MonitorPanel.qml:948 (onTriggered)
06:46:34.411 playback: playhead.jump 101658 -> 101951 ms (+293) [+265 ms] from MonitorPanel.qml:948 (onTriggered)
06:46:34.679 playback: playhead is 35 ms AHEAD of the picture (playhead 101951 ms, picture 101916 ms)
06:46:34.811 playback: playhead.jump 101951 -> 102326 ms (+375) [+399 ms] from MonitorPanel.qml:948 (onTriggered)
06:46:35.082 playback: playhead.jump 102326 -> 102619 ms (+293) [+270 ms] from MonitorPanel.qml:948 (onTriggered)
06:46:35.346 playback: playhead.jump 102619 -> 102867 ms (+248) [+265 ms] from MonitorPanel.qml:948 (onTriggered)
06:46:35.639 playback: playhead.jump 102867 -> 103166 ms (+299) [+292 ms] from MonitorPanel.qml:948 (onTriggered)
06:46:35.805 playback: playhead is 41 ms AHEAD of the picture (playhead 103166 ms, picture 103125 ms)
06:46:35.935 playback: playhead.jump 103166 -> 103454 ms (+288) [+295 ms] from MonitorPanel.qml:948 (onTriggered)
06:46:36.205 playback: playhead.jump 103454 -> 103747 ms (+293) [+270 ms] from MonitorPanel.qml:948 (onTriggered)
06:46:36.485 playback: playhead.jump 103747 -> 104035 ms (+288) [+279 ms] from MonitorPanel.qml:948 (onTriggered)
06:46:36.887 playback: playhead.jump 104035 -> 104412 ms (+377) [+402 ms] from MonitorPanel.qml:948 (onTriggered)
06:46:37.040 playback: playhead is 37 ms AHEAD of the picture (playhead 104412 ms, picture 104375 ms)
06:46:37.246 playback: playhead.jump 104412 -> 104748 ms (+336) [+357 ms] from MonitorPanel.qml:948 (onTriggered)
06:46:37.469 playback: playhead is 82 ms AHEAD of the picture (playhead 104748 ms, picture 104666 ms)
06:46:37.651 playback: playhead.jump 104748 -> 105171 ms (+423) [+406 ms] from MonitorPanel.qml:948 (onTriggered)
06:46:37.955 playback: playhead.jump 105171 -> 105494 ms (+323) [+303 ms] from MonitorPanel.qml:948 (onTriggered)
06:46:38.126 playback: playhead is 36 ms AHEAD of the picture (playhead 105494 ms, picture 105458 ms)
06:46:38.274 playback: playhead.jump 105494 -> 105788 ms (+294) [+320 ms] from MonitorPanel.qml:948 (onTriggered)
06:46:38.586 GUI thread unresponsive for 417 ms, "stalled somewhere unmarked": "no marked scope"
06:46:38.692 playback: playhead.jump 105788 -> 106242 ms (+454) [+417 ms] from MonitorPanel.qml:948 (onTriggered)
06:46:38.955 playback: playhead.jump 106242 -> 106494 ms (+252) [+262 ms] from MonitorPanel.qml:948 (onTriggered)
06:46:39.230 playback: playhead.jump 106494 -> 106744 ms (+250) [+275 ms] from MonitorPanel.qml:948 (onTriggered)
06:46:39.366 playback: playhead is 36 ms AHEAD of the picture (playhead 106744 ms, picture 106708 ms)
06:46:39.488 playback: playhead.jump 106744 -> 107037 ms (+293) [+257 ms] from MonitorPanel.qml:948 (onTriggered)
06:46:39.754 playback: playhead.jump 107037 -> 107287 ms (+250) [+266 ms] from MonitorPanel.qml:948 (onTriggered)
06:46:40.003 playback: playhead.jump 107287 -> 107534 ms (+247) [+249 ms] from MonitorPanel.qml:948 (onTriggered)
06:46:40.410 playback: playhead.jump 107534 -> 107953 ms (+419) [+407 ms] from MonitorPanel.qml:948 (onTriggered)
06:46:40.554 playback: playhead is 37 ms AHEAD of the picture (playhead 107953 ms, picture 107916 ms)
06:46:40.683 playback: playhead.jump 107953 -> 108209 ms (+256) [+273 ms] from MonitorPanel.qml:948 (onTriggered)
06:46:40.955 playback: playhead.jump 108209 -> 108493 ms (+284) [+272 ms] from MonitorPanel.qml:948 (onTriggered)
06:46:41.235 playback: playhead.jump 108493 -> 108746 ms (+253) [+279 ms] from MonitorPanel.qml:948 (onTriggered)
06:46:41.518 playback: playhead.jump 108746 -> 109036 ms (+290) [+283 ms] from MonitorPanel.qml:948 (onTriggered)
06:46:41.796 playback: playhead is 36 ms AHEAD of the picture (playhead 109036 ms, picture 109000 ms)
06:46:41.835 GUI thread unresponsive for 402 ms, "stalled somewhere unmarked": "no marked scope"
06:46:41.959 playback: playhead.jump 109036 -> 109452 ms (+416) [+440 ms] from MonitorPanel.qml:948 (onTriggered)
06:46:42.267 playback: playhead.jump 109452 -> 109784 ms (+332) [+307 ms] from MonitorPanel.qml:948 (onTriggered)
06:46:42.537 playback: playhead.jump 109784 -> 110079 ms (+295) [+271 ms] from MonitorPanel.qml:948 (onTriggered)
06:46:42.872 playback: playhead.jump 110079 -> 110362 ms (+283) [+333 ms] from MonitorPanel.qml:948 (onTriggered)
06:46:43.035 playback: playhead is 71 ms AHEAD of the picture (playhead 110362 ms, picture 110291 ms)
06:46:43.170 playback: playhead.jump 110362 -> 110705 ms (+343) [+298 ms] from MonitorPanel.qml:948 (onTriggered)
06:46:43.480 playback: playhead.jump 110705 -> 110996 ms (+291) [+309 ms] from MonitorPanel.qml:948 (onTriggered)
06:46:43.802 playback: playhead.jump 110996 -> 111338 ms (+342) [+321 ms] from MonitorPanel.qml:948 (onTriggered)
06:46:44.073 playback: playhead is 47 ms AHEAD of the picture (playhead 111338 ms, picture 111291 ms)
06:46:44.203 playback: playhead.jump 111338 -> 111744 ms (+406) [+401 ms] from MonitorPanel.qml:948 (onTriggered)
06:46:44.470 playback: playhead.jump 111744 -> 111994 ms (+250) [+266 ms] from MonitorPanel.qml:948 (onTriggered)
06:46:44.741 playback: playhead.jump 111994 -> 112284 ms (+290) [+271 ms] from MonitorPanel.qml:948 (onTriggered)
06:46:45.043 playback: playhead.jump 112284 -> 112578 ms (+294) [+302 ms] from MonitorPanel.qml:948 (onTriggered)
06:46:45.284 playback: playhead is 37 ms AHEAD of the picture (playhead 112578 ms, picture 112541 ms)
06:46:45.407 playback: playhead.jump 112578 -> 112950 ms (+372) [+364 ms] from MonitorPanel.qml:948 (onTriggered)
06:46:45.670 playback: playhead.jump 112950 -> 113201 ms (+251) [+263 ms] from MonitorPanel.qml:948 (onTriggered)
06:46:45.950 playback: playhead.jump 113201 -> 113494 ms (+293) [+279 ms] from MonitorPanel.qml:948 (onTriggered)
06:46:46.227 playback: playhead.jump 113494 -> 113746 ms (+252) [+277 ms] from MonitorPanel.qml:948 (onTriggered)
06:46:46.387 playback: playhead is 38 ms AHEAD of the picture (playhead 113746 ms, picture 113708 ms)
06:46:46.517 playback: playhead.jump 113746 -> 114036 ms (+290) [+289 ms] from MonitorPanel.qml:948 (onTriggered)
06:46:46.871 playback: playhead.jump 114036 -> 114408 ms (+372) [+354 ms] from MonitorPanel.qml:948 (onTriggered)
06:46:47.154 playback: playhead.jump 114408 -> 114702 ms (+294) [+283 ms] from MonitorPanel.qml:948 (onTriggered)
06:46:47.422 playback: playhead.jump 114702 -> 114951 ms (+249) [+266 ms] from MonitorPanel.qml:948 (onTriggered)
06:46:47.562 playback: playhead is 35 ms AHEAD of the picture (playhead 114951 ms, picture 114916 ms)
06:46:47.698 playback: playhead.jump 114951 -> 115247 ms (+296) [+277 ms] from MonitorPanel.qml:948 (onTriggered)
06:46:47.950 playback: playhead.jump 115247 -> 115490 ms (+243) [+251 ms] from MonitorPanel.qml:948 (onTriggered)
06:46:48.238 playback: playhead.jump 115490 -> 115783 ms (+293) [+287 ms] from MonitorPanel.qml:948 (onTriggered)
06:46:48.619 playback: playhead.jump 115783 -> 116159 ms (+376) [+381 ms] from MonitorPanel.qml:948 (onTriggered)
06:46:48.755 playback: playhead is 34 ms AHEAD of the picture (playhead 116159 ms, picture 116125 ms)
06:46:48.880 playback: playhead.jump 116159 -> 116412 ms (+253) [+261 ms] from MonitorPanel.qml:948 (onTriggered)
06:46:49.163 playback: playhead.jump 116412 -> 116705 ms (+293) [+283 ms] from MonitorPanel.qml:948 (onTriggered)
06:46:49.464 playback: playhead.jump 116705 -> 116996 ms (+291) [+300 ms] from MonitorPanel.qml:948 (onTriggered)
06:46:49.729 playback: playhead.jump 116996 -> 117286 ms (+290) [+265 ms] from MonitorPanel.qml:948 (onTriggered)
06:46:49.876 playback: playhead is 36 ms AHEAD of the picture (playhead 117286 ms, picture 117250 ms)
06:46:50.006 playback: playhead.jump 117286 -> 117535 ms (+249) [+276 ms] from MonitorPanel.qml:948 (onTriggered)
06:46:50.285 playback: playhead.jump 117535 -> 117830 ms (+295) [+279 ms] from MonitorPanel.qml:948 (onTriggered)
06:46:50.689 playback: playhead.jump 117830 -> 118202 ms (+372) [+404 ms] from MonitorPanel.qml:948 (onTriggered)
06:46:50.965 playback: playhead.jump 118202 -> 118493 ms (+291) [+274 ms] from MonitorPanel.qml:948 (onTriggered)
06:46:51.115 playback: playhead is 35 ms AHEAD of the picture (playhead 118493 ms, picture 118458 ms)
06:46:51.232 playback: playhead.jump 118493 -> 118786 ms (+293) [+268 ms] from MonitorPanel.qml:948 (onTriggered)
06:46:51.497 playback: playhead.jump 118786 -> 119034 ms (+248) [+264 ms] from MonitorPanel.qml:948 (onTriggered)
06:46:51.786 playback: playhead.jump 119034 -> 119289 ms (+255) [+288 ms] from MonitorPanel.qml:948 (onTriggered)
06:46:52.097 playback: playhead.jump 119289 -> 119623 ms (+334) [+311 ms] from MonitorPanel.qml:948 (onTriggered)
06:46:52.362 playback: playhead is 40 ms AHEAD of the picture (playhead 119623 ms, picture 119583 ms)
06:46:52.493 playback: playhead.jump 119623 -> 120034 ms (+411) [+395 ms] from MonitorPanel.qml:948 (onTriggered)
06:46:52.787 playback: playhead.jump 120034 -> 120330 ms (+296) [+293 ms] from MonitorPanel.qml:948 (onTriggered)
06:46:53.072 playback: playhead.jump 120330 -> 120615 ms (+285) [+286 ms] from MonitorPanel.qml:948 (onTriggered)
06:46:53.354 playback: playhead.jump 120615 -> 120870 ms (+255) [+281 ms] from MonitorPanel.qml:948 (onTriggered)
06:46:53.510 playback: playhead is 37 ms AHEAD of the picture (playhead 120870 ms, picture 120833 ms)
06:46:53.628 playback: playhead.jump 120870 -> 121159 ms (+289) [+274 ms] from MonitorPanel.qml:948 (onTriggered)
06:46:53.910 playback: playhead.jump 121159 -> 121459 ms (+300) [+281 ms] from MonitorPanel.qml:948 (onTriggered)
06:46:54.303 playback: playhead.jump 121459 -> 121828 ms (+369) [+393 ms] from MonitorPanel.qml:948 (onTriggered)
06:46:54.591 playback: playhead.jump 121828 -> 122120 ms (+292) [+288 ms] from MonitorPanel.qml:948 (onTriggered)
06:46:54.736 playback: playhead is 37 ms AHEAD of the picture (playhead 122120 ms, picture 122083 ms)
06:46:54.870 playback: playhead.jump 122120 -> 122414 ms (+294) [+279 ms] from MonitorPanel.qml:948 (onTriggered)
06:46:55.177 playback: playhead.jump 122414 -> 122702 ms (+288) [+306 ms] from MonitorPanel.qml:948 (onTriggered)
06:46:55.474 playback: playhead.jump 122702 -> 122999 ms (+297) [+296 ms] from MonitorPanel.qml:948 (onTriggered)
06:46:55.751 playback: playhead is 41 ms AHEAD of the picture (playhead 122999 ms, picture 122958 ms)
06:46:55.879 playback: playhead.jump 122999 -> 123409 ms (+410) [+405 ms] from MonitorPanel.qml:948 (onTriggered)
06:46:56.149 playback: playhead.jump 123409 -> 123703 ms (+294) [+269 ms] from MonitorPanel.qml:948 (onTriggered)
06:46:56.434 playback: playhead.jump 123703 -> 123958 ms (+255) [+284 ms] from MonitorPanel.qml:948 (onTriggered)
06:46:56.702 playback: playhead.jump 123958 -> 124241 ms (+283) [+268 ms] from MonitorPanel.qml:948 (onTriggered)
06:46:56.852 playback: playhead is 33 ms AHEAD of the picture (playhead 124241 ms, picture 124208 ms)
06:46:56.972 playback: playhead.jump 124241 -> 124495 ms (+254) [+270 ms] from MonitorPanel.qml:948 (onTriggered)
06:46:57.363 playback: playhead.jump 124495 -> 124907 ms (+412) [+390 ms] from MonitorPanel.qml:948 (onTriggered)
06:46:57.627 playback: playhead.jump 124907 -> 125166 ms (+259) [+264 ms] from MonitorPanel.qml:948 (onTriggered)
06:46:57.922 playback: playhead.jump 125166 -> 125462 ms (+296) [+295 ms] from MonitorPanel.qml:948 (onTriggered)
06:46:58.081 playback: playhead is 46 ms AHEAD of the picture (playhead 125462 ms, picture 125416 ms)
06:46:58.211 playback: playhead.jump 125462 -> 125745 ms (+283) [+288 ms] from MonitorPanel.qml:948 (onTriggered)
06:46:58.486 playback: playhead.jump 125745 -> 126035 ms (+290) [+275 ms] from MonitorPanel.qml:948 (onTriggered)
06:46:58.769 playback: playhead.jump 126035 -> 126290 ms (+255) [+283 ms] from MonitorPanel.qml:948 (onTriggered)
06:46:59.151 playback: playhead.jump 126290 -> 126663 ms (+373) [+381 ms] from MonitorPanel.qml:948 (onTriggered)
06:46:59.304 playback: playhead is 38 ms AHEAD of the picture (playhead 126663 ms, picture 126625 ms)
06:46:59.518 playback: playhead.jump 126663 -> 127039 ms (+376) [+368 ms] from MonitorPanel.qml:948 (onTriggered)
06:46:59.794 playback: playhead.jump 127039 -> 127329 ms (+290) [+274 ms] from MonitorPanel.qml:948 (onTriggered)
06:47:00.096 playback: playhead.jump 127329 -> 127631 ms (+302) [+302 ms] from MonitorPanel.qml:948 (onTriggered)
06:47:00.375 playback: playhead.jump 127631 -> 127912 ms (+281) [+277 ms] from MonitorPanel.qml:948 (onTriggered)
06:47:00.647 playback: playhead is 37 ms AHEAD of the picture (playhead 127912 ms, picture 127875 ms)
06:47:00.783 playback: playhead.jump 127912 -> 128325 ms (+413) [+409 ms] from MonitorPanel.qml:948 (onTriggered)
06:47:01.068 playback: playhead.jump 128325 -> 128578 ms (+253) [+284 ms] from MonitorPanel.qml:948 (onTriggered)
06:47:01.337 playback: playhead.jump 128578 -> 128869 ms (+291) [+269 ms] from MonitorPanel.qml:948 (onTriggered)
06:47:01.639 playback: playhead.jump 128869 -> 129169 ms (+300) [+301 ms] from MonitorPanel.qml:948 (onTriggered)
06:47:01.792 playback: playhead is 44 ms AHEAD of the picture (playhead 129169 ms, picture 129125 ms)
06:47:01.925 playback: playhead.jump 129169 -> 129453 ms (+284) [+285 ms] from MonitorPanel.qml:948 (onTriggered)
06:47:02.231 playback: playhead.jump 129453 -> 129760 ms (+307) [+306 ms] from MonitorPanel.qml:948 (onTriggered)
06:47:02.523 GUI thread unresponsive for 403 ms, "stalled somewhere unmarked": "no marked scope"
06:47:02.640 playback: playhead.jump 129760 -> 130175 ms (+415) [+409 ms] from MonitorPanel.qml:948 (onTriggered)
06:47:02.941 playback: playhead is 50 ms AHEAD of the picture (playhead 130175 ms, picture 130125 ms)
06:47:02.960 GUI thread unresponsive for 431 ms, "stalled somewhere unmarked": "no marked scope"
06:47:03.136 playback: playhead.jump 130175 -> 130634 ms (+459) [+495 ms] from MonitorPanel.qml:948 (onTriggered)
06:47:03.402 GUI thread unresponsive for 406 ms, "stalled somewhere unmarked": "no marked scope"
06:47:03.575 playback: playhead.jump 130634 -> 131109 ms (+475) [+438 ms] from MonitorPanel.qml:948 (onTriggered)
06:47:03.837 GUI thread unresponsive for 410 ms, "stalled somewhere unmarked": "no marked scope"
06:47:04.118 playback: playhead is 68 ms AHEAD of the picture (playhead 131109 ms, picture 131041 ms)
06:47:04.323 playback: playhead.jump 131109 -> 131844 ms (+735) [+748 ms] from MonitorPanel.qml:948 (onTriggered)
06:47:04.700 playback: playhead.jump 131844 -> 132223 ms (+379) [+376 ms] from MonitorPanel.qml:948 (onTriggered)
06:47:05.150 playback: playhead.jump 132223 -> 132614 ms (+391) [+450 ms] from MonitorPanel.qml:948 (onTriggered)
06:47:05.399 GUI thread unresponsive for 448 ms, "stalled somewhere unmarked": "no marked scope"
06:47:05.584 playback: playhead is 73 ms AHEAD of the picture (playhead 132614 ms, picture 132541 ms)
06:47:05.770 playback: playhead.jump 132614 -> 133296 ms (+682) [+619 ms] from MonitorPanel.qml:948 (onTriggered)
06:47:06.124 playback: playhead.jump 133296 -> 133643 ms (+347) [+353 ms] from MonitorPanel.qml:948 (onTriggered)
06:47:06.561 playback: playhead.jump 133643 -> 134071 ms (+428) [+437 ms] from MonitorPanel.qml:948 (onTriggered)
06:47:06.780 playback: playhead is 71 ms AHEAD of the picture (playhead 134071 ms, picture 134000 ms)
06:47:06.944 playback: playhead.jump 134071 -> 134456 ms (+385) [+382 ms] from MonitorPanel.qml:948 (onTriggered)
06:47:07.274 GUI thread unresponsive for 453 ms, "stalled somewhere unmarked": "no marked scope"
06:47:07.408 playback: playhead.jump 134456 -> 134915 ms (+459) [+465 ms] from MonitorPanel.qml:948 (onTriggered)
06:47:07.754 playback: playhead.jump 134915 -> 135278 ms (+363) [+345 ms] from MonitorPanel.qml:948 (onTriggered)
06:47:07.948 playback: playhead is 70 ms AHEAD of the picture (playhead 135278 ms, picture 135208 ms)
06:47:08.074 playback: playhead.jump 135278 -> 135621 ms (+343) [+319 ms] from MonitorPanel.qml:948 (onTriggered)
06:47:08.353 playback: playhead.jump 135621 -> 135874 ms (+253) [+279 ms] from MonitorPanel.qml:948 (onTriggered)
06:47:08.707 playback: playhead.jump 135874 -> 136192 ms (+318) [+353 ms] from MonitorPanel.qml:948 (onTriggered)
06:47:08.960 GUI thread unresponsive for 401 ms, "stalled somewhere unmarked": "no marked scope"
06:47:08.980 playback: playhead is 67 ms AHEAD of the picture (playhead 136192 ms, picture 136125 ms)
06:47:09.130 playback: playhead.jump 136192 -> 136666 ms (+474) [+423 ms] from MonitorPanel.qml:948 (onTriggered)
06:47:09.493 playback: playhead.jump 136666 -> 137008 ms (+342) [+362 ms] from MonitorPanel.qml:948 (onTriggered)
06:47:09.842 playback: playhead.jump 137008 -> 137379 ms (+371) [+348 ms] from MonitorPanel.qml:948 (onTriggered)
06:47:10.000 playback: playhead is 46 ms AHEAD of the picture (playhead 137379 ms, picture 137333 ms)
06:47:10.148 playback: playhead.jump 137379 -> 137662 ms (+283) [+305 ms] from MonitorPanel.qml:948 (onTriggered)
06:47:10.429 playback: playhead.jump 137662 -> 137955 ms (+293) [+282 ms] from MonitorPanel.qml:948 (onTriggered)
06:47:10.814 playback: playhead.jump 137955 -> 138327 ms (+372) [+384 ms] from MonitorPanel.qml:948 (onTriggered)
06:47:11.088 playback: playhead.jump 138327 -> 138625 ms (+298) [+274 ms] from MonitorPanel.qml:948 (onTriggered)
06:47:11.256 playback: playhead is 42 ms AHEAD of the picture (playhead 138625 ms, picture 138583 ms)
06:47:11.380 playback: playhead.jump 138625 -> 138914 ms (+289) [+292 ms] from MonitorPanel.qml:948 (onTriggered)
06:47:11.655 playback: playhead.jump 138914 -> 139201 ms (+287) [+274 ms] from MonitorPanel.qml:948 (onTriggered)
06:47:11.939 playback: playhead.jump 139201 -> 139456 ms (+255) [+284 ms] from MonitorPanel.qml:948 (onTriggered)
06:47:12.242 playback: playhead.jump 139456 -> 139787 ms (+331) [+303 ms] from MonitorPanel.qml:948 (onTriggered)
06:47:12.521 playback: playhead is 37 ms AHEAD of the picture (playhead 139787 ms, picture 139750 ms)
06:47:12.648 playback: playhead.jump 139787 -> 140201 ms (+414) [+405 ms] from MonitorPanel.qml:948 (onTriggered)
06:47:12.988 playback: playhead.jump 140201 -> 140506 ms (+305) [+340 ms] from MonitorPanel.qml:948 (onTriggered)
06:47:13.294 playback: playhead.jump 140506 -> 140825 ms (+319) [+305 ms] from MonitorPanel.qml:948 (onTriggered)
06:47:13.576 playback: playhead.jump 140825 -> 141082 ms (+257) [+282 ms] from MonitorPanel.qml:948 (onTriggered)
06:47:13.749 playback: playhead is 41 ms AHEAD of the picture (playhead 141082 ms, picture 141041 ms)
06:47:13.884 playback: playhead.jump 141082 -> 141408 ms (+326) [+307 ms] from MonitorPanel.qml:948 (onTriggered)
06:47:14.263 playback: playhead.jump 141408 -> 141786 ms (+378) [+379 ms] from MonitorPanel.qml:948 (onTriggered)
06:47:14.544 playback: playhead.jump 141786 -> 142079 ms (+293) [+281 ms] from MonitorPanel.qml:948 (onTriggered)
06:47:14.800 playback: playhead.jump 142079 -> 142327 ms (+248) [+255 ms] from MonitorPanel.qml:948 (onTriggered)
06:47:14.949 playback: playhead is 36 ms AHEAD of the picture (playhead 142327 ms, picture 142291 ms)
06:47:15.062 playback: playhead.jump 142327 -> 142617 ms (+290) [+262 ms] from MonitorPanel.qml:948 (onTriggered)
06:47:15.329 playback: playhead.jump 142617 -> 142871 ms (+254) [+266 ms] from MonitorPanel.qml:948 (onTriggered)
06:47:15.707 playback: playhead.jump 142871 -> 143244 ms (+373) [+377 ms] from MonitorPanel.qml:948 (onTriggered)
06:47:15.995 playback: playhead.jump 143244 -> 143539 ms (+295) [+287 ms] from MonitorPanel.qml:948 (onTriggered)
06:47:16.153 playback: playhead is 39 ms AHEAD of the picture (playhead 143539 ms, picture 143500 ms)
06:47:16.292 playback: playhead.jump 143539 -> 143825 ms (+286) [+296 ms] from MonitorPanel.qml:948 (onTriggered)
06:47:16.562 playback: playhead.jump 143825 -> 144078 ms (+253) [+271 ms] from MonitorPanel.qml:948 (onTriggered)
06:47:16.839 playback: playhead.jump 144078 -> 144366 ms (+288) [+276 ms] from MonitorPanel.qml:948 (onTriggered)
06:47:17.100 playback: playhead.jump 144366 -> 144621 ms (+255) [+260 ms] from MonitorPanel.qml:948 (onTriggered)
06:47:17.246 playback: playhead is 38 ms AHEAD of the picture (playhead 144621 ms, picture 144583 ms)
06:47:17.370 playback: playhead.jump 144621 -> 144915 ms (+294) [+269 ms] from MonitorPanel.qml:948 (onTriggered)
06:47:17.646 playback: playhead.jump 144915 -> 145162 ms (+247) [+276 ms] from MonitorPanel.qml:948 (onTriggered)
06:47:18.025 playback: playhead.jump 145162 -> 145573 ms (+411) [+379 ms] from MonitorPanel.qml:948 (onTriggered)
06:47:18.288 playback: playhead.jump 145573 -> 145827 ms (+254) [+262 ms] from MonitorPanel.qml:948 (onTriggered)
06:47:18.445 playback: playhead is 36 ms AHEAD of the picture (playhead 145827 ms, picture 145791 ms)
06:47:18.574 playback: playhead.jump 145827 -> 146078 ms (+251) [+285 ms] from MonitorPanel.qml:948 (onTriggered)
06:47:18.834 playback: playhead.jump 146078 -> 146371 ms (+293) [+260 ms] from MonitorPanel.qml:948 (onTriggered)
06:47:19.099 playback: playhead.jump 146371 -> 146621 ms (+250) [+266 ms] from MonitorPanel.qml:948 (onTriggered)
06:47:19.361 playback: playhead.jump 146621 -> 146910 ms (+289) [+262 ms] from MonitorPanel.qml:948 (onTriggered)
06:47:19.511 playback: playhead is 35 ms AHEAD of the picture (playhead 146910 ms, picture 146875 ms)
06:47:19.647 playback: playhead.jump 146910 -> 147162 ms (+252) [+285 ms] from MonitorPanel.qml:948 (onTriggered)
06:47:20.066 playback: playhead.jump 147162 -> 147617 ms (+455) [+419 ms] from MonitorPanel.qml:948 (onTriggered)
06:47:20.344 playback: playhead.jump 147617 -> 147872 ms (+255) [+277 ms] from MonitorPanel.qml:948 (onTriggered)
06:47:20.562 playback: playhead is 39 ms AHEAD of the picture (playhead 147872 ms, picture 147833 ms)
06:47:20.692 playback: playhead.jump 147872 -> 148246 ms (+374) [+348 ms] from MonitorPanel.qml:948 (onTriggered)
06:47:20.982 playback: playhead.jump 148246 -> 148536 ms (+290) [+290 ms] from MonitorPanel.qml:948 (onTriggered)
06:47:21.264 playback: playhead.jump 148536 -> 148787 ms (+251) [+282 ms] from MonitorPanel.qml:948 (onTriggered)
06:47:21.517 playback: playhead.jump 148787 -> 149034 ms (+247) [+252 ms] from MonitorPanel.qml:948 (onTriggered)
06:47:21.792 playback: playhead is 34 ms AHEAD of the picture (playhead 149034 ms, picture 149000 ms)
06:47:21.914 playback: playhead.jump 149034 -> 149452 ms (+418) [+396 ms] from MonitorPanel.qml:948 (onTriggered)
06:47:22.242 playback: playhead.jump 149452 -> 149766 ms (+314) [+328 ms] from MonitorPanel.qml:948 (onTriggered)
06:47:22.556 playback: playhead.jump 149766 -> 150069 ms (+303) [+313 ms] from MonitorPanel.qml:948 (onTriggered)
06:47:22.949 playback: playhead.jump 150069 -> 150462 ms (+393) [+393 ms] from MonitorPanel.qml:948 (onTriggered)
06:47:23.134 playback: playhead is 46 ms AHEAD of the picture (playhead 150462 ms, picture 150416 ms)
06:47:23.261 playback: playhead.jump 150462 -> 150789 ms (+327) [+310 ms] from MonitorPanel.qml:948 (onTriggered)
06:47:23.610 playback: playhead.jump 150789 -> 151160 ms (+371) [+349 ms] from MonitorPanel.qml:948 (onTriggered)
06:47:23.992 playback: playhead.jump 151160 -> 151536 ms (+376) [+381 ms] from MonitorPanel.qml:948 (onTriggered)
06:47:24.138 playback: playhead is 36 ms AHEAD of the picture (playhead 151536 ms, picture 151500 ms)
06:47:24.280 playback: playhead.jump 151536 -> 151790 ms (+254) [+288 ms] from MonitorPanel.qml:948 (onTriggered)
06:47:24.558 playback: playhead.jump 151790 -> 152078 ms (+288) [+277 ms] from MonitorPanel.qml:948 (onTriggered)
06:47:24.820 playback: playhead.jump 152078 -> 152370 ms (+292) [+262 ms] from MonitorPanel.qml:948 (onTriggered)
06:47:25.095 playback: playhead.jump 152370 -> 152619 ms (+249) [+274 ms] from MonitorPanel.qml:948 (onTriggered)
06:47:25.257 playback: playhead is 36 ms AHEAD of the picture (playhead 152619 ms, picture 152583 ms)
06:47:25.387 playback: playhead.jump 152619 -> 152910 ms (+291) [+291 ms] from MonitorPanel.qml:948 (onTriggered)
06:47:25.754 playback: playhead.jump 152910 -> 153283 ms (+373) [+368 ms] from MonitorPanel.qml:948 (onTriggered)
06:47:26.020 playback: playhead.jump 153283 -> 153535 ms (+252) [+264 ms] from MonitorPanel.qml:948 (onTriggered)
06:47:26.286 playback: playhead.jump 153535 -> 153827 ms (+292) [+266 ms] from MonitorPanel.qml:948 (onTriggered)
06:47:26.433 playback: playhead is 36 ms AHEAD of the picture (playhead 153827 ms, picture 153791 ms)
06:47:26.555 playback: playhead.jump 153827 -> 154080 ms (+253) [+267 ms] from MonitorPanel.qml:948 (onTriggered)
06:47:26.820 playback: playhead.jump 154080 -> 154367 ms (+287) [+265 ms] from MonitorPanel.qml:948 (onTriggered)
06:47:27.224 playback: playhead.jump 154367 -> 154746 ms (+379) [+404 ms] from MonitorPanel.qml:948 (onTriggered)
06:47:27.509 playback: playhead.jump 154746 -> 155037 ms (+291) [+285 ms] from MonitorPanel.qml:948 (onTriggered)
06:47:27.678 playback: playhead is 37 ms AHEAD of the picture (playhead 155037 ms, picture 155000 ms)
06:47:27.794 playback: playhead.jump 155037 -> 155323 ms (+286) [+284 ms] from MonitorPanel.qml:948 (onTriggered)
06:47:28.100 playback: playhead.jump 155323 -> 155622 ms (+299) [+306 ms] from MonitorPanel.qml:948 (onTriggered)
06:47:28.378 playback: playhead.jump 155622 -> 155917 ms (+295) [+277 ms] from MonitorPanel.qml:948 (onTriggered)
06:47:28.658 playback: playhead.jump 155917 -> 156200 ms (+283) [+281 ms] from MonitorPanel.qml:948 (onTriggered)
06:47:28.918 playback: playhead is 34 ms AHEAD of the picture (playhead 156200 ms, picture 156166 ms)
06:47:29.050 playback: playhead.jump 156200 -> 156575 ms (+375) [+391 ms] from MonitorPanel.qml:948 (onTriggered)
06:47:29.339 playback: playhead.jump 156575 -> 156871 ms (+296) [+288 ms] from MonitorPanel.qml:948 (onTriggered)
06:47:29.617 playback: playhead.jump 156871 -> 157159 ms (+288) [+277 ms] from MonitorPanel.qml:948 (onTriggered)
06:47:29.878 playback: playhead.jump 157159 -> 157413 ms (+254) [+261 ms] from MonitorPanel.qml:948 (onTriggered)
06:47:30.031 playback: playhead is 38 ms AHEAD of the picture (playhead 157413 ms, picture 157375 ms)
06:47:30.150 playback: playhead.jump 157413 -> 157662 ms (+249) [+271 ms] from MonitorPanel.qml:948 (onTriggered)
06:47:30.434 playback: playhead.jump 157662 -> 157951 ms (+289) [+284 ms] from MonitorPanel.qml:948 (onTriggered)
06:47:30.834 playback: playhead.jump 157951 -> 158367 ms (+416) [+399 ms] from MonitorPanel.qml:948 (onTriggered)
06:47:31.119 playback: playhead.jump 158367 -> 158659 ms (+292) [+285 ms] from MonitorPanel.qml:948 (onTriggered)
06:47:31.278 playback: playhead is 34 ms AHEAD of the picture (playhead 158659 ms, picture 158625 ms)
06:47:31.391 playback: playhead.jump 158659 -> 158909 ms (+250) [+273 ms] from MonitorPanel.qml:948 (onTriggered)
06:47:31.683 playback: playhead.jump 158909 -> 159203 ms (+294) [+290 ms] from MonitorPanel.qml:948 (onTriggered)
06:47:31.985 playback: playhead.jump 159203 -> 159535 ms (+332) [+303 ms] from MonitorPanel.qml:948 (onTriggered)
06:47:32.278 playback: playhead.jump 159535 -> 159788 ms (+253) [+293 ms] from MonitorPanel.qml:948 (onTriggered)
06:47:32.436 playback: playhead is 38 ms AHEAD of the picture (playhead 159788 ms, picture 159750 ms)
06:47:32.548 playback: playhead.jump 159788 -> 160077 ms (+289) [+269 ms] from MonitorPanel.qml:948 (onTriggered)
06:47:32.912 playback: playhead.jump 160077 -> 160452 ms (+375) [+365 ms] from MonitorPanel.qml:948 (onTriggered)
06:47:33.213 playback: playhead.jump 160452 -> 160749 ms (+297) [+300 ms] from MonitorPanel.qml:948 (onTriggered)
06:47:33.595 playback: playhead.jump 160749 -> 161112 ms (+363) [+382 ms] from MonitorPanel.qml:948 (onTriggered)
06:47:33.836 GUI thread unresponsive for 428 ms, "stalled somewhere unmarked": "no marked scope"
06:47:33.860 playback: playhead is 112 ms AHEAD of the picture (playhead 161112 ms, picture 161000 ms)
06:47:34.100 playback: playhead.jump 161112 -> 161624 ms (+512) [+505 ms] from MonitorPanel.qml:948 (onTriggered)
06:47:34.336 GUI thread unresponsive for 405 ms, "stalled somewhere unmarked": "no marked scope"
06:47:34.887 playback: playhead.jump 161624 -> 162373 ms (+749) [+785 ms] from MonitorPanel.qml:948 (onTriggered)
06:47:35.039 playback: playhead is 82 ms AHEAD of the picture (playhead 162373 ms, picture 162291 ms)
06:47:35.085 GUI thread unresponsive for 406 ms, "stalled somewhere unmarked": "no marked scope"
06:47:35.260 playback: playhead.jump 162373 -> 162790 ms (+417) [+373 ms] from MonitorPanel.qml:948 (onTriggered)
06:47:35.632 playback: playhead.jump 162790 -> 163174 ms (+384) [+371 ms] from MonitorPanel.qml:948 (onTriggered)
06:47:35.955 playback: playhead.jump 163174 -> 163505 ms (+331) [+322 ms] from MonitorPanel.qml:948 (onTriggered)
06:47:36.276 GUI thread unresponsive for 427 ms, "stalled somewhere unmarked": "no marked scope"
06:47:36.318 playback: playhead is 47 ms AHEAD of the picture (playhead 163505 ms, picture 163458 ms)
06:47:36.449 playback: playhead.jump 163505 -> 163990 ms (+485) [+494 ms] from MonitorPanel.qml:948 (onTriggered)
06:47:36.781 playback: playhead.jump 163990 -> 164295 ms (+305) [+332 ms] from MonitorPanel.qml:948 (onTriggered)
06:47:37.092 playback: playhead.jump 164295 -> 164600 ms (+305) [+310 ms] from MonitorPanel.qml:948 (onTriggered)
06:47:37.369 playback: playhead.jump 164600 -> 164911 ms (+311) [+276 ms] from MonitorPanel.qml:948 (onTriggered)
06:47:37.508 playback: playhead is 36 ms AHEAD of the picture (playhead 164911 ms, picture 164875 ms)
06:47:37.664 playback: playhead.jump 164911 -> 165179 ms (+268) [+295 ms] from MonitorPanel.qml:948 (onTriggered)
06:47:37.938 playback: playhead.jump 165179 -> 165494 ms (+315) [+273 ms] from MonitorPanel.qml:948 (onTriggered)
06:47:38.231 playback: playhead.jump 165494 -> 165785 ms (+291) [+292 ms] from MonitorPanel.qml:948 (onTriggered)
06:47:38.605 playback: playhead.jump 165785 -> 166120 ms (+335) [+373 ms] from MonitorPanel.qml:948 (onTriggered)
06:47:38.755 playback: playhead is 37 ms AHEAD of the picture (playhead 166120 ms, picture 166083 ms)
06:47:38.876 playback: playhead.jump 166120 -> 166411 ms (+291) [+271 ms] from MonitorPanel.qml:948 (onTriggered)
06:47:39.173 playback: playhead.jump 166411 -> 166702 ms (+291) [+296 ms] from MonitorPanel.qml:948 (onTriggered)
06:47:39.440 playback: playhead.jump 166702 -> 166994 ms (+292) [+267 ms] from MonitorPanel.qml:948 (onTriggered)
06:47:39.746 playback: playhead.jump 166994 -> 167294 ms (+300) [+305 ms] from MonitorPanel.qml:948 (onTriggered)
06:47:39.884 playback: playhead is 44 ms AHEAD of the picture (playhead 167294 ms, picture 167250 ms)
06:47:40.002 playback: playhead.jump 167294 -> 167537 ms (+243) [+255 ms] from MonitorPanel.qml:948 (onTriggered)
06:47:40.288 playback: playhead.jump 167537 -> 167835 ms (+298) [+285 ms] from MonitorPanel.qml:948 (onTriggered)
06:47:40.553 playback: playhead.jump 167835 -> 168080 ms (+245) [+265 ms] from MonitorPanel.qml:948 (onTriggered)
06:47:40.806 playback: playhead.jump 168080 -> 168327 ms (+247) [+252 ms] from MonitorPanel.qml:948 (onTriggered)
06:47:41.059 playback: playhead is 36 ms AHEAD of the picture (playhead 168327 ms, picture 168291 ms)
06:47:41.187 playback: playhead.jump 168327 -> 168703 ms (+376) [+381 ms] from MonitorPanel.qml:948 (onTriggered)
06:47:41.464 playback: playhead.jump 168703 -> 168993 ms (+290) [+277 ms] from MonitorPanel.qml:948 (onTriggered)
06:47:41.741 playback: playhead.jump 168993 -> 169286 ms (+293) [+276 ms] from MonitorPanel.qml:948 (onTriggered)
06:47:42.025 playback: playhead.jump 169286 -> 169536 ms (+250) [+283 ms] from MonitorPanel.qml:948 (onTriggered)
06:47:42.169 playback: playhead is 36 ms AHEAD of the picture (playhead 169536 ms, picture 169500 ms)
06:47:42.329 playback: playhead.jump 169536 -> 169869 ms (+333) [+303 ms] from MonitorPanel.qml:948 (onTriggered)
06:47:42.647 GUI thread unresponsive for 409 ms, "stalled somewhere unmarked": "no marked scope"
06:47:42.748 playback: playhead.jump 169869 -> 170290 ms (+421) [+419 ms] from MonitorPanel.qml:948 (onTriggered)
06:47:43.045 playback: playhead.jump 170290 -> 170577 ms (+287) [+297 ms] from MonitorPanel.qml:948 (onTriggered)
06:47:43.213 playback: playhead is 36 ms AHEAD of the picture (playhead 170577 ms, picture 170541 ms)
06:47:43.370 playback: playhead.jump 170577 -> 170883 ms (+306) [+324 ms] from MonitorPanel.qml:948 (onTriggered)
06:47:43.659 playback: playhead.jump 170883 -> 171200 ms (+317) [+289 ms] from MonitorPanel.qml:948 (onTriggered)
06:47:43.968 playback: playhead.jump 171200 -> 171493 ms (+293) [+309 ms] from MonitorPanel.qml:948 (onTriggered)
06:47:44.255 playback: playhead is 35 ms AHEAD of the picture (playhead 171493 ms, picture 171458 ms)
06:47:44.389 playback: playhead.jump 171493 -> 171911 ms (+418) [+421 ms] from MonitorPanel.qml:948 (onTriggered)
06:47:44.686 playback: playhead.jump 171911 -> 172202 ms (+291) [+296 ms] from MonitorPanel.qml:948 (onTriggered)
06:47:44.951 playback: playhead.jump 172202 -> 172491 ms (+289) [+265 ms] from MonitorPanel.qml:948 (onTriggered)
06:47:45.246 playback: playhead.jump 172491 -> 172784 ms (+293) [+294 ms] from MonitorPanel.qml:948 (onTriggered)
06:47:45.391 playback: playhead is 34 ms AHEAD of the picture (playhead 172784 ms, picture 172750 ms)
06:47:45.514 playback: playhead.jump 172784 -> 173036 ms (+252) [+268 ms] from MonitorPanel.qml:948 (onTriggered)
06:47:45.818 playback: playhead.jump 173036 -> 173332 ms (+296) [+304 ms] from MonitorPanel.qml:948 (onTriggered)
06:47:46.088 playback: playhead.jump 173332 -> 173616 ms (+284) [+269 ms] from MonitorPanel.qml:948 (onTriggered)
06:47:46.501 playback: playhead.jump 173616 -> 174037 ms (+421) [+412 ms] from MonitorPanel.qml:948 (onTriggered)
06:47:46.654 playback: playhead is 37 ms AHEAD of the picture (playhead 174037 ms, picture 174000 ms)
06:47:46.777 playback: playhead.jump 174037 -> 174326 ms (+289) [+275 ms] from MonitorPanel.qml:948 (onTriggered)
06:47:47.058 playback: playhead.jump 174326 -> 174583 ms (+257) [+281 ms] from MonitorPanel.qml:948 (onTriggered)
06:47:47.347 playback: playhead.jump 174583 -> 174871 ms (+288) [+288 ms] from MonitorPanel.qml:948 (onTriggered)
06:47:47.616 playback: playhead.jump 174871 -> 175158 ms (+287) [+269 ms] from MonitorPanel.qml:948 (onTriggered)
06:47:47.781 playback: playhead is 33 ms AHEAD of the picture (playhead 175158 ms, picture 175125 ms)
06:47:48.027 playback: playhead.jump 175158 -> 175522 ms (+364) [+410 ms] from MonitorPanel.qml:948 (onTriggered)
06:47:48.336 GUI thread unresponsive for 427 ms, "stalled somewhere unmarked": "no marked scope"
06:47:48.489 playback: playhead.jump 175522 -> 176037 ms (+515) [+462 ms] from MonitorPanel.qml:948 (onTriggered)
06:47:48.786 playback: playhead.jump 176037 -> 176330 ms (+293) [+297 ms] from MonitorPanel.qml:948 (onTriggered)
06:47:48.941 playback: playhead is 39 ms AHEAD of the picture (playhead 176330 ms, picture 176291 ms)
06:47:49.071 playback: playhead.jump 176330 -> 176621 ms (+291) [+285 ms] from MonitorPanel.qml:948 (onTriggered)
06:47:49.356 playback: playhead.jump 176621 -> 176872 ms (+251) [+284 ms] from MonitorPanel.qml:948 (onTriggered)
06:47:49.638 playback: playhead.jump 176872 -> 177161 ms (+289) [+282 ms] from MonitorPanel.qml:948 (onTriggered)
06:47:50.021 playback: playhead.jump 177161 -> 177537 ms (+376) [+384 ms] from MonitorPanel.qml:948 (onTriggered)
06:47:50.170 playback: playhead is 37 ms AHEAD of the picture (playhead 177537 ms, picture 177500 ms)
06:47:50.300 playback: playhead.jump 177537 -> 177827 ms (+290) [+277 ms] from MonitorPanel.qml:948 (onTriggered)
06:47:50.587 playback: playhead.jump 177827 -> 178118 ms (+291) [+286 ms] from MonitorPanel.qml:948 (onTriggered)
06:47:50.860 playback: playhead.jump 178118 -> 178412 ms (+294) [+273 ms] from MonitorPanel.qml:948 (onTriggered)
06:47:51.152 playback: playhead.jump 178412 -> 178703 ms (+291) [+292 ms] from MonitorPanel.qml:948 (onTriggered)
06:47:51.406 playback: playhead is 37 ms AHEAD of the picture (playhead 178703 ms, picture 178666 ms)
06:47:51.541 playback: playhead.jump 178703 -> 179082 ms (+379) [+388 ms] from MonitorPanel.qml:948 (onTriggered)
06:47:51.818 playback: playhead.jump 179082 -> 179369 ms (+287) [+277 ms] from MonitorPanel.qml:948 (onTriggered)
06:47:52.090 playback: playhead.jump 179369 -> 179619 ms (+250) [+271 ms] from MonitorPanel.qml:948 (onTriggered)
06:47:52.364 playback: playhead.jump 179619 -> 179909 ms (+290) [+273 ms] from MonitorPanel.qml:948 (onTriggered)
06:47:52.520 playback: playhead is 34 ms AHEAD of the picture (playhead 179909 ms, picture 179875 ms)
06:47:52.677 playback: playhead.jump 179909 -> 180214 ms (+305) [+313 ms] from MonitorPanel.qml:948 (onTriggered)
06:47:52.952 playback: playhead.jump 180214 -> 180495 ms (+281) [+275 ms] from MonitorPanel.qml:948 (onTriggered)
06:47:53.230 playback: playhead.jump 180495 -> 180750 ms (+255) [+276 ms] from MonitorPanel.qml:948 (onTriggered)
06:47:53.636 playback: playhead.jump 180750 -> 181159 ms (+409) [+406 ms] from MonitorPanel.qml:948 (onTriggered)
06:47:53.796 playback: playhead is 34 ms AHEAD of the picture (playhead 181159 ms, picture 181125 ms)
06:47:53.919 playback: playhead.jump 181159 -> 181452 ms (+293) [+283 ms] from MonitorPanel.qml:948 (onTriggered)
06:47:54.188 playback: playhead.jump 181452 -> 181699 ms (+247) [+268 ms] from MonitorPanel.qml:948 (onTriggered)
06:47:54.492 playback: playhead.jump 181699 -> 182038 ms (+339) [+304 ms] from MonitorPanel.qml:948 (onTriggered)
06:47:54.771 playback: playhead.jump 182038 -> 182287 ms (+249) [+278 ms] from MonitorPanel.qml:948 (onTriggered)
06:47:54.919 playback: playhead is 37 ms AHEAD of the picture (playhead 182287 ms, picture 182250 ms)
06:47:55.047 playback: playhead.jump 182287 -> 182580 ms (+293) [+276 ms] from MonitorPanel.qml:948 (onTriggered)
06:47:55.463 playback: playhead.jump 182580 -> 182996 ms (+416) [+415 ms] from MonitorPanel.qml:948 (onTriggered)
06:47:55.736 playback: playhead.jump 182996 -> 183286 ms (+290) [+273 ms] from MonitorPanel.qml:948 (onTriggered)
06:47:56.021 playback: playhead.jump 183286 -> 183534 ms (+248) [+285 ms] from MonitorPanel.qml:948 (onTriggered)
06:47:56.176 playback: playhead is 34 ms AHEAD of the picture (playhead 183534 ms, picture 183500 ms)
06:47:56.312 playback: playhead.jump 183534 -> 183832 ms (+298) [+291 ms] from MonitorPanel.qml:948 (onTriggered)
06:47:56.593 playback: playhead.jump 183832 -> 184118 ms (+286) [+280 ms] from MonitorPanel.qml:948 (onTriggered)
06:47:56.882 playback: playhead.jump 184118 -> 184421 ms (+303) [+289 ms] from MonitorPanel.qml:948 (onTriggered)
06:47:57.278 playback: playhead.jump 184421 -> 184826 ms (+405) [+395 ms] from MonitorPanel.qml:948 (onTriggered)
06:47:57.437 playback: playhead is 35 ms AHEAD of the picture (playhead 184826 ms, picture 184791 ms)
06:47:57.596 playback: playhead.jump 184826 -> 185134 ms (+308) [+318 ms] from MonitorPanel.qml:948 (onTriggered)
06:47:57.951 playback: playhead.jump 185134 -> 185483 ms (+349) [+356 ms] from MonitorPanel.qml:948 (onTriggered)
06:47:58.281 playback: playhead.jump 185483 -> 185799 ms (+316) [+328 ms] from MonitorPanel.qml:948 (onTriggered)
06:47:58.438 playback: playhead is 49 ms AHEAD of the picture (playhead 185799 ms, picture 185750 ms)
06:47:58.581 playback: playhead.jump 185799 -> 186127 ms (+328) [+300 ms] from MonitorPanel.qml:948 (onTriggered)
06:47:58.973 playback: playhead.jump 186127 -> 186494 ms (+367) [+391 ms] from MonitorPanel.qml:948 (onTriggered)
06:47:59.251 playback: playhead.jump 186494 -> 186789 ms (+295) [+277 ms] from MonitorPanel.qml:948 (onTriggered)
06:47:59.521 playback: playhead.jump 186789 -> 187037 ms (+248) [+269 ms] from MonitorPanel.qml:948 (onTriggered)
06:47:59.672 playback: playhead is 37 ms AHEAD of the picture (playhead 187037 ms, picture 187000 ms)
06:47:59.797 playback: playhead.jump 187037 -> 187326 ms (+289) [+277 ms] from MonitorPanel.qml:948 (onTriggered)
06:48:00.094 playback: playhead.jump 187326 -> 187623 ms (+297) [+297 ms] from MonitorPanel.qml:948 (onTriggered)
06:48:00.470 playback: playhead.jump 187623 -> 187993 ms (+370) [+375 ms] from MonitorPanel.qml:948 (onTriggered)
06:48:00.763 playback: playhead.jump 187993 -> 188288 ms (+295) [+293 ms] from MonitorPanel.qml:948 (onTriggered)
06:48:00.944 playback: playhead is 38 ms AHEAD of the picture (playhead 188288 ms, picture 188250 ms)
06:48:01.071 playback: playhead.jump 188288 -> 188614 ms (+326) [+308 ms] from MonitorPanel.qml:948 (onTriggered)
06:48:01.350 playback: playhead.jump 188614 -> 188869 ms (+255) [+278 ms] from MonitorPanel.qml:948 (onTriggered)
06:48:01.651 playback: playhead.jump 188869 -> 189174 ms (+305) [+301 ms] from MonitorPanel.qml:948 (onTriggered)
06:48:01.926 playback: playhead.jump 189174 -> 189453 ms (+279) [+275 ms] from MonitorPanel.qml:948 (onTriggered)
06:48:02.101 playback: playhead is 37 ms AHEAD of the picture (playhead 189453 ms, picture 189416 ms)
06:48:02.274 playback: playhead.jump 189453 -> 189793 ms (+340) [+346 ms] from MonitorPanel.qml:948 (onTriggered)
06:48:02.667 playback: playhead.jump 189793 -> 190202 ms (+409) [+393 ms] from MonitorPanel.qml:948 (onTriggered)
06:48:02.945 playback: playhead.jump 190202 -> 190490 ms (+288) [+277 ms] from MonitorPanel.qml:948 (onTriggered)
06:48:03.200 playback: playhead.jump 190490 -> 190746 ms (+256) [+256 ms] from MonitorPanel.qml:948 (onTriggered)
06:48:03.354 playback: playhead is 38 ms AHEAD of the picture (playhead 190746 ms, picture 190708 ms)
06:48:03.481 playback: playhead.jump 190746 -> 190997 ms (+251) [+280 ms] from MonitorPanel.qml:948 (onTriggered)
06:48:03.764 playback: playhead.jump 190997 -> 191292 ms (+295) [+282 ms] from MonitorPanel.qml:948 (onTriggered)
06:48:04.279 playback: playhead.jump 191292 -> 191787 ms (+495) [+515 ms] from MonitorPanel.qml:948 (onTriggered)
06:48:04.525 GUI thread unresponsive for 426 ms, "stalled somewhere unmarked": "no marked scope"
06:48:04.572 playback: playhead is 121 ms AHEAD of the picture (playhead 191787 ms, picture 191666 ms)
06:48:04.793 playback: playhead.jump 191787 -> 192303 ms (+516) [+514 ms] from MonitorPanel.qml:948 (onTriggered)
06:48:04.936 playback: playhead is 53 ms AHEAD of the picture (playhead 192303 ms, picture 192250 ms)
06:48:05.092 playback: playhead.jump 192303 -> 192631 ms (+328) [+298 ms] from MonitorPanel.qml:948 (onTriggered)
06:48:05.391 playback: playhead.jump 192631 -> 192910 ms (+279) [+299 ms] from MonitorPanel.qml:948 (onTriggered)
06:48:05.710 GUI thread unresponsive for 411 ms, "stalled somewhere unmarked": "no marked scope"
06:48:06.073 playback: playhead is 35 ms AHEAD of the picture (playhead 192910 ms, picture 192875 ms)
06:48:06.149 GUI thread unresponsive for 851 ms, "stalled somewhere unmarked": "no marked scope"
06:48:06.159   GUI thread backtrace, innermost first (36 frames):
06:48:06.159     #0  "Qt6Core.dll+0x15fbc4 (nearest export: qint128toBasicLatin(__int128, int)+0x1b74)"
06:48:06.159     #1  "cutpro_backend.dll!compareThreeWay(QStringView const&, QStringView const&)+0x50"
06:48:06.159     #2  "cutpro_backend.dll!compareThreeWay(QString const&, QString const&)+0x40"
06:48:06.159     #3  "cutpro_backend.dll!operator<=>(QString const&, QString const&)+0x20"
06:48:06.160     #4  "cutpro_backend.dll!std::less<QString>::operator()(QString const&, QString const&) const+0x35"
06:48:06.160     #5  "cutpro_backend.dll!std::_Rb_tree<QString, std::pair<QString const, QVariant>, std::_Select1st<std::pair<QString const, QVariant> >, std::less<QString>, std::allocator<std::pair<QString const, QVariant> > >::_M_lower_bound(std::_Rb_tree_node<std::pair<QString const, QVariant> > const*, std::_Rb_tree_node_base const*, QString const&) const+0x3f"
06:48:06.160     #6  "cutpro_backend.dll!std::_Rb_tree<QString, std::pair<QString const, QVariant>, std::_Select1st<std::pair<QString const, QVariant> >, std::less<QString>, std::allocator<std::pair<QString const, QVariant> > >::find(QString const&) const+0x47"
06:48:06.160     #7  "cutpro_backend.dll!std::map<QString, QVariant, std::less<QString>, std::allocator<std::pair<QString const, QVariant> > >::find(QString const&) const+0x20"
06:48:06.160     #8  "cutpro_backend.dll!QMap<QString, QVariant>::value(QString const&, QVariant const&) const+0x60"
06:48:06.160     #9  "cutpro_backend.dll!Backend::durationMs() const+0xce"
06:48:06.160     #10  "cutpro_backend.dll+0x72f1 (nearest export: Backend::qt_static_metacall(QObject*, QMetaObject::Call, int, void**)+0x5f2b)"
06:48:06.160     #11  "Qt6Qml.dll!QV4::QObjectWrapper::wrap_slowPath(QV4::ExecutionEngine*, QObject*)+0xf84"
06:48:06.160     #12  "Qt6Qml.dll!QV4::QQmlTypeWrapper::lookupSingletonProperty(QV4::Lookup*, QV4::ExecutionEngine*, QV4::Value const&)+0x327"
06:48:06.160     #13  "0x20c83022675"
06:48:06.160     #14  "Qt6Qml.dll+0x165b98 (nearest export: qt_v4DebuggerHook+0x7ba8)"
06:48:06.160     #15  "Qt6Qml.dll!QV4::ExecutableCompilationUnit::createNamedObjectsPerComponent(int)+0x82f"
06:48:06.160     #16  "Qt6Qml.dll!QV4::Function::call(QObject*, void**, QMetaType const*, int, QV4::ExecutionContext*)+0x293"
06:48:06.160     #17  "Qt6Qml.dll!QQmlJavaScriptExpression::evaluate(void**, QMetaType const*, int)+0x105"
06:48:06.160     #18  "Qt6Qml.dll!QQmlBoundSignalExpression::evaluate(void**)+0x31c"
06:48:06.160     #19  "Qt6Qml.dll!QQmlBoundSignalExpression::QQmlBoundSignalExpression(QObject const*, int, QQmlRefPointer<QQmlContextData> const&, QObject*, QV4::Function*, QV4::ExecutionContext*)+0x8f8"
06:48:06.161     #20  "Qt6Qml.dll!QQmlNotifier::emitNotify(QQmlNotifierEndpoint*, void**)+0x215"
06:48:06.161     #21  "Qt6Core.dll+0x3fcf21 (nearest export: z_adler32_combine64+0x6b141)"
06:48:06.161     #22  "Qt6QmlMeta.dll!QQmlTimer::ticked()+0x3d"
06:48:06.161     #23  "Qt6QmlMeta.dll!QQmlTimer::event(QEvent*)+0x9d"
06:48:06.161     #24  "Qt6Core.dll!QCoreApplication::notifyInternal2(QObject*, QEvent*)+0x19a"
06:48:06.161     #25  "Qt6Core.dll!QCoreApplicationPrivate::sendPostedEvents(QObject*, int, QThreadData*)+0x445"
06:48:06.161     #26  "Qt6Gui.dll!QWindowsGuiEventDispatcher::sendPostedEvents()+0x12"
06:48:06.161     #27  "Qt6Core.dll!QEventDispatcherWin32::processEvents(QFlags<QEventLoop::ProcessEventsFlag>)+0xaa7"
06:48:06.161     #28  "Qt6Gui.dll!QWindowsGuiEventDispatcher::processEvents(QFlags<QEventLoop::ProcessEventsFlag>)+0x19"
06:48:06.161     #29  "Qt6Core.dll!QEventLoop::exec(QFlags<QEventLoop::ProcessEventsFlag>)+0x232"
06:48:06.161     #30  "Qt6Core.dll!QCoreApplication::exec()+0x96"
06:48:06.161     #31  "cutpro.exe+0x2f0a"
06:48:06.161     #32  "cutpro.exe+0x12ef"
06:48:06.161     #33  "cutpro.exe+0x1406"
06:48:06.162     #34  "KERNEL32.DLL!BaseThreadInitThunk+0x17"
06:48:06.162     #35  "ntdll.dll!RtlUserThreadStart+0x2c"
06:48:06.399 playback: playhead.jump 192910 -> 193880 ms (+970) [+1005 ms] from MonitorPanel.qml:948 (onTriggered)
06:48:06.587 GUI thread unresponsive for 427 ms, "stalled somewhere unmarked": "no marked scope"
06:48:06.699 playback: playhead is 89 ms AHEAD of the picture (playhead 193880 ms, picture 193791 ms)
06:48:06.891 playback: playhead.jump 193880 -> 194421 ms (+541) [+493 ms] from MonitorPanel.qml:948 (onTriggered)
06:48:07.193 playback: playhead is 46 ms AHEAD of the picture (playhead 194421 ms, picture 194375 ms)
06:48:07.213 GUI thread unresponsive for 460 ms, "stalled somewhere unmarked": "no marked scope"
06:48:07.348 playback: playhead.jump 194421 -> 194873 ms (+452) [+455 ms] from MonitorPanel.qml:948 (onTriggered)
06:48:07.654 playback: playhead.jump 194873 -> 195163 ms (+290) [+307 ms] from MonitorPanel.qml:948 (onTriggered)
06:48:07.990 playback: playhead.jump 195163 -> 195522 ms (+359) [+334 ms] from MonitorPanel.qml:948 (onTriggered)
06:48:08.260 playback: playhead.jump 195522 -> 195788 ms (+266) [+270 ms] from MonitorPanel.qml:948 (onTriggered)
06:48:08.415 playback: playhead is 38 ms AHEAD of the picture (playhead 195788 ms, picture 195750 ms)
06:48:08.543 playback: playhead.jump 195788 -> 196078 ms (+290) [+284 ms] from MonitorPanel.qml:948 (onTriggered)
06:48:08.935 playback: playhead.jump 196078 -> 196449 ms (+371) [+391 ms] from MonitorPanel.qml:948 (onTriggered)
06:48:09.220 playback: playhead.jump 196449 -> 196742 ms (+293) [+284 ms] from MonitorPanel.qml:948 (onTriggered)
06:48:09.504 playback: playhead.jump 196742 -> 197038 ms (+296) [+284 ms] from MonitorPanel.qml:948 (onTriggered)
06:48:09.662 playback: playhead is 38 ms AHEAD of the picture (playhead 197038 ms, picture 197000 ms)
06:48:09.804 playback: playhead.jump 197038 -> 197332 ms (+294) [+300 ms] from MonitorPanel.qml:948 (onTriggered)
06:48:10.076 playback: playhead.jump 197332 -> 197621 ms (+289) [+271 ms] from MonitorPanel.qml:948 (onTriggered)
06:48:10.473 playback: playhead.jump 197621 -> 197995 ms (+374) [+396 ms] from MonitorPanel.qml:948 (onTriggered)
06:48:10.764 playback: playhead.jump 197995 -> 198287 ms (+292) [+290 ms] from MonitorPanel.qml:948 (onTriggered)
06:48:10.912 playback: playhead is 37 ms AHEAD of the picture (playhead 198287 ms, picture 198250 ms)
06:48:11.028 playback: playhead.jump 198287 -> 198579 ms (+292) [+265 ms] from MonitorPanel.qml:948 (onTriggered)
06:48:11.316 playback: playhead.jump 198579 -> 198869 ms (+290) [+287 ms] from MonitorPanel.qml:948 (onTriggered)
06:48:11.594 playback: playhead.jump 198869 -> 199118 ms (+249) [+277 ms] from MonitorPanel.qml:948 (onTriggered)
06:48:11.884 playback: playhead.jump 199118 -> 199412 ms (+294) [+289 ms] from MonitorPanel.qml:948 (onTriggered)
06:48:12.017 playback: playhead is 37 ms AHEAD of the picture (playhead 199412 ms, picture 199375 ms)
06:48:12.171 playback: playhead.jump 199412 -> 199666 ms (+254) [+287 ms] from MonitorPanel.qml:948 (onTriggered)
06:48:12.465 playback: playhead.jump 199666 -> 199996 ms (+330) [+293 ms] from MonitorPanel.qml:948 (onTriggered)
06:48:12.848 playback: playhead.jump 199996 -> 200367 ms (+371) [+383 ms] from MonitorPanel.qml:948 (onTriggered)
06:48:13.138 playback: playhead.jump 200367 -> 200666 ms (+299) [+289 ms] from MonitorPanel.qml:948 (onTriggered)
06:48:13.278 playback: playhead is 41 ms AHEAD of the picture (playhead 200666 ms, picture 200625 ms)
06:48:13.443 playback: playhead.jump 200666 -> 200964 ms (+298) [+305 ms] from MonitorPanel.qml:948 (onTriggered)
06:48:13.741 playback: playhead.jump 200964 -> 201250 ms (+286) [+297 ms] from MonitorPanel.qml:948 (onTriggered)
06:48:14.026 playback: playhead.jump 201250 -> 201544 ms (+294) [+284 ms] from MonitorPanel.qml:948 (onTriggered)
06:48:14.300 playback: playhead.jump 201544 -> 201828 ms (+284) [+274 ms] from MonitorPanel.qml:948 (onTriggered)
06:48:14.537 playback: playhead is 37 ms AHEAD of the picture (playhead 201828 ms, picture 201791 ms)
06:48:14.653 playback: playhead.jump 201828 -> 202200 ms (+372) [+354 ms] from MonitorPanel.qml:948 (onTriggered)
06:48:15.072 playback: playhead.jump 202200 -> 202581 ms (+381) [+417 ms] from MonitorPanel.qml:948 (onTriggered)
06:48:15.358 playback: playhead.jump 202581 -> 202868 ms (+287) [+285 ms] from MonitorPanel.qml:948 (onTriggered)
06:48:15.702 playback: playhead.jump 202868 -> 203223 ms (+355) [+343 ms] from MonitorPanel.qml:948 (onTriggered)
06:48:15.852 playback: playhead is 57 ms AHEAD of the picture (playhead 203223 ms, picture 203166 ms)
06:48:15.982 playback: playhead.jump 203223 -> 203493 ms (+270) [+280 ms] from MonitorPanel.qml:948 (onTriggered)
06:48:16.259 playback: playhead.jump 203493 -> 203789 ms (+296) [+276 ms] from MonitorPanel.qml:948 (onTriggered)
06:48:16.665 playback: playhead.jump 203789 -> 204167 ms (+378) [+405 ms] from MonitorPanel.qml:948 (onTriggered)
06:48:16.962 playback: playhead.jump 204167 -> 204494 ms (+327) [+297 ms] from MonitorPanel.qml:948 (onTriggered)
06:48:17.119 playback: playhead is 36 ms AHEAD of the picture (playhead 204494 ms, picture 204458 ms)
06:48:17.245 playback: playhead.jump 204494 -> 204784 ms (+290) [+283 ms] from MonitorPanel.qml:948 (onTriggered)
06:48:17.503 playback: playhead.jump 204784 -> 205034 ms (+250) [+258 ms] from MonitorPanel.qml:948 (onTriggered)
06:48:17.795 playback: playhead.jump 205034 -> 205331 ms (+297) [+291 ms] from MonitorPanel.qml:948 (onTriggered)
06:48:18.217 playback: playhead.jump 205331 -> 205743 ms (+412) [+421 ms] from MonitorPanel.qml:948 (onTriggered)
06:48:18.363 playback: playhead is 35 ms AHEAD of the picture (playhead 205743 ms, picture 205708 ms)
06:48:18.494 playback: playhead.jump 205743 -> 206038 ms (+295) [+276 ms] from MonitorPanel.qml:948 (onTriggered)
06:48:18.773 playback: playhead.jump 206038 -> 206287 ms (+249) [+279 ms] from MonitorPanel.qml:948 (onTriggered)
06:48:19.044 playback: playhead.jump 206287 -> 206575 ms (+288) [+270 ms] from MonitorPanel.qml:948 (onTriggered)
06:48:19.330 playback: playhead.jump 206575 -> 206871 ms (+296) [+286 ms] from MonitorPanel.qml:948 (onTriggered)
06:48:19.594 playback: playhead is 38 ms AHEAD of the picture (playhead 206871 ms, picture 206833 ms)
06:48:19.743 playback: playhead.jump 206871 -> 207249 ms (+378) [+412 ms] from MonitorPanel.qml:948 (onTriggered)
06:48:20.030 playback: playhead.jump 207249 -> 207576 ms (+327) [+287 ms] from MonitorPanel.qml:948 (onTriggered)
06:48:20.302 playback: playhead.jump 207576 -> 207828 ms (+252) [+272 ms] from MonitorPanel.qml:948 (onTriggered)
06:48:20.587 playback: playhead.jump 207828 -> 208119 ms (+291) [+285 ms] from MonitorPanel.qml:948 (onTriggered)
06:48:20.733 playback: playhead is 36 ms AHEAD of the picture (playhead 208119 ms, picture 208083 ms)
06:48:20.853 playback: playhead.jump 208119 -> 208371 ms (+252) [+264 ms] from MonitorPanel.qml:948 (onTriggered)
06:48:21.127 playback: playhead.jump 208371 -> 208660 ms (+289) [+274 ms] from MonitorPanel.qml:948 (onTriggered)
06:48:21.462 GUI thread unresponsive for 423 ms, "stalled somewhere unmarked": "no marked scope"
06:48:21.605 playback: playhead.jump 208660 -> 209112 ms (+452) [+478 ms] from MonitorPanel.qml:948 (onTriggered)
06:48:21.755 playback: playhead is 71 ms AHEAD of the picture (playhead 209112 ms, picture 209041 ms)
06:48:21.896 playback: playhead.jump 209112 -> 209416 ms (+304) [+291 ms] from MonitorPanel.qml:948 (onTriggered)
06:48:22.343 playback: playhead.jump 209416 -> 209854 ms (+438) [+446 ms] from MonitorPanel.qml:948 (onTriggered)
06:48:22.640 playback: playhead.jump 209854 -> 210162 ms (+308) [+296 ms] from MonitorPanel.qml:948 (onTriggered)
06:48:22.904 playback: playhead is 37 ms AHEAD of the picture (playhead 210162 ms, picture 210125 ms)
06:48:23.045 playback: playhead.jump 210162 -> 210579 ms (+417) [+405 ms] from MonitorPanel.qml:948 (onTriggered)
06:48:23.333 playback: playhead.jump 210579 -> 210870 ms (+291) [+288 ms] from MonitorPanel.qml:948 (onTriggered)
06:48:23.613 playback: playhead.jump 210870 -> 211122 ms (+252) [+280 ms] from MonitorPanel.qml:948 (onTriggered)
06:48:23.891 playback: playhead.jump 211122 -> 211413 ms (+291) [+277 ms] from MonitorPanel.qml:948 (onTriggered)
06:48:24.042 playback: playhead is 38 ms AHEAD of the picture (playhead 211413 ms, picture 211375 ms)
06:48:24.171 playback: playhead.jump 211413 -> 211703 ms (+290) [+280 ms] from MonitorPanel.qml:948 (onTriggered)
06:48:24.444 playback: playhead.jump 211703 -> 211954 ms (+251) [+273 ms] from MonitorPanel.qml:948 (onTriggered)
06:48:24.718 playback: playhead.jump 211954 -> 212243 ms (+289) [+274 ms] from MonitorPanel.qml:948 (onTriggered)
06:48:25.133 playback: playhead.jump 212243 -> 212660 ms (+417) [+414 ms] from MonitorPanel.qml:948 (onTriggered)
06:48:25.289 playback: playhead is 35 ms AHEAD of the picture (playhead 212660 ms, picture 212625 ms)
06:48:25.420 playback: playhead.jump 212660 -> 212954 ms (+294) [+287 ms] from MonitorPanel.qml:948 (onTriggered)
06:48:25.699 playback: playhead.jump 212954 -> 213247 ms (+293) [+278 ms] from MonitorPanel.qml:948 (onTriggered)
06:48:25.983 playback: playhead.jump 213247 -> 213495 ms (+248) [+284 ms] from MonitorPanel.qml:948 (onTriggered)
06:48:26.260 playback: playhead.jump 213495 -> 213792 ms (+297) [+276 ms] from MonitorPanel.qml:948 (onTriggered)
06:48:26.511 playback: playhead is 42 ms AHEAD of the picture (playhead 213792 ms, picture 213750 ms)
06:48:26.636 playback: playhead.jump 213792 -> 214161 ms (+369) [+375 ms] from MonitorPanel.qml:948 (onTriggered)
06:48:26.942 playback: playhead.jump 214161 -> 214458 ms (+297) [+305 ms] from MonitorPanel.qml:948 (onTriggered)
06:48:27.255 playback: playhead.jump 214458 -> 214796 ms (+338) [+313 ms] from MonitorPanel.qml:948 (onTriggered)
06:48:27.557 playback: playhead.jump 214796 -> 215082 ms (+286) [+302 ms] from MonitorPanel.qml:948 (onTriggered)
06:48:27.724 playback: playhead is 41 ms AHEAD of the picture (playhead 215082 ms, picture 215041 ms)
06:48:27.845 playback: playhead.jump 215082 -> 215369 ms (+287) [+287 ms] from MonitorPanel.qml:948 (onTriggered)
06:48:28.121 playback: playhead.jump 215369 -> 215661 ms (+292) [+276 ms] from MonitorPanel.qml:948 (onTriggered)
06:48:28.499 playback: playhead.jump 215661 -> 216034 ms (+373) [+376 ms] from MonitorPanel.qml:948 (onTriggered)
06:48:28.780 playback: playhead.jump 216034 -> 216326 ms (+292) [+281 ms] from MonitorPanel.qml:948 (onTriggered)
06:48:28.934 playback: playhead is 35 ms AHEAD of the picture (playhead 216326 ms, picture 216291 ms)
06:48:29.068 playback: playhead.jump 216326 -> 216578 ms (+252) [+287 ms] from MonitorPanel.qml:948 (onTriggered)
06:48:29.388 playback: playhead.jump 216578 -> 216875 ms (+297) [+320 ms] from MonitorPanel.qml:948 (onTriggered)
06:48:29.689 playback: playhead.jump 216875 -> 217210 ms (+335) [+301 ms] from MonitorPanel.qml:948 (onTriggered)
06:48:29.970 playback: playhead.jump 217210 -> 217497 ms (+287) [+280 ms] from MonitorPanel.qml:948 (onTriggered)
06:48:30.220 playback: playhead is 39 ms AHEAD of the picture (playhead 217497 ms, picture 217458 ms)
06:48:30.354 playback: playhead.jump 217497 -> 217868 ms (+371) [+383 ms] from MonitorPanel.qml:948 (onTriggered)
06:48:30.631 playback: playhead.jump 217868 -> 218163 ms (+295) [+276 ms] from MonitorPanel.qml:948 (onTriggered)
06:48:30.899 playback: playhead.jump 218163 -> 218410 ms (+247) [+267 ms] from MonitorPanel.qml:948 (onTriggered)
06:48:31.177 playback: playhead.jump 218410 -> 218706 ms (+296) [+278 ms] from MonitorPanel.qml:948 (onTriggered)
06:48:31.326 playback: playhead is 40 ms AHEAD of the picture (playhead 218706 ms, picture 218666 ms)
06:48:31.464 playback: playhead.jump 218706 -> 218995 ms (+289) [+286 ms] from MonitorPanel.qml:948 (onTriggered)
06:48:31.839 playback: playhead.jump 218995 -> 219367 ms (+372) [+376 ms] from MonitorPanel.qml:948 (onTriggered)
06:48:32.110 playback: playhead.jump 219367 -> 219622 ms (+255) [+270 ms] from MonitorPanel.qml:948 (onTriggered)
06:48:32.388 playback: playhead.jump 219622 -> 219908 ms (+286) [+277 ms] from MonitorPanel.qml:948 (onTriggered)
06:48:32.541 playback: playhead is 33 ms AHEAD of the picture (playhead 219908 ms, picture 219875 ms)
06:48:32.675 playback: playhead.jump 219908 -> 220204 ms (+296) [+287 ms] from MonitorPanel.qml:948 (onTriggered)
06:48:33.052 playback: playhead.jump 220204 -> 220578 ms (+374) [+377 ms] from MonitorPanel.qml:948 (onTriggered)
06:48:33.321 playback: playhead.jump 220578 -> 220869 ms (+291) [+269 ms] from MonitorPanel.qml:948 (onTriggered)
06:48:33.633 playback: playhead.jump 220869 -> 221141 ms (+272) [+310 ms] from MonitorPanel.qml:948 (onTriggered)
06:48:33.901 playback: playhead is 58 ms AHEAD of the picture (playhead 221141 ms, picture 221083 ms)
06:48:34.026 playback: playhead.jump 221141 -> 221574 ms (+433) [+392 ms] from MonitorPanel.qml:948 (onTriggered)
06:48:34.343 playback: playhead.jump 221574 -> 221878 ms (+304) [+317 ms] from MonitorPanel.qml:948 (onTriggered)
06:48:34.652 playback: playhead.jump 221878 -> 222169 ms (+291) [+309 ms] from MonitorPanel.qml:948 (onTriggered)
06:48:34.923 playback: playhead.jump 222169 -> 222448 ms (+279) [+270 ms] from MonitorPanel.qml:948 (onTriggered)
06:48:35.074 playback: playhead is 32 ms AHEAD of the picture (playhead 222448 ms, picture 222416 ms)
06:48:35.214 playback: playhead.jump 222448 -> 222750 ms (+302) [+290 ms] from MonitorPanel.qml:948 (onTriggered)
06:48:35.480 playback: playhead.jump 222750 -> 222996 ms (+246) [+266 ms] from MonitorPanel.qml:948 (onTriggered)
06:48:35.885 playback: playhead.jump 222996 -> 223411 ms (+415) [+405 ms] from MonitorPanel.qml:948 (onTriggered)
06:48:36.142 playback: playhead.jump 223411 -> 223660 ms (+249) [+256 ms] from MonitorPanel.qml:948 (onTriggered)
06:48:36.286 playback: playhead is 35 ms AHEAD of the picture (playhead 223660 ms, picture 223625 ms)
06:48:36.410 playback: playhead.jump 223660 -> 223950 ms (+290) [+267 ms] from MonitorPanel.qml:948 (onTriggered)
06:48:36.820 playback: playhead.jump 223950 -> 224284 ms (+334) [+410 ms] from MonitorPanel.qml:948 (onTriggered)
06:48:37.026 GUI thread unresponsive for 426 ms, "stalled somewhere unmarked": "no marked scope"
06:48:37.251 playback: playhead is 118 ms AHEAD of the picture (playhead 224284 ms, picture 224166 ms)
06:48:37.463 playback: playhead.jump 224284 -> 224970 ms (+686) [+643 ms] from MonitorPanel.qml:948 (onTriggered)
06:48:37.695 playback: playhead is 54 ms AHEAD of the picture (playhead 224970 ms, picture 224916 ms)
06:48:37.902 playback: playhead.jump 224970 -> 225429 ms (+459) [+438 ms] from MonitorPanel.qml:948 (onTriggered)
06:48:38.205 playback: playhead.jump 225429 -> 225743 ms (+314) [+302 ms] from MonitorPanel.qml:948 (onTriggered)
06:48:38.494 playback: playhead.jump 225743 -> 226047 ms (+304) [+288 ms] from MonitorPanel.qml:948 (onTriggered)
06:48:38.760 playback: playhead is 47 ms AHEAD of the picture (playhead 226047 ms, picture 226000 ms)
06:48:38.898 playback: playhead.jump 226047 -> 226416 ms (+369) [+404 ms] from MonitorPanel.qml:948 (onTriggered)
06:48:39.168 playback: playhead.jump 226416 -> 226701 ms (+285) [+269 ms] from MonitorPanel.qml:948 (onTriggered)
06:48:39.483 playback: playhead.jump 226701 -> 227002 ms (+301) [+314 ms] from MonitorPanel.qml:948 (onTriggered)
06:48:39.814 playback: playhead.jump 227002 -> 227351 ms (+349) [+330 ms] from MonitorPanel.qml:948 (onTriggered)
06:48:39.961 playback: playhead is 60 ms AHEAD of the picture (playhead 227351 ms, picture 227291 ms)
06:48:40.109 playback: playhead.jump 227351 -> 227625 ms (+274) [+295 ms] from MonitorPanel.qml:948 (onTriggered)
06:48:40.398 playback: playhead.jump 227625 -> 227922 ms (+297) [+288 ms] from MonitorPanel.qml:948 (onTriggered)
06:48:40.723 playback: playhead.jump 227922 -> 228223 ms (+301) [+325 ms] from MonitorPanel.qml:948 (onTriggered)
06:48:40.963 playback: playhead is 57 ms AHEAD of the picture (playhead 228223 ms, picture 228166 ms)
06:48:41.026 GUI thread unresponsive for 426 ms, "stalled somewhere unmarked": "no marked scope"
06:48:41.174 playback: playhead.jump 228223 -> 228688 ms (+465) [+450 ms] from MonitorPanel.qml:948 (onTriggered)
06:48:41.447 playback: playhead.jump 228688 -> 228954 ms (+266) [+273 ms] from MonitorPanel.qml:948 (onTriggered)
06:48:41.729 playback: playhead.jump 228954 -> 229248 ms (+294) [+282 ms] from MonitorPanel.qml:948 (onTriggered)
06:48:42.017 playback: playhead.jump 229248 -> 229536 ms (+288) [+287 ms] from MonitorPanel.qml:948 (onTriggered)
06:48:42.157 playback: playhead is 36 ms AHEAD of the picture (playhead 229536 ms, picture 229500 ms)
06:48:42.274 playback: playhead.jump 229536 -> 229824 ms (+288) [+257 ms] from MonitorPanel.qml:948 (onTriggered)
06:48:42.660 playback: playhead.jump 229824 -> 230204 ms (+380) [+385 ms] from MonitorPanel.qml:948 (onTriggered)
06:48:42.994 playback: playhead.jump 230204 -> 230507 ms (+303) [+334 ms] from MonitorPanel.qml:948 (onTriggered)
06:48:43.145 playback: playhead is 91 ms AHEAD of the picture (playhead 230507 ms, picture 230416 ms)
06:48:43.268 playback: playhead.jump 230507 -> 230786 ms (+279) [+273 ms] from MonitorPanel.qml:948 (onTriggered)
06:48:43.422 playback: playhead is 36 ms AHEAD of the picture (playhead 230786 ms, picture 230750 ms)
06:48:43.585 playback: playhead.jump 230786 -> 231134 ms (+348) [+316 ms] from MonitorPanel.qml:948 (onTriggered)
06:48:43.869 playback: playhead.jump 231134 -> 231414 ms (+280) [+284 ms] from MonitorPanel.qml:948 (onTriggered)
06:48:44.174 playback: playhead.jump 231414 -> 231704 ms (+290) [+304 ms] from MonitorPanel.qml:948 (onTriggered)
06:48:44.536 playback: playhead.jump 231704 -> 232076 ms (+372) [+362 ms] from MonitorPanel.qml:948 (onTriggered)
06:48:44.690 playback: playhead is 35 ms AHEAD of the picture (playhead 232076 ms, picture 232041 ms)
06:48:44.823 playback: playhead.jump 232076 -> 232368 ms (+292) [+287 ms] from MonitorPanel.qml:948 (onTriggered)
06:48:45.093 playback: playhead.jump 232368 -> 232617 ms (+249) [+269 ms] from MonitorPanel.qml:948 (onTriggered)
06:48:45.365 playback: playhead.jump 232617 -> 232908 ms (+291) [+272 ms] from MonitorPanel.qml:948 (onTriggered)
06:48:45.628 playback: playhead.jump 232908 -> 233159 ms (+251) [+262 ms] from MonitorPanel.qml:948 (onTriggered)
06:48:45.897 playback: playhead is 34 ms AHEAD of the picture (playhead 233159 ms, picture 233125 ms)
06:48:46.028 playback: playhead.jump 233159 -> 233575 ms (+416) [+399 ms] from MonitorPanel.qml:948 (onTriggered)
06:48:46.356 playback: playhead.jump 233575 -> 233831 ms (+256) [+327 ms] from MonitorPanel.qml:948 (onTriggered)
06:48:46.649 GUI thread unresponsive for 426 ms, "stalled somewhere unmarked": "no marked scope"
06:48:46.871 playback: playhead.jump 233831 -> 234395 ms (+564) [+515 ms] from MonitorPanel.qml:948 (onTriggered)
06:48:47.011 playback: playhead is 104 ms AHEAD of the picture (playhead 234395 ms, picture 234291 ms)
06:48:47.235 playback: playhead.jump 234395 -> 234723 ms (+328) [+363 ms] from MonitorPanel.qml:948 (onTriggered)
06:48:47.521 playback: playhead.jump 234723 -> 235033 ms (+310) [+286 ms] from MonitorPanel.qml:948 (onTriggered)
06:48:47.797 playback: playhead is 33 ms AHEAD of the picture (playhead 235033 ms, picture 235000 ms)
06:48:47.944 playback: playhead.jump 235033 -> 235460 ms (+427) [+423 ms] from MonitorPanel.qml:948 (onTriggered)
06:48:48.253 playback: playhead.jump 235460 -> 235801 ms (+341) [+309 ms] from MonitorPanel.qml:948 (onTriggered)
06:48:48.550 playback: playhead.jump 235801 -> 236080 ms (+279) [+295 ms] from MonitorPanel.qml:948 (onTriggered)
06:48:48.818 playback: playhead.jump 236080 -> 236331 ms (+251) [+268 ms] from MonitorPanel.qml:948 (onTriggered)
06:48:49.011 playback: playhead is 40 ms AHEAD of the picture (playhead 236331 ms, picture 236291 ms)
06:48:49.162 playback: playhead.jump 236331 -> 236669 ms (+338) [+343 ms] from MonitorPanel.qml:948 (onTriggered)
06:48:49.462 GUI thread unresponsive for 412 ms, "stalled somewhere unmarked": "no marked scope"
06:48:49.594 playback: playhead.jump 236669 -> 237118 ms (+449) [+432 ms] from MonitorPanel.qml:948 (onTriggered)
06:48:49.874 playback: playhead.jump 237118 -> 237414 ms (+296) [+279 ms] from MonitorPanel.qml:948 (onTriggered)
06:48:50.032 playback: playhead is 39 ms AHEAD of the picture (playhead 237414 ms, picture 237375 ms)
06:48:50.165 playback: playhead.jump 237414 -> 237702 ms (+288) [+291 ms] from MonitorPanel.qml:948 (onTriggered)
06:48:50.457 playback: playhead.jump 237702 -> 237994 ms (+292) [+292 ms] from MonitorPanel.qml:948 (onTriggered)
06:48:50.736 playback: playhead.jump 237994 -> 238243 ms (+249) [+278 ms] from MonitorPanel.qml:948 (onTriggered)
06:48:51.031 playback: playhead.jump 238243 -> 238579 ms (+336) [+294 ms] from MonitorPanel.qml:948 (onTriggered)
06:48:51.181 playback: playhead is 38 ms AHEAD of the picture (playhead 238579 ms, picture 238541 ms)
06:48:51.311 playback: playhead.jump 238579 -> 238828 ms (+249) [+279 ms] from MonitorPanel.qml:948 (onTriggered)
06:48:51.686 playback: playhead.jump 238828 -> 239202 ms (+374) [+375 ms] from MonitorPanel.qml:948 (onTriggered)
06:48:51.986 playback: playhead.jump 239202 -> 239497 ms (+295) [+299 ms] from MonitorPanel.qml:948 (onTriggered)
06:48:52.241 playback: playhead.jump 239497 -> 239787 ms (+290) [+255 ms] from MonitorPanel.qml:948 (onTriggered)
06:48:52.388 playback: playhead is 37 ms AHEAD of the picture (playhead 239787 ms, picture 239750 ms)
06:48:52.519 playback: playhead.jump 239787 -> 240041 ms (+254) [+277 ms] from MonitorPanel.qml:948 (onTriggered)
06:48:52.826 playback: playhead.jump 240041 -> 240377 ms (+336) [+307 ms] from MonitorPanel.qml:948 (onTriggered)
06:48:53.157 playback: playhead.jump 240377 -> 240667 ms (+290) [+330 ms] from MonitorPanel.qml:948 (onTriggered)
06:48:53.418 playback: playhead is 42 ms AHEAD of the picture (playhead 240667 ms, picture 240625 ms)
06:48:53.593 playback: playhead.jump 240667 -> 241083 ms (+416) [+436 ms] from MonitorPanel.qml:948 (onTriggered)
06:48:53.900 GUI thread unresponsive for 447 ms, "stalled somewhere unmarked": "no marked scope"
06:48:54.091 playback: playhead.jump 241083 -> 241589 ms (+506) [+498 ms] from MonitorPanel.qml:948 (onTriggered)
06:48:54.396 playback: playhead.jump 241589 -> 241911 ms (+322) [+303 ms] from MonitorPanel.qml:948 (onTriggered)
06:48:54.552 playback: playhead is 36 ms AHEAD of the picture (playhead 241911 ms, picture 241875 ms)
06:48:54.681 playback: playhead.jump 241911 -> 242204 ms (+293) [+285 ms] from MonitorPanel.qml:948 (onTriggered)
06:48:54.976 playback: playhead.jump 242204 -> 242497 ms (+293) [+294 ms] from MonitorPanel.qml:948 (onTriggered)
06:48:55.273 GUI thread unresponsive for 413 ms, "stalled somewhere unmarked": "no marked scope"
06:48:55.409 playback: playhead.jump 242497 -> 242953 ms (+456) [+433 ms] from MonitorPanel.qml:948 (onTriggered)
06:48:55.667 playback: playhead.jump 242953 -> 243204 ms (+251) [+257 ms] from MonitorPanel.qml:948 (onTriggered)
06:48:55.812 playback: playhead is 38 ms AHEAD of the picture (playhead 243204 ms, picture 243166 ms)
06:48:55.933 playback: playhead.jump 243204 -> 243454 ms (+250) [+265 ms] from MonitorPanel.qml:948 (onTriggered)
06:48:56.208 playback: playhead.jump 243454 -> 243742 ms (+288) [+274 ms] from MonitorPanel.qml:948 (onTriggered)
06:48:56.494 playback: playhead.jump 243742 -> 244040 ms (+298) [+286 ms] from MonitorPanel.qml:948 (onTriggered)
06:48:56.768 playback: playhead.jump 244040 -> 244284 ms (+244) [+274 ms] from MonitorPanel.qml:948 (onTriggered)
06:48:56.921 playback: playhead is 34 ms AHEAD of the picture (playhead 244284 ms, picture 244250 ms)
06:48:57.063 playback: playhead.jump 244284 -> 244588 ms (+304) [+294 ms] from MonitorPanel.qml:948 (onTriggered)
06:48:57.402 GUI thread unresponsive for 442 ms, "stalled somewhere unmarked": "no marked scope"
06:48:57.620 playback: playhead.jump 244588 -> 245167 ms (+579) [+556 ms] from MonitorPanel.qml:948 (onTriggered)
06:48:57.939 playback: playhead.jump 245167 -> 245453 ms (+286) [+319 ms] from MonitorPanel.qml:948 (onTriggered)
06:48:58.109 playback: playhead is 37 ms AHEAD of the picture (playhead 245453 ms, picture 245416 ms)
06:48:58.250 playback: playhead.jump 245453 -> 245798 ms (+345) [+311 ms] from MonitorPanel.qml:948 (onTriggered)
06:48:58.533 playback: playhead.jump 245798 -> 246084 ms (+286) [+283 ms] from MonitorPanel.qml:948 (onTriggered)
06:48:58.959 playback: playhead.jump 246084 -> 246486 ms (+402) [+425 ms] from MonitorPanel.qml:948 (onTriggered)
06:48:59.242 playback: playhead.jump 246486 -> 246791 ms (+305) [+283 ms] from MonitorPanel.qml:948 (onTriggered)
06:48:59.396 playback: playhead is 41 ms AHEAD of the picture (playhead 246791 ms, picture 246750 ms)
06:48:59.524 playback: playhead.jump 246791 -> 247035 ms (+244) [+282 ms] from MonitorPanel.qml:948 (onTriggered)
06:48:59.815 playback: playhead.jump 247035 -> 247332 ms (+297) [+290 ms] from MonitorPanel.qml:948 (onTriggered)
06:49:00.105 playback: playhead.jump 247332 -> 247624 ms (+292) [+290 ms] from MonitorPanel.qml:948 (onTriggered)
06:49:00.368 playback: playhead.jump 247624 -> 247910 ms (+286) [+263 ms] from MonitorPanel.qml:948 (onTriggered)
06:49:00.529 playback: playhead is 35 ms AHEAD of the picture (playhead 247910 ms, picture 247875 ms)
06:49:00.667 playback: playhead.jump 247910 -> 248208 ms (+298) [+298 ms] from MonitorPanel.qml:948 (onTriggered)
06:49:01.053 playback: playhead.jump 248208 -> 248580 ms (+372) [+387 ms] from MonitorPanel.qml:948 (onTriggered)
06:49:01.352 playback: playhead.jump 248580 -> 248870 ms (+290) [+298 ms] from MonitorPanel.qml:948 (onTriggered)
06:49:01.638 playback: playhead.jump 248870 -> 249166 ms (+296) [+285 ms] from MonitorPanel.qml:948 (onTriggered)
06:49:01.815 playback: playhead is 41 ms AHEAD of the picture (playhead 249166 ms, picture 249125 ms)
06:49:01.953 playback: playhead.jump 249166 -> 249494 ms (+328) [+315 ms] from MonitorPanel.qml:948 (onTriggered)
06:49:02.232 playback: playhead.jump 249494 -> 249747 ms (+253) [+279 ms] from MonitorPanel.qml:948 (onTriggered)
06:49:02.516 playback: playhead.jump 249747 -> 250037 ms (+290) [+282 ms] from MonitorPanel.qml:948 (onTriggered)
06:49:02.820 playback: playhead.jump 250037 -> 250332 ms (+295) [+305 ms] from MonitorPanel.qml:948 (onTriggered)
06:49:03.079 playback: playhead is 41 ms AHEAD of the picture (playhead 250332 ms, picture 250291 ms)
06:49:03.228 playback: playhead.jump 250332 -> 250746 ms (+414) [+406 ms] from MonitorPanel.qml:948 (onTriggered)
06:49:03.512 playback: playhead.jump 250746 -> 251041 ms (+295) [+284 ms] from MonitorPanel.qml:948 (onTriggered)
06:49:03.790 playback: playhead.jump 251041 -> 251327 ms (+286) [+278 ms] from MonitorPanel.qml:948 (onTriggered)
06:49:04.086 playback: playhead.jump 251327 -> 251617 ms (+290) [+295 ms] from MonitorPanel.qml:948 (onTriggered)
06:49:04.232 playback: playhead is 34 ms AHEAD of the picture (playhead 251617 ms, picture 251583 ms)
06:49:04.359 playback: playhead.jump 251617 -> 251869 ms (+252) [+272 ms] from MonitorPanel.qml:948 (onTriggered)
06:49:04.743 playback: playhead.jump 251869 -> 252286 ms (+417) [+384 ms] from MonitorPanel.qml:948 (onTriggered)
06:49:05.028 playback: playhead.jump 252286 -> 252541 ms (+255) [+283 ms] from MonitorPanel.qml:948 (onTriggered)
06:49:05.309 playback: playhead.jump 252541 -> 252829 ms (+288) [+281 ms] from MonitorPanel.qml:948 (onTriggered)
06:49:05.561 playback: playhead is 38 ms AHEAD of the picture (playhead 252829 ms, picture 252791 ms)
06:49:05.726 playback: playhead.jump 252829 -> 253252 ms (+423) [+417 ms] from MonitorPanel.qml:948 (onTriggered)
06:49:06.021 playback: playhead.jump 253252 -> 253536 ms (+284) [+295 ms] from MonitorPanel.qml:948 (onTriggered)
06:49:06.444 playback: playhead.jump 253536 -> 253965 ms (+429) [+423 ms] from MonitorPanel.qml:948 (onTriggered)
06:49:06.665 playback: playhead is 49 ms AHEAD of the picture (playhead 253965 ms, picture 253916 ms)
06:49:06.811 playback: playhead.jump 253965 -> 254336 ms (+371) [+366 ms] from MonitorPanel.qml:948 (onTriggered)
06:49:07.185 playback: playhead.jump 254336 -> 254702 ms (+366) [+373 ms] from MonitorPanel.qml:948 (onTriggered)
06:49:07.461 GUI thread unresponsive for 438 ms, "stalled somewhere unmarked": "no marked scope"
06:49:07.627 playback: playhead.jump 254702 -> 255137 ms (+435) [+442 ms] from MonitorPanel.qml:948 (onTriggered)
06:49:07.870 playback: playhead is 54 ms AHEAD of the picture (playhead 255137 ms, picture 255083 ms)
06:49:07.899 GUI thread unresponsive for 419 ms, "stalled somewhere unmarked": "no marked scope"
06:49:08.038 playback: playhead.jump 255137 -> 255584 ms (+447) [+411 ms] from MonitorPanel.qml:948 (onTriggered)
06:49:08.422 playback: playhead.jump 255584 -> 255948 ms (+364) [+383 ms] from MonitorPanel.qml:948 (onTriggered)
06:49:08.698 playback: playhead.jump 255948 -> 256243 ms (+295) [+275 ms] from MonitorPanel.qml:948 (onTriggered)
06:49:08.957 playback: playhead.jump 256243 -> 256494 ms (+251) [+259 ms] from MonitorPanel.qml:948 (onTriggered)
06:49:09.105 playback: playhead is 36 ms AHEAD of the picture (playhead 256494 ms, picture 256458 ms)
06:49:09.241 playback: playhead.jump 256494 -> 256793 ms (+299) [+283 ms] from MonitorPanel.qml:948 (onTriggered)
06:49:09.587 GUI thread unresponsive for 438 ms, "stalled somewhere unmarked": "no marked scope"
06:49:09.763 playback: playhead.jump 256793 -> 257293 ms (+500) [+522 ms] from MonitorPanel.qml:948 (onTriggered)
06:49:10.067 playback: playhead.jump 257293 -> 257584 ms (+291) [+303 ms] from MonitorPanel.qml:948 (onTriggered)
06:49:10.234 playback: playhead is 43 ms AHEAD of the picture (playhead 257584 ms, picture 257541 ms)
06:49:10.383 playback: playhead.jump 257584 -> 257929 ms (+345) [+315 ms] from MonitorPanel.qml:948 (onTriggered)
06:49:10.687 playback: playhead.jump 257929 -> 258203 ms (+274) [+304 ms] from MonitorPanel.qml:948 (onTriggered)
06:49:10.947 playback: playhead.jump 258203 -> 258496 ms (+293) [+259 ms] from MonitorPanel.qml:948 (onTriggered)
06:49:11.287 playback: playhead.jump 258496 -> 258822 ms (+326) [+339 ms] from MonitorPanel.qml:948 (onTriggered)
06:49:11.534 playback: playhead is 31 ms AHEAD of the picture (playhead 258822 ms, picture 258791 ms)
06:49:11.663 playback: playhead.jump 258822 -> 259201 ms (+379) [+375 ms] from MonitorPanel.qml:948 (onTriggered)
06:49:11.951 playback: playhead.jump 259201 -> 259497 ms (+296) [+288 ms] from MonitorPanel.qml:948 (onTriggered)
06:49:12.217 playback: playhead.jump 259497 -> 259741 ms (+244) [+265 ms] from MonitorPanel.qml:948 (onTriggered)
06:49:12.480 playback: playhead.jump 259741 -> 259991 ms (+250) [+263 ms] from MonitorPanel.qml:948 (onTriggered)
06:49:12.644 playback: playhead is 33 ms AHEAD of the picture (playhead 259991 ms, picture 259958 ms)
06:49:12.786 playback: playhead.jump 259991 -> 260298 ms (+307) [+305 ms] from MonitorPanel.qml:948 (onTriggered)
06:49:13.061 playback: playhead.jump 260298 -> 260578 ms (+280) [+274 ms] from MonitorPanel.qml:948 (onTriggered)
06:49:13.401 GUI thread unresponsive for 434 ms, "stalled somewhere unmarked": "no marked scope"
06:49:13.693 playback: playhead.jump 260578 -> 261215 ms (+637) [+632 ms] from MonitorPanel.qml:948 (onTriggered)
06:49:13.963 GUI thread unresponsive for 409 ms, "stalled somewhere unmarked": "no marked scope"
06:49:14.001 playback: playhead is 49 ms AHEAD of the picture (playhead 261215 ms, picture 261166 ms)
06:49:14.197 playback: playhead.jump 261215 -> 261721 ms (+506) [+504 ms] from MonitorPanel.qml:948 (onTriggered)
06:49:14.505 playback: playhead.jump 261721 -> 262041 ms (+320) [+308 ms] from MonitorPanel.qml:948 (onTriggered)
06:49:14.920 playback: playhead.jump 262041 -> 262459 ms (+418) [+414 ms] from MonitorPanel.qml:948 (onTriggered)
06:49:15.069 playback: playhead is 43 ms AHEAD of the picture (playhead 262459 ms, picture 262416 ms)
06:49:15.209 playback: playhead.jump 262459 -> 262746 ms (+287) [+290 ms] from MonitorPanel.qml:948 (onTriggered)
06:49:15.487 playback: playhead.jump 262746 -> 262995 ms (+249) [+277 ms] from MonitorPanel.qml:948 (onTriggered)
06:49:15.786 playback: playhead.jump 262995 -> 263328 ms (+333) [+299 ms] from MonitorPanel.qml:948 (onTriggered)
06:49:16.075 playback: playhead.jump 263328 -> 263617 ms (+289) [+289 ms] from MonitorPanel.qml:948 (onTriggered)
06:49:16.341 playback: playhead is 34 ms AHEAD of the picture (playhead 263617 ms, picture 263583 ms)
06:49:16.476 playback: playhead.jump 263617 -> 263992 ms (+375) [+400 ms] from MonitorPanel.qml:948 (onTriggered)
06:49:16.752 playback: playhead.jump 263992 -> 264287 ms (+295) [+275 ms] from MonitorPanel.qml:948 (onTriggered)
06:49:17.035 playback: playhead.jump 264287 -> 264576 ms (+289) [+283 ms] from MonitorPanel.qml:948 (onTriggered)
06:49:17.379 playback: playhead.jump 264576 -> 264884 ms (+308) [+343 ms] from MonitorPanel.qml:948 (onTriggered)
06:49:17.639 playback: playhead is 51 ms AHEAD of the picture (playhead 264884 ms, picture 264833 ms)
06:49:17.899 playback: playhead.jump 264884 -> 265380 ms (+496) [+519 ms] from MonitorPanel.qml:948 (onTriggered)
06:49:18.150 GUI thread unresponsive for 461 ms, "stalled somewhere unmarked": "no marked scope"
06:49:18.425 playback: playhead.jump 265380 -> 265942 ms (+562) [+525 ms] from MonitorPanel.qml:948 (onTriggered)
06:49:18.695 playback: playhead.jump 265942 -> 266244 ms (+302) [+271 ms] from MonitorPanel.qml:948 (onTriggered)
06:49:18.841 playback: playhead is 36 ms AHEAD of the picture (playhead 266244 ms, picture 266208 ms)
06:49:18.988 playback: playhead.jump 266244 -> 266495 ms (+251) [+292 ms] from MonitorPanel.qml:948 (onTriggered)
06:49:19.357 playback: playhead.jump 266495 -> 266879 ms (+384) [+368 ms] from MonitorPanel.qml:948 (onTriggered)
06:49:19.650 GUI thread unresponsive for 428 ms, "stalled somewhere unmarked": "no marked scope"
06:49:19.766 playback: playhead.jump 266879 -> 267287 ms (+408) [+408 ms] from MonitorPanel.qml:948 (onTriggered)
06:49:20.056 playback: playhead is 37 ms AHEAD of the picture (playhead 267287 ms, picture 267250 ms)
06:49:20.231 playback: playhead.jump 267287 -> 267752 ms (+465) [+465 ms] from MonitorPanel.qml:948 (onTriggered)
06:49:20.521 playback: playhead.jump 267752 -> 268034 ms (+282) [+289 ms] from MonitorPanel.qml:948 (onTriggered)
06:49:20.816 playback: playhead.jump 268034 -> 268330 ms (+296) [+294 ms] from MonitorPanel.qml:948 (onTriggered)
06:49:21.112 playback: playhead.jump 268330 -> 268661 ms (+331) [+295 ms] from MonitorPanel.qml:948 (onTriggered)
06:49:21.277 playback: playhead is 36 ms AHEAD of the picture (playhead 268661 ms, picture 268625 ms)
06:49:21.406 playback: playhead.jump 268661 -> 268948 ms (+287) [+294 ms] from MonitorPanel.qml:948 (onTriggered)
06:49:21.821 playback: playhead.jump 268948 -> 269368 ms (+420) [+415 ms] from MonitorPanel.qml:948 (onTriggered)
06:49:22.104 playback: playhead.jump 269368 -> 269617 ms (+249) [+282 ms] from MonitorPanel.qml:948 (onTriggered)
06:49:22.371 playback: playhead.jump 269617 -> 269910 ms (+293) [+268 ms] from MonitorPanel.qml:948 (onTriggered)
06:49:22.525 playback: playhead is 35 ms AHEAD of the picture (playhead 269910 ms, picture 269875 ms)
06:49:22.643 playback: playhead.jump 269910 -> 270199 ms (+289) [+271 ms] from MonitorPanel.qml:948 (onTriggered)
06:49:23.017 playback: playhead.jump 270199 -> 270535 ms (+336) [+373 ms] from MonitorPanel.qml:948 (onTriggered)
06:49:23.415 playback: playhead.jump 270535 -> 270949 ms (+414) [+398 ms] from MonitorPanel.qml:948 (onTriggered)
06:49:23.574 playback: playhead is 33 ms AHEAD of the picture (playhead 270949 ms, picture 270916 ms)
06:49:23.697 playback: playhead.jump 270949 -> 271242 ms (+293) [+281 ms] from MonitorPanel.qml:948 (onTriggered)
06:49:23.972 playback: playhead.jump 271242 -> 271497 ms (+255) [+274 ms] from MonitorPanel.qml:948 (onTriggered)
06:49:24.254 playback: playhead.jump 271497 -> 271788 ms (+291) [+281 ms] from MonitorPanel.qml:948 (onTriggered)
06:49:24.535 playback: playhead.jump 271788 -> 272076 ms (+288) [+280 ms] from MonitorPanel.qml:948 (onTriggered)
06:49:24.860 playback: playhead is 35 ms AHEAD of the picture (playhead 272076 ms, picture 272041 ms)
06:49:24.901 GUI thread unresponsive for 451 ms, "stalled somewhere unmarked": "no marked scope"
06:49:25.018 playback: playhead.jump 272076 -> 272540 ms (+464) [+483 ms] from MonitorPanel.qml:948 (onTriggered)
06:49:25.295 playback: playhead.jump 272540 -> 272825 ms (+285) [+276 ms] from MonitorPanel.qml:948 (onTriggered)
06:49:25.554 playback: playhead.jump 272825 -> 273073 ms (+248) [+259 ms] from MonitorPanel.qml:948 (onTriggered)
06:49:25.809 playback: playhead.jump 273073 -> 273324 ms (+251) [+254 ms] from MonitorPanel.qml:948 (onTriggered)
06:49:26.062 playback: playhead is 33 ms AHEAD of the picture (playhead 273324 ms, picture 273291 ms)
06:49:26.198 playback: playhead.jump 273324 -> 273743 ms (+419) [+389 ms] from MonitorPanel.qml:948 (onTriggered)
06:49:26.479 playback: playhead.jump 273743 -> 273995 ms (+252) [+280 ms] from MonitorPanel.qml:948 (onTriggered)
06:49:26.743 playback: playhead.jump 273995 -> 274282 ms (+287) [+263 ms] from MonitorPanel.qml:948 (onTriggered)
06:49:26.989 playback: playhead.jump 274282 -> 274532 ms (+250) [+245 ms] from MonitorPanel.qml:948 (onTriggered)
06:49:27.116 playback: playhead is 32 ms AHEAD of the picture (playhead 274532 ms, picture 274500 ms)
06:49:27.223 playback: playhead.jump 274532 -> 274739 ms (+207) [+234 ms] from MonitorPanel.qml:948 (onTriggered)
06:49:27.467 playback: playhead.jump 274739 -> 274990 ms (+251) [+244 ms] from MonitorPanel.qml:948 (onTriggered)
06:49:27.645 playback: playing true -> false at playhead 274990 ms [+178 ms] from MonitorPanel.qml:1887 (onClicked)
06:49:27.646 monitor: playing -> false at 274990
06:49:27.646 playback: session.stop decoder running, picture at 275208 ms [+0 ms] from MonitorPanel.qml:1006 (onPlayingChanged) <- MonitorPanel.qml:1887 (onClicked)
06:49:27.850 GUI thread unresponsive for 457 ms, "stalled somewhere unmarked": "no marked scope"
06:49:29.762 playback: session.stop decoder idle, picture at 275208 ms [+2115 ms] from MonitorPanel.qml:1079 (onDestruction)
06:49:43.063 QWaitCondition: Destroyed while threads are still waiting
